DRGID,DRG编码,DRG名称,主要诊断,主要操作,权重,标杆费用（元）,标杆费用70%（元）,标杆费用140%（元）,标杆住院日（天）
1,RN15,恶性及增生性疾病的化学治疗和/或其他治疗，不伴严重合并症或并发症,"Z51.101 手术前恶性肿瘤化学治疗
Z51.102 手术后恶性肿瘤化学治疗
Z51.103 恶性肿瘤维持性化学治疗
Z51.104 姑息性化疗","99.2500x036 椎管内注射化疗药物
99.2500x038 皮下注射化疗药物
99.2502 动脉注射化疗药物
99.2503 静脉注射化疗药物
99.2504 肌肉注射化疗药物
99.2505 化疗药物灌注
99.2800x005 静脉注射抗肿瘤免疫制剂治疗
99.2800x006 分子靶向治疗
99.2801 抗肿瘤免疫治疗",0.55,5337.02,,,4
2,ES35,"呼吸系统感染/炎症,不伴合并症或并发症","J10.000 流行性感冒伴有肺炎，季节性流感病毒
J10.000x001 已知病毒的流感性肺炎
J10.001 甲型H1N1流行性感冒性肺炎
J12.000 腺病毒肺炎
J12.100 呼吸道合胞体病毒肺炎
J12.800 病毒性肺炎，其他的
J12.900 病毒性肺炎
J13.x00 链球菌性肺炎
J14.x00 流感嗜血杆菌性肺炎
J15.000x002 克雷伯杆菌肺炎
J15.101 铜绿假单胞菌性肺炎
J15.200 葡萄球菌性肺炎
J15.400 链球菌性肺炎，其他的
J15.402 肠球菌属性肺炎
J15.500 大肠杆菌性肺炎
J15.600x002 革兰阴性细菌性肺炎
J15.600x003 粘质沙雷菌性肺炎
J15.600x005 鲍曼不动杆菌性肺炎
J15.601 变形杆菌性肺炎
J15.700 肺炎支原体性肺炎
J15.800x001 革兰阳性细菌性肺炎
J15.900 细菌性肺炎
J15.901 细菌性支气管肺炎
J15.902 社区获得性肺炎，非重症
J15.903 社区获得性肺炎，重症
J16.000 衣原体肺炎
J18.000 支气管肺炎
J18.100 大叶性肺炎
J18.200 坠积性肺炎
J18.800x001 多重感染的肺炎
J18.800x012 免疫抑制宿主性肺炎
J18.801 肺泡性肺炎
J18.802 医院获得性肺炎
J18.803 阻塞性肺炎
J18.900 肺炎
J18.903 重症肺炎
J85.001 肺坏死
J85.100 肺脓肿伴有肺炎
J85.300 纵隔脓肿
J86.902 包裹性脓胸
J86.903 脓气胸
J98.414 肺部感染
J98.502 纵隔感染","/
00.6800x001 肢体动脉血管内压力测量
03.3101 腰椎穿刺术
06.1101 超声引导下经皮甲状腺活组织检查术
17.91110 头针治疗
17.91210 耳针治疗
17.912A0 电针治疗
17.91330 悬灸治疗
17.95420 中药熏药治疗
17.98410 直肠滴注治疗
27.2300 唇活组织检查
29.1100x002 纤维鼻咽镜检查
31.4200x003 纤维喉镜检查
31.4201 喉镜检查
33.2200x003 纤维支气管镜检查
33.2302 电子支气管镜检查
33.2400x001 支气管镜下支气管活检
33.2400x002 支气管镜下诊断性支气管肺泡灌洗[BAL]
33.2403 纤维支气管镜检查伴肺泡灌洗术
33.2405 气管镜刷检术
33.2600x001 肺穿刺活检
33.2600x002 经皮针吸肺活检
33.2702 超声支气管镜下肺活组织检查
33.9302 肺穿刺引流术
34.0101 胸壁切开引流术
34.0401 胸腔闭式引流术
34.9101 胸腔穿刺抽液术
34.9103 超声引导下胸腔穿刺术
34.9104 CT引导下胸腔穿刺术
37.0x00x002 心包穿刺引流术
38.9100 动脉导管插入术
38.9301 经外周静脉穿刺中心静脉置管术
38.9302 颈内静脉穿刺中心静脉置管术
38.9303 锁骨下静脉穿刺中心静脉置管术
38.9304 股静脉穿刺置管术
38.9800x001 动脉穿刺术
40.1100x007 超声内镜下纵隔淋巴结细针穿刺活检(FNA)
41.3100 骨髓活组织检查
44.1300x001 胃镜检查
44.1401 胃镜下活组织检查
45.1300x004 胃-十二指肠镜检查
45.1600x001 胃十二指肠镜下活检
45.2302 电子结肠镜检查
45.2501 结肠镜下大肠活组织检查
48.2401 直肠乙状结肠镜下直肠活组织检查
54.9101 腹腔穿刺引流术
57.9400 留置导尿管的置入术
60.1100x002 超声引导下前列腺穿刺活检
86.0400x011 皮肤和皮下组织切开引流术
86.0600x004 药物治疗泵置入
86.1100 皮肤和皮下组织的活组织检查
86.2800x012 皮肤和皮下组织非切除性清创
89.1301 脑干听觉诱发电位
89.1400 脑电图
89.1900x001 视频脑电图监测
89.3701 肺功能测定
89.3702 肺功能康复评定
89.5001 24小时动态心电图
89.5400 心电监测
89.6500x002 动脉血气分析
89.6700 心脏排出量监测，用氧耗技术
93.1800 呼吸训练
93.3908 中药贴敷
93.4201 颈椎牵引术
93.5402 石膏托固定术
95.0400 麻醉下眼检查
96.0800x005 鼻十二指肠营养管置入术
96.4901 膀胱灌注
99.0301 输血
99.0401 红细胞输入
99.0500 输入血小板
99.8300x005 蓝光照射治疗
99.8301 新生儿蓝光治疗",0.38,3637.27,,,6
3,FW19,动脉疾病,"E11.501+I79.2* 2型糖尿病性周围血管病变
I27.200x012 肺动脉高压
I27.200x022 重度肺动脉高压
I28.801 肺动脉扩张
I70.000x003 主动脉硬化
I70.000x006 主动脉弓粥样硬化
I70.000x007 胸主动脉粥样硬化
I70.000x010 主动脉弓钙化
I70.001 主动脉钙化
I70.203 下肢动脉粥样硬化
I70.204 下肢动脉硬化闭塞症
I70.213 下肢动脉粥样硬化伴坏疽
I70.214 下肢动脉硬化闭塞症伴坏疽
I70.217 趾动脉粥样硬化性坏疽
I70.804 锁骨下动脉粥样硬化
I71.000x002 主动脉夹层
I71.000x003 主动脉壁内血肿
I71.000x005 主动脉弓壁内血肿
I71.000x008 胸腹主动脉壁内血肿
I71.000x011 主动脉夹层A型
I71.000x021 主动脉夹层B型
I71.000x029 胸腹主动脉夹层
I71.003 升主动脉夹层
I71.004 腹主动脉夹层
I71.007 胸主动脉夹层
I71.201 升主动脉瘤
I71.203 升主动脉扩张
I71.204 主动脉弓动脉瘤
I71.401 腹主动脉假性动脉瘤
I71.402 腹主动脉扩张
I71.600x004 胸腹主动脉假性动脉瘤
I71.901 主动脉扩张
I71.902 降主动脉瘤
I72.300x003 髂动脉夹层
I72.300x006 髂动脉瘤
I72.300x013 髂总动脉夹层
I72.404 股动脉假性动脉瘤
I72.800x023 锁骨下动脉夹层
I72.800x051 腹腔干动脉瘤
I72.800x093 脾动脉夹层
I72.901 假性动脉瘤
I73.100 血栓闭塞性血管炎［伯格］
I73.803 下肢缺血
I74.002 腹主动脉血栓形成
I74.200x006 桡动脉闭塞
I74.300x030 下肢动脉闭塞
I74.300x232 胫前动脉闭塞
I74.300x233 胫后动脉闭塞
I74.301 下肢动脉栓塞
I74.302 下肢动脉血栓形成
I74.305 股动脉闭塞
I74.503 髂内动脉闭塞
I74.806 腹腔动脉栓塞
I77.100x004 髂动脉狭窄
I77.100x012 降主动脉狭窄
I77.102 锁骨下动脉狭窄
I77.104 无名动脉狭窄
I77.112 腹主动脉狭窄
I77.113 主动脉弓狭窄
I77.114 腹腔干动脉狭窄
I77.129 下肢动脉狭窄
I77.600x001 大动脉炎
I77.600x004 多发性大动脉炎
I77.600x016 中枢神经系统血管炎
I77.603 血管炎
I77.800x022 胸主动脉溃疡
I77.800x024 胸腹主动脉溃疡
I77.801 动脉溃疡
I77.802 腹主动脉溃疡
I77.803 主动脉溃疡
M31.600 巨细胞动脉炎，其他的
M31.804 系统性血管炎
Q28.800x007 支气管动脉畸形
S35.200x006 肠系膜上动脉损伤
T82.800x405 髂动脉支架内再狭窄
T82.806 腹主动脉支架内血栓形成","/
03.3101 腰椎穿刺术
03.9102 脊神经根阻滞术
04.8101 周围神经阻滞术
04.8104 肋间神经阻滞术
06.1101 超声引导下经皮甲状腺活组织检查术
10.9100 结膜下注射
16.2100x001 眼底检查
17.912A0 电针治疗
17.91330 悬灸治疗
24.0x02 牙龈切开引流术
27.2300 唇活组织检查
29.1100 咽镜检查
29.1100x002 纤维鼻咽镜检查
31.4200x003 纤维喉镜检查
31.4201 喉镜检查
33.2400x002 支气管镜下诊断性支气管肺泡灌洗[BAL]
33.2403 纤维支气管镜检查伴肺泡灌洗术
33.2600x002 经皮针吸肺活检
34.9101 胸腔穿刺抽液术
38.9100 动脉导管插入术
38.9303 锁骨下静脉穿刺中心静脉置管术
38.9502 为肾透析的临时静脉插管术
40.1101 颈淋巴结活组织检查
41.3100 骨髓活组织检查
44.1300x001 胃镜检查
45.1300x004 胃-十二指肠镜检查
45.1600x001 胃十二指肠镜下活检
45.2302 电子结肠镜检查
45.2501 结肠镜下大肠活组织检查
57.9400 留置导尿管的置入术
85.1100x001 乳房穿刺活检
86.0400x011 皮肤和皮下组织切开引流术
86.1100 皮肤和皮下组织的活组织检查
86.2800x012 皮肤和皮下组织非切除性清创
87.4103 冠状动脉CT血管显像
88.9000x001 眼光学相干断层扫描(OCT)
89.6700 心脏排出量监测，用氧耗技术
93.3525 超声波联合治疗
95.1201 眼荧光素血管造影
96.5100 眼冲洗术
99.1900 注射凝血药
99.2400x001 肾上腺皮质激素类药物注射",0.77,7431.3,,,7
4,GG19,肛管、肛门及肛周手术,"D12.900x001 肛门良性肿瘤
D12.901 肛管良性肿瘤
K60.100 慢性肛裂
K60.200 肛裂
K60.300 肛瘘
K60.301 高位肛瘘
K60.302 低位肛瘘
K60.303 复杂性肛瘘
K61.001 肛周脓肿
K61.101 直肠周围脓肿
K61.200 肛门直肠脓肿
K62.000 肛门息肉
K62.001 肛管息肉
K62.300 直肠脱垂
K62.300x003 直肠黏膜松弛
K62.301 直肠黏膜脱垂
K62.401 肛门狭窄
K62.501 肛门出血
K62.801 肛窦炎
K62.814 肛管炎性肿物
K62.815 肛周炎
K62.816 肛乳头肥大
K62.819 肛门囊肿
K64.401 肛门皮赘
K64.802 出血性内痔
K64.806 血栓性外痔
K64.809 外痔
K64.810 血栓性痔
K64.811 混合痔
K91.824 手术后肛门括约肌失禁
T18.502 直肠内异物","49.0400x008 肛周脓肿根治术
49.0400x009 肛周病损切除术
49.1200 肛门瘘管切除术
49.3901 肛裂切除术
49.3902 肛窦切除术
49.3903 肛裂切开挂线术
49.3905 肛门病损切除术
49.3906 肛乳头切除术
49.3907 肛管病损切除术
49.4500 痔结扎术
49.4600 痔切除术
49.4701 血栓痔剥离术
49.4901 痔上直肠黏膜环形切除吻合术（PPH术）
49.5200x002 肛门后侧括约肌切开术
49.5901 肛管内括约肌切开术
49.5903 肛门括约肌切开术
49.6x01 肛门括约肌切除术
49.7301 肛瘘挂线术
49.7302 肛瘘结扎术
49.7905 经会阴肛门成形术
49.9300x003 肛门扩张术
49.9300x005 肛门狭窄切开术
49.9500x002 手术后肛门出血缝扎止血术",1.03,9968.65,,,7
5,CB59,晶状体手术,"E11.302+H28.0* 2型糖尿病性白内障
E14.300x061+H28.0* 糖尿病性白内障
E88.906+H28.1* 代谢性白内障
H25.900 老年性白内障
H26.100 外伤性白内障
H26.200 并发性白内障
H27.000 无晶状体
H43.900 玻璃体疾患
T85.202 人工晶体移位","13.1901 白内障囊内冷凝摘出术
13.4100x001 白内障超声乳化抽吸术
13.7100x001 白内障摘除伴人工晶体一期置入术
13.7200x001 人工晶体二期置入术
13.8x00x003 人工晶体取出术
13.9000x007 人工晶体缝合术
13.9003 晶状体囊袋张力环植入术",0.69,6635.93,,,1
6,BR23,其他脑缺血性疾病，伴合并症或并发症,"G45.002 椎-基底动脉供血不足
G45.004 后循环缺血
G45.400 短暂性完全性遗忘
G45.800x004 锁骨下盗血综合征伴锁骨下动脉狭窄
G45.801 锁骨下动脉盗血综合征
G45.900 短暂性大脑缺血性发作
I63.801 腔隙性脑梗死
I63.900 脑梗死
I65.000x005 椎动脉迂曲
I65.001 椎动脉狭窄
I65.002 椎动脉闭塞
I65.102 基底动脉狭窄
I65.200x001 颈动脉狭窄
I65.200x015 颈动脉闭塞
I65.201 颈内动脉狭窄
I65.202 颈总动脉狭窄
I65.203 颈内动脉闭塞
I65.204 颈外动脉狭窄
I65.207 颈总动脉闭塞
I65.300x003 双侧入脑前动脉狭窄
I65.800x001 无名动脉斑块
I66.001 大脑中动脉狭窄
I66.002 大脑中动脉闭塞
I66.101 大脑前动脉狭窄
I66.102 大脑前动脉闭塞
I66.201 大脑后动脉闭塞
I66.202 大脑后动脉狭窄
I66.300x013 小脑上动脉狭窄
I66.400x003 双侧大脑动脉狭窄
I66.800x003 后交通动脉狭窄
I66.800x004 后交通动脉闭塞
I66.901 脑动脉狭窄
I67.100x010 颅内多发动脉瘤
I67.100x019 颈内动脉分叉段动脉瘤
I67.100x020 大脑前-前交通动脉瘤
I67.100x021 大脑前动脉近侧段(A1)动脉瘤
I67.100x023 大脑前动脉远侧段(A2-A5)动脉瘤
I67.100x033 大脑后动脉动脉瘤
I67.103 后交通动脉瘤
I67.107 前交通动脉瘤
I67.108 大脑中动脉瘤
I67.110 颅内动脉瘤
I67.200 大脑动脉粥样硬化
I67.200x004 颈动脉硬化
I67.201 动脉硬化性脑病
I67.202 颈内动脉粥样硬化
I67.203 椎动脉粥样硬化
I67.500 烟雾病
I67.601 颅内静脉窦非脓性血栓形成
I67.605 乙状窦非脓性血栓形成
I67.800x003 脑血管供血不足
I67.800x004 缺血性脑血管病
I67.800x005 伴有皮层下梗塞和白质脑病的常染色体显性脑动脉病
I67.803 脑动脉供血不足
I67.805 慢性缺血性脑血管病
I72.000 颈动脉瘤伴夹层
I72.000x013 颈总动脉夹层
I72.000x023 颈内动脉夹层
I72.000x034 颈内动脉海绵窦段动脉瘤
I72.000x035 颈内动脉床突段动脉瘤
I72.000x036 颈内动脉眼动脉段动脉瘤
I72.002 颈内动脉瘤
I72.005 颈动脉夹层
I72.500x001 基底动脉瘤
I72.600x002 椎动脉动脉瘤","/
03.3101 腰椎穿刺术
03.9102 脊神经根阻滞术
04.8101 周围神经阻滞术
04.8102 三叉神经阻滞术
04.8104 肋间神经阻滞术
06.1101 超声引导下经皮甲状腺活组织检查术
17.91110 头针治疗
17.912A0 电针治疗
17.91330 悬灸治疗
17.94100 拔罐治疗
17.95420 中药熏药治疗
18.1100 耳镜检查
24.0x02 牙龈切开引流术
29.1100x002 纤维鼻咽镜检查
31.4200x003 纤维喉镜检查
31.4201 喉镜检查
33.2400x002 支气管镜下诊断性支气管肺泡灌洗[BAL]
33.2403 纤维支气管镜检查伴肺泡灌洗术
34.9101 胸腔穿刺抽液术
38.9100 动脉导管插入术
38.9303 锁骨下静脉穿刺中心静脉置管术
40.1103 腋窝淋巴结活组织检查
44.1301 超声内镜下胃检查
45.1300x004 胃-十二指肠镜检查
45.1301 十二指肠镜检查术
45.1402 内镜下回肠活组织检查
45.1600x001 胃十二指肠镜下活检
45.2302 电子结肠镜检查
45.2501 结肠镜下大肠活组织检查
48.2400x002 直肠活检
54.9101 腹腔穿刺引流术
57.9400 留置导尿管的置入术
86.1100 皮肤和皮下组织的活组织检查
89.1702 多导睡眠呼吸监测
89.5400 心电监测
89.6700 心脏排出量监测，用氧耗技术
93.5401 石膏夹板固定
95.0400 麻醉下眼检查
95.1100 眼底照相术
95.1201 眼荧光素血管造影
95.4601 前庭功能检查",0.77,7447.26,,,8
7,OB15,剖宫产术，不伴严重合并症或并发症,"O10.900x001 妊娠合并原有高血压
O11.x01 慢性高血压并发子痫前期
O12.100 妊娠蛋白尿
O13.x00 妊娠[妊娠引起的]高血压
O14.000x001 轻度先兆子痫
O14.900 子痫前期
O15.001 产前子痫
O23.400 妊娠期泌尿道感染
O23.501 妊娠合并盆腔炎
O23.502 妊娠合并盆腔粘连
O23.506 妊娠期阴道炎
O24.100 妊娠期伴原有的2型糖尿病
O24.100x011 妊娠合并原有2型糖尿病(非胰岛素治疗)
O24.100x021 妊娠合并原有2型糖尿病(胰岛素治疗)
O24.300x001 妊娠合并原有糖尿病
O24.400 妊娠期发生的糖尿病
O24.900 妊娠糖尿病
O26.400 妊娠疱疹
O26.603 妊娠合并肝损害
O26.605 妊娠合并脂肪肝
O26.606 妊娠期肝内胆汁淤积症
O26.803 妊娠合并肾积水
O28.900 孕产妇产前筛查异常所见
O30.000 双胎妊娠
O32.101 臀先露
O32.102 足先露
O32.201 肩先露
O32.202 斜位
O32.601 复合先露
O33.101 骨盆狭窄
O33.102 均小骨盆
O33.301 骨盆出口狭窄
O33.900 为胎盆不称给予的孕产妇医疗
O34.000x011 妊娠合并鞍状子宫
O34.001 妊娠合并单角子宫
O34.004 妊娠合并子宫畸形
O34.005 妊娠合并子宫纵隔
O34.100x001 妊娠合并子宫肌瘤
O34.201 妊娠合并子宫瘢痕
O34.800x005 妊娠合并输卵管系膜囊肿
O34.800x006 妊娠合并卵巢肿瘤
O34.800x011 妊娠合并附件肿物
O34.800x014 妊娠合并卵巢囊肿蒂扭转
O34.800x021 妊娠合并输卵管囊肿
O34.802 妊娠合并卵巢囊肿
O34.807 妊娠合并卵巢子宫内膜异位症
O35.002 胎儿侧脑室增宽
O35.101 胎儿染色体异常
O35.800x003 胎儿畸形
O35.800x009 胎儿肾盂积水
O35.800x030 胎儿单脐动脉
O35.804 胎儿肺畸形
O35.808 胎儿肝占位
O35.819 胎儿心脏畸形
O36.202 镜像综合征
O36.301 慢性混合型胎儿宫内窘迫
O36.302 慢性胎儿宫内窘迫
O36.401 胎死宫内
O36.503 胎儿生长发育迟缓
O36.601 妊娠合并巨大儿
O40.x00 羊水过多
O41.000 羊水过少
O41.000x002 无羊水
O41.104 羊膜炎
O42.000x001 足月胎膜早破(在24小时之内产程开始)
O42.000x002 早产胎膜早破(在24小时之内产程开始)
O42.100x011 足月胎膜早破(在1-7天内产程开始)
O42.100x012 早产胎膜早破(在1-7天内产程开始)
O43.101 帆状胎盘
O43.104 轮状胎盘
O43.105 球拍状胎盘
O43.107 双叶胎盘
O44.000x001 低置胎盘
O44.000x003 前置胎盘
O44.001 边缘性前置胎盘
O44.003 完全性前置胎盘
O44.100 前置胎盘伴有出血
O44.101 边缘性前置胎盘伴出血
O44.102 部分性前置胎盘伴出血
O44.103 完全性前置胎盘伴出血
O45.001 胎盘早剥伴播散性血管内凝血
O45.900 胎盘早期剥离
O61.900 引产失败
O62.406 先兆子宫破裂
O63.001 活跃期停滞
O63.002 活跃期延长
O63.003 潜伏期延长
O63.100 第二期(产程)延长
O64.001 持续性枕横位难产
O64.002 持续性枕后位难产
O64.101 臀先露难产
O64.501 复合先露难产
O65.401 头盆不称难产
O68.003 急性胎心型胎儿宫内窘迫
O69.001 脐带脱垂
O69.002 脐带先露
O69.101 脐带绕颈
O69.200x007 脐带扭转
O69.205 脐带绕身
O69.206 脐带绕手
O69.207 脐带绕腿
O69.400 产程和分娩并发前置血管
O69.804 脐带帆状附着
O71.704 产伤性阴道血肿
O72.001 胎盘粘连伴出血
O72.003 胎盘植入伴出血
O72.100 即刻产后出血，其他的
O72.101 产后即时出血
O73.001 胎盘粘连不伴出血
O73.002 胎盘植入不伴出血
O82.000 经选择性剖宫产术的分娩
O85.x00 产褥期脓毒病
O85.x00x006 产褥期菌血症
O86.201 产褥期泌尿系感染
O91.201 产褥期乳腺炎
O98.302 妊娠合并尖锐湿疣
O98.800 孕产妇其他的传染病和寄生虫病并发于妊娠、分娩和产褥期
O98.800x035 妊娠合并急性胃肠炎
O98.806 妊娠合并霉菌性阴道炎
O98.808 妊娠合并阴道溶血性链球菌感染
O99.000x031 产褥期贫血
O99.004 妊娠合并地中海贫血
O99.005 妊娠合并轻度贫血
O99.008 妊娠合并贫血
O99.100x012 妊娠合并血液和造血器官疾病
O99.101 妊娠合并血小板减少
O99.200x014 产褥期低蛋白血症
O99.205 妊娠合并低钾血症
O99.215 妊娠合并甲状腺功能减退
O99.216 妊娠合并甲状腺功能亢进
O99.218 妊娠合并甲状腺炎
O99.306 妊娠合并癫痫
O99.307 妊娠合并焦虑症
O99.312 妊娠合并精神障碍
O99.400x004 妊娠合并肺动脉高压
O99.400x008 妊娠合并心力衰竭
O99.403 妊娠合并窦性心动过速
O99.418 妊娠合并心律失常
O99.420 妊娠合并心脏病
O99.423 妊娠合并预激综合征
O99.425 妊娠合并风湿性关节炎
O99.500x011 妊娠合并呼吸系统疾病
O99.500x031 产褥期呼吸系统疾病
O99.504 妊娠期合并支气管哮喘
O99.510 妊娠合并上呼吸道感染
O99.600x001 妊娠合并急性阑尾炎
O99.600x011 妊娠合并消化系统疾病
O99.603 妊娠合并急性胃炎
O99.607 妊娠合并肠梗阻
O99.615 妊娠合并胆囊结石
O99.619 妊娠合并急性胰腺炎
O99.620 妊娠合并腹膜囊肿
O99.800x016 妊娠合并垂体瘤
O99.800x019 妊娠合并血管瘤
O99.800x113 妊娠合并高度近视
O99.800x114 妊娠合并视网膜病
O99.800x215 妊娠合并腰椎间盘突出
O99.800x316 妊娠合并输尿管结石
O99.800x412 妊娠合并先天性心脏病
O99.802 妊娠合并恶性肿瘤
O99.805 妊娠合并结缔组织疾病
O99.807 妊娠合并先天性畸形
O99.810 妊娠合并肾结石
O99.811 妊娠合并系统性红斑狼疮
Z37.000x001 单胎活产","74.1x01 剖宫产术，子宫下段横切口
74.1x02 剖宫产术，子宫下段直切口
74.2x00 腹膜外剖宫产",1.07,10338.07,,,5
8,GZ19,其他消化系统疾病,"A18.314+K67.3* 结核性腹膜炎
D12.001 回盲部良性肿瘤
D12.200 升结肠良性肿瘤
D12.300 横结肠良性肿瘤
D12.500 乙状结肠良性肿瘤
D12.600 结肠良性肿瘤
D12.800 直肠良性肿瘤
D13.000 食管良性肿瘤
D13.100 胃良性肿瘤
D13.200 十二指肠良性肿瘤
D17.500x003 肠脂肪瘤
D17.500x004 腹腔脂肪瘤
D17.702 腹膜后脂肪瘤
D18.000x045 食道血管瘤
D36.707 腹腔良性肿瘤
D37.101 胃肿瘤
D37.203 十二指肠肿瘤
D37.401 结肠肿瘤
D37.403 升结肠肿瘤
D37.409 乙状结肠肿瘤
D37.501 直肠肿瘤
D37.503 直肠乙状结肠交界处肿瘤
D37.702 食管肿瘤
D48.301 腹膜后肿瘤
D48.714 腹腔肿瘤
E10.400x370+G99.0* 1型糖尿病性胃轻瘫
I72.800x063 肠系膜动脉夹层
I78.802 胃肠道毛细血管扩张症
I85.901 食管静脉瘤
I86.400x001 胃底静脉曲张
I88.001 急性肠系膜淋巴结炎
K21.900x003 胃食管反流
K22.000x002 贲门失弛缓
K22.300 食管穿孔
K22.600x001 贲门撕裂症
K22.601 食管贲门黏膜撕裂综合征
K22.801 食管隆起性病变
K22.805 食管囊肿
K22.812 食管黏膜不典型增生
K22.813 手术后食管瘘
K22.815 食管黏膜鳞状上皮增生
K30.x00 功能性消化不良
K31.000 急性胃扩张
K31.604 十二指肠瘘
K31.606 手术后胃瘘
K31.701 十二指肠息肉
K31.703 胃息肉
K31.800x806 十二指肠穿孔
K31.811 胃下垂
K31.814 胃穿孔
K31.819 胃潴留
K31.901 胃排空障碍
K31.902 胃肿物
K31.903 十二指肠肿物
K31.904 急性胃黏膜病变
K31.905 胃黏膜病变
K35.200 急性阑尾炎伴有弥漫性腹膜炎
K35.201 急性阑尾炎破裂或穿孔后伴有弥漫性腹膜炎
K35.300 急性阑尾炎伴局限性腹膜炎
K35.301 急性阑尾炎伴腹膜脓肿
K35.800x001 急性阑尾炎
K36.x00x004 阑尾残端炎
K36.x02 慢性阑尾炎
K37.x00 阑尾炎
K40.200x001 双侧腹股沟疝
K40.201 双侧腹股沟斜疝
K40.900x001 腹股沟环松弛
K40.900x002 单侧腹股沟疝
K40.901 腹股沟斜疝
K40.902 腹股沟直疝
K40.906 复发性腹股沟疝
K42.900 脐疝，不伴有梗阻或坏疽
K43.500 造口旁疝，不伴梗阻和坏疽
K44.900x001 膈疝
K44.901 食管裂孔疝
K45.802 闭孔疝
K55.000x005 缺血性结肠炎
K55.000x010 肠系膜上静脉血栓形成
K55.004 肠坏死
K55.006 肠系膜动脉栓塞
K55.009 肠系膜动脉栓塞伴肠坏死
K55.013 大网膜坏死
K55.102 肠系膜上动脉狭窄
K55.105 肠系膜上动脉压迫综合征
K55.201 结肠血管扩张症
K55.300 小肠血管发育不良
K55.900 肠血管疾患
K55.902 缺血性肠病
K57.900x001 肠憩室伴憩室炎
K59.000 便秘
K59.100 功能性腹泻
K59.101 肠道菌群失调
K59.900x001 肠功能紊乱
K59.900x002 结肠功能紊乱
K60.100 慢性肛裂
K60.200 肛裂
K60.300 肛瘘
K60.301 高位肛瘘
K60.303 复杂性肛瘘
K61.001 肛周脓肿
K61.100 直肠脓肿
K61.101 直肠周围脓肿
K61.200 肛门直肠脓肿
K61.300 坐骨直肠窝脓肿
K62.100 直肠息肉
K62.100x002 直肠息肉伴出血
K62.300 直肠脱垂
K62.300x003 直肠黏膜松弛
K62.301 直肠黏膜脱垂
K62.400x002 直肠狭窄
K62.501 肛门出血
K62.600x002 直肠溃疡
K62.700 放射性直肠炎
K62.800x001 出血性直肠炎
K62.800x009 慢性直肠炎
K62.800x012 直肠前突
K62.801 肛窦炎
K62.805 直肠不典型增生
K62.810 直肠囊肿
K62.811 直肠炎
K62.813 肛门括约肌松弛
K62.816 肛乳头肥大
K62.820 肛门痛
K62.903 直肠肿物
K63.108 小肠穿孔
K63.200 肠瘘
K63.201 腹壁肠瘘
K63.205 手术后结肠瘘
K63.210 手术后肠吻合口瘘
K63.308 肠糜烂
K63.500 结肠息肉
K63.500x084 横结肠息肉
K63.503 乙状结肠息肉
K63.504 多发性结肠息肉
K63.810 结肠囊肿
K63.812 结肠黑变病
K63.900x001 结肠肿物
K63.901 回盲部肿物
K63.902 功能性肠病
K64.401 肛门皮赘
K64.802 出血性内痔
K64.805 内痔
K64.806 血栓性外痔
K64.810 血栓性痔
K64.811 混合痔
K64.901 出血性痔
K65.000 急性腹膜炎
K65.005 腹腔脓肿
K65.006 腹膜后脓肿
K65.008 肝周脓肿
K65.009 膈下脓肿
K65.013 男性盆腔脓肿
K65.017 继发性腹膜炎
K65.800x001 肠系膜炎
K65.807 嗜酸性粒细胞性腹膜炎
K65.900 腹膜炎
K65.901 局限性腹膜炎
K65.902 自发性腹膜炎
K65.903 腹腔感染
K65.904 腹膜后感染
K65.905 大网膜炎
K66.002 肠粘连
K66.100 腹腔积血
K66.102 腹膜后血肿
K66.103 肠系膜出血
K66.901 腹膜后肿物
K90.402 蛋白丢失性胃肠病
K91.305 直肠吻合口狭窄
K91.405 结肠造口脱垂
K91.800x602 手术后造瘘口狭窄
K91.803 肠代食管吻合口狭窄
K91.808 结肠吻合口炎
K91.810 食管胃吻合口瘘
K91.811 食管胃吻合口炎
K91.814 食管空肠吻合口炎
K91.820 手术后肠粘连
K91.828 手术后胃排空障碍
K91.830 手术后胃瘫综合征
K92.901 胃肠功能紊乱
M32.112+K93.8* 狼疮性胃肠道损害
Q40.209 食管胃黏膜异位
Q43.301 先天性肠旋转不良
Q43.812 先天性长结肠
R14.x00x006 腹胀
R19.400 大便习惯改变
R58.x01 腹腔内出血
R93.300x003 结肠占位性病变
R93.303 胃占位性病变
S36.405 十二指肠损伤
S36.500x031 降结肠损伤
S36.803 创伤性腹膜后血肿
T18.100 食管内异物
T18.200 胃内异物
T18.300 小肠内异物
T18.301 十二指肠异物
T18.801 多发性消化道异物
T28.701 胃化学性烧伤","/
04.8101 周围神经阻滞术
17.91110 头针治疗
17.912A0 电针治疗
17.91330 悬灸治疗
17.95420 中药熏药治疗
17.98124 高位复杂肛瘘挂线治疗
17.98211 内痔硬化剂注射治疗
17.98320 内痔套扎治疗
17.98410 直肠滴注治疗
29.1100x002 纤维鼻咽镜检查
31.4200x003 纤维喉镜检查
31.4201 喉镜检查
34.9101 胸腔穿刺抽液术
34.9103 超声引导下胸腔穿刺术
38.9100 动脉导管插入术
38.9301 经外周静脉穿刺中心静脉置管术
38.9304 股静脉穿刺置管术
38.9800x001 动脉穿刺术
40.1103 腋窝淋巴结活组织检查
41.3100 骨髓活组织检查
41.3800x001 骨髓穿刺术
42.2300x001 食管镜检查
42.2300x002 超声内镜下食管检查
42.2400x001 食管镜下活检
42.2400x003 超声内镜下食管细针穿刺活检(FNA)
42.2900 食管的其他诊断性操作
44.1300x001 胃镜检查
44.1301 超声内镜下胃检查
44.1401 胃镜下活组织检查
44.1402 超声内镜下胃活组织检查
45.1300x004 胃-十二指肠镜检查
45.1300x006 超声内镜下十二指肠检查
45.1301 十二指肠镜检查术
45.1600x001 胃十二指肠镜下活检
45.2302 电子结肠镜检查
45.2303 超声结肠镜检查
45.2501 结肠镜下大肠活组织检查
48.2400x002 直肠活检
48.2401 直肠乙状结肠镜下直肠活组织检查
48.3502x001 经肛三叶肛门镜直肠病损切除术
48.8101 直肠周围脓肿切开引流术
49.0100x004 肛周脓肿切开引流术
49.3900x016 肛门皮肤和皮下组织非切除性清创
52.1900x001 超声内镜下胰腺检查
54.0x00x018 腹膜后脓肿切开引流术
54.2200x004 腹壁穿刺活检
54.2400x006 盆腔病损穿刺活检
54.2401 经皮腹腔肿物活组织检查
54.9100x009 超声引导下盆腔穿刺术
54.9101 腹腔穿刺引流术
54.9105 腹腔穿刺术
57.9400 留置导尿管的置入术
60.1100x002 超声引导下前列腺穿刺活检
86.1100 皮肤和皮下组织的活组织检查
88.7400x001 食管超声检查
88.7400x002 胃超声检查
89.3200 食管压力测定
89.3903 食管内24小时PH监测
96.0700x001 胃插管减压
96.0800x005 鼻十二指肠营养管置入术
96.0800x006 经鼻肠营养管置入术
98.0201 食管镜食管异物取出术
99.0301 输血
99.8500x003 热疗(用于癌症)",0.58,5595.3,,,5
9,FM55,经皮心导管检查操作，不伴合并症或并发症,"D48.712 心脏肿瘤
E11.501+I79.2* 2型糖尿病性周围血管病变
I05.200 二尖瓣狭窄伴有关闭不全
I05.200x001 风湿性二尖瓣狭窄伴关闭不全
I08.102 二尖瓣狭窄关闭不全伴三尖瓣关闭不全
I08.301 二尖瓣狭窄关闭不全伴主动脉瓣及三尖瓣关闭不全
I10.x05 高血压3级
I10.x14 高血压亚急症
I11.002 高血压心脏病伴心力衰竭
I11.901 高血压性心脏病
I20.000 不稳定型心绞痛
I20.101 变异型心绞痛
I20.102 冠状动脉痉挛
I20.800x007 微血管性心绞痛
I20.801 稳定型心绞痛
I20.803 劳力性心绞痛
I20.808 冠状动脉慢血流综合征
I20.900 心绞痛
I21.001 急性前壁心肌梗死
I21.004 急性广泛前壁心肌梗死
I21.103 急性下壁心肌梗死
I21.200x014 急性侧壁正后壁心肌梗死
I21.204 急性高侧壁心肌梗死
I21.300x004 急性ST段抬高型心肌梗死
I21.401 急性非ST段抬高型心肌梗死
I21.900 急性心肌梗死
I24.800x007 急性非ST段抬高型急性冠脉综合征
I25.100x003 冠状动脉狭窄
I25.102 冠状动脉粥样硬化
I25.103 冠状动脉粥样硬化性心脏病
I25.301 心室壁瘤
I25.400 冠状动脉动脉瘤
I25.500 缺血性心肌病
I25.800x003 慢性冠状动脉供血不足
I25.800x010 冠状动脉支架植入术后再狭窄
I25.900 慢性缺血性心脏病
I26.900x001 肺栓塞
I26.900x010 急性肺栓塞
I27.200x012 肺动脉高压
I27.200x018 疾病相关性肺动脉高压
I27.200x021 中度肺动脉高压
I27.200x022 重度肺动脉高压
I27.202 慢性血栓栓塞性肺动脉高压症
I27.801 艾森门格综合征
I27.900 肺源性心脏病
I30.900 急性心包炎
I34.000 二尖瓣关闭不全
I34.102 二尖瓣后叶脱垂
I34.801 非风湿性二尖瓣狭窄伴关闭不全
I35.100 主动脉瓣关闭不全
I36.100 非风湿性三尖瓣关闭不全
I36.800x002 三尖瓣脱垂
I38.x01 心脏瓣膜病
I40.000x005 暴发性心肌炎
I40.001 病毒性心肌炎
I40.900 急性心肌炎
I42.001 扩张型心肌病（充血型心肌病）
I42.100 梗阻性肥厚型心肌病
I42.200x002 肥厚型心肌病
I42.201 心尖肥厚型心肌病
I44.100 Ⅱ度房室传导阻滞
I44.200 Ⅲ度房室传导阻滞
I44.201 高度房室传导阻滞
I45.600x003 间歇性预激综合征
I45.600x005 B型预激综合征
I47.101 房性心动过速
I47.102 阵发性室上性心动过速
I47.200 室性心动过速
I48.000 阵发性心房颤动
I48.900x004 心房颤动[心房纤颤]
I49.100x001 房性期前收缩[房性早搏]
I49.300x002 室性期前收缩
I49.500 病态窦房结综合征
I50.002 全心衰竭
I50.101 急性左心衰竭
I50.900 心力衰竭
I50.900x002 心功能不全
I50.900x018 慢性心功能不全急性加重
I50.907 急性心力衰竭
I51.400 心肌炎
I70.000x010 主动脉弓钙化
I70.001 主动脉钙化
I77.102 锁骨下动脉狭窄
I95.101 体位性低血压
Q21.100 房间隔缺损
Q24.501 冠状动脉肌桥
Q24.507 先天性冠状动脉肺动脉瘘
R00.001 窦性心动过速
R55.x00x002 心源性晕厥
R55.x00x013 血管迷走性晕厥
T70.200x007 高原性心脏病
Z03.501 可疑冠心病观察","00.2400x001 冠状动脉血管内超声(IVUS)
00.5902 冠状动脉血流储备分数检查
37.2100 右心导管置入
37.2600x001 术中心脏电生理检查
38.2400 经光学相干断层扫描的冠状血管血管内影像[OCT]
88.5302 左心室造影
88.5500 单根导管的冠状动脉造影术
88.5600 用两根导管的冠状动脉造影术
88.5600x002 两根导管冠状动脉搭桥术后桥血管造影
88.5701 多根导管冠状动脉造影",0.87,8345.23,,,4
10,FM53,经皮心导管检查操作，伴合并症或并发症,"D48.712 心脏肿瘤
E11.501+I79.2* 2型糖尿病性周围血管病变
I05.200 二尖瓣狭窄伴有关闭不全
I05.200x001 风湿性二尖瓣狭窄伴关闭不全
I08.102 二尖瓣狭窄关闭不全伴三尖瓣关闭不全
I08.301 二尖瓣狭窄关闭不全伴主动脉瓣及三尖瓣关闭不全
I10.x05 高血压3级
I10.x14 高血压亚急症
I11.002 高血压心脏病伴心力衰竭
I11.901 高血压性心脏病
I20.000 不稳定型心绞痛
I20.101 变异型心绞痛
I20.102 冠状动脉痉挛
I20.800x007 微血管性心绞痛
I20.801 稳定型心绞痛
I20.803 劳力性心绞痛
I20.808 冠状动脉慢血流综合征
I20.900 心绞痛
I21.001 急性前壁心肌梗死
I21.004 急性广泛前壁心肌梗死
I21.103 急性下壁心肌梗死
I21.200x014 急性侧壁正后壁心肌梗死
I21.204 急性高侧壁心肌梗死
I21.300x004 急性ST段抬高型心肌梗死
I21.401 急性非ST段抬高型心肌梗死
I21.900 急性心肌梗死
I24.800x007 急性非ST段抬高型急性冠脉综合征
I25.100x003 冠状动脉狭窄
I25.102 冠状动脉粥样硬化
I25.103 冠状动脉粥样硬化性心脏病
I25.301 心室壁瘤
I25.400 冠状动脉动脉瘤
I25.500 缺血性心肌病
I25.800x003 慢性冠状动脉供血不足
I25.800x010 冠状动脉支架植入术后再狭窄
I25.900 慢性缺血性心脏病
I26.900x001 肺栓塞
I26.900x010 急性肺栓塞
I27.200x012 肺动脉高压
I27.200x018 疾病相关性肺动脉高压
I27.200x021 中度肺动脉高压
I27.200x022 重度肺动脉高压
I27.202 慢性血栓栓塞性肺动脉高压症
I27.801 艾森门格综合征
I27.900 肺源性心脏病
I30.900 急性心包炎
I34.000 二尖瓣关闭不全
I34.102 二尖瓣后叶脱垂
I34.801 非风湿性二尖瓣狭窄伴关闭不全
I35.100 主动脉瓣关闭不全
I36.100 非风湿性三尖瓣关闭不全
I36.800x002 三尖瓣脱垂
I38.x01 心脏瓣膜病
I40.000x005 暴发性心肌炎
I40.001 病毒性心肌炎
I40.900 急性心肌炎
I42.001 扩张型心肌病（充血型心肌病）
I42.100 梗阻性肥厚型心肌病
I42.200x002 肥厚型心肌病
I42.201 心尖肥厚型心肌病
I44.100 Ⅱ度房室传导阻滞
I44.200 Ⅲ度房室传导阻滞
I44.201 高度房室传导阻滞
I45.600x003 间歇性预激综合征
I45.600x005 B型预激综合征
I47.101 房性心动过速
I47.102 阵发性室上性心动过速
I47.200 室性心动过速
I48.000 阵发性心房颤动
I48.900x004 心房颤动[心房纤颤]
I49.100x001 房性期前收缩[房性早搏]
I49.300x002 室性期前收缩
I49.500 病态窦房结综合征
I50.002 全心衰竭
I50.101 急性左心衰竭
I50.900 心力衰竭
I50.900x002 心功能不全
I50.900x018 慢性心功能不全急性加重
I50.907 急性心力衰竭
I51.400 心肌炎
I70.000x010 主动脉弓钙化
I70.001 主动脉钙化
I77.102 锁骨下动脉狭窄
I95.101 体位性低血压
Q21.100 房间隔缺损
Q24.501 冠状动脉肌桥
Q24.507 先天性冠状动脉肺动脉瘘
R00.001 窦性心动过速
R55.x00x002 心源性晕厥
R55.x00x013 血管迷走性晕厥
T70.200x007 高原性心脏病
Z03.501 可疑冠心病观察","00.2400x001 冠状动脉血管内超声(IVUS)
00.5902 冠状动脉血流储备分数检查
37.2100 右心导管置入
37.2600x001 术中心脏电生理检查
38.2400 经光学相干断层扫描的冠状血管血管内影像[OCT]
88.5302 左心室造影
88.5500 单根导管的冠状动脉造影术
88.5600 用两根导管的冠状动脉造影术
88.5600x002 两根导管冠状动脉搭桥术后桥血管造影
88.5701 多根导管冠状动脉造影",1.05,10098.58,,,6
11,ES33,"呼吸系统感染/炎症,伴一般合并症或并发症","J10.000 流行性感冒伴有肺炎，季节性流感病毒
J10.000x001 已知病毒的流感性肺炎
J10.001 甲型H1N1流行性感冒性肺炎
J12.000 腺病毒肺炎
J12.100 呼吸道合胞体病毒肺炎
J12.800 病毒性肺炎，其他的
J12.900 病毒性肺炎
J13.x00 链球菌性肺炎
J14.x00 流感嗜血杆菌性肺炎
J15.000x002 克雷伯杆菌肺炎
J15.101 铜绿假单胞菌性肺炎
J15.200 葡萄球菌性肺炎
J15.400 链球菌性肺炎，其他的
J15.402 肠球菌属性肺炎
J15.500 大肠杆菌性肺炎
J15.600x002 革兰阴性细菌性肺炎
J15.600x003 粘质沙雷菌性肺炎
J15.600x005 鲍曼不动杆菌性肺炎
J15.601 变形杆菌性肺炎
J15.700 肺炎支原体性肺炎
J15.800x001 革兰阳性细菌性肺炎
J15.900 细菌性肺炎
J15.901 细菌性支气管肺炎
J15.902 社区获得性肺炎，非重症
J15.903 社区获得性肺炎，重症
J16.000 衣原体肺炎
J18.000 支气管肺炎
J18.100 大叶性肺炎
J18.200 坠积性肺炎
J18.800x001 多重感染的肺炎
J18.800x012 免疫抑制宿主性肺炎
J18.801 肺泡性肺炎
J18.802 医院获得性肺炎
J18.803 阻塞性肺炎
J18.900 肺炎
J18.903 重症肺炎
J85.001 肺坏死
J85.100 肺脓肿伴有肺炎
J85.300 纵隔脓肿
J86.902 包裹性脓胸
J86.903 脓气胸
J98.414 肺部感染
J98.502 纵隔感染","/
00.6800x001 肢体动脉血管内压力测量
03.3101 腰椎穿刺术
06.1101 超声引导下经皮甲状腺活组织检查术
17.91110 头针治疗
17.91210 耳针治疗
17.912A0 电针治疗
17.91330 悬灸治疗
17.95420 中药熏药治疗
17.98410 直肠滴注治疗
27.2300 唇活组织检查
29.1100x002 纤维鼻咽镜检查
31.4200x003 纤维喉镜检查
31.4201 喉镜检查
33.2200x003 纤维支气管镜检查
33.2302 电子支气管镜检查
33.2400x001 支气管镜下支气管活检
33.2400x002 支气管镜下诊断性支气管肺泡灌洗[BAL]
33.2403 纤维支气管镜检查伴肺泡灌洗术
33.2405 气管镜刷检术
33.2600x001 肺穿刺活检
33.2600x002 经皮针吸肺活检
33.2702 超声支气管镜下肺活组织检查
33.9302 肺穿刺引流术
34.0101 胸壁切开引流术
34.0401 胸腔闭式引流术
34.9101 胸腔穿刺抽液术
34.9103 超声引导下胸腔穿刺术
34.9104 CT引导下胸腔穿刺术
37.0x00x002 心包穿刺引流术
38.9100 动脉导管插入术
38.9301 经外周静脉穿刺中心静脉置管术
38.9302 颈内静脉穿刺中心静脉置管术
38.9303 锁骨下静脉穿刺中心静脉置管术
38.9304 股静脉穿刺置管术
38.9800x001 动脉穿刺术
40.1100x007 超声内镜下纵隔淋巴结细针穿刺活检(FNA)
41.3100 骨髓活组织检查
44.1300x001 胃镜检查
44.1401 胃镜下活组织检查
45.1300x004 胃-十二指肠镜检查
45.1600x001 胃十二指肠镜下活检
45.2302 电子结肠镜检查
45.2501 结肠镜下大肠活组织检查
48.2401 直肠乙状结肠镜下直肠活组织检查
54.9101 腹腔穿刺引流术
57.9400 留置导尿管的置入术
60.1100x002 超声引导下前列腺穿刺活检
86.0400x011 皮肤和皮下组织切开引流术
86.0600x004 药物治疗泵置入
86.1100 皮肤和皮下组织的活组织检查
86.2800x012 皮肤和皮下组织非切除性清创
89.1301 脑干听觉诱发电位
89.1400 脑电图
89.1900x001 视频脑电图监测
89.3701 肺功能测定
89.3702 肺功能康复评定
89.5001 24小时动态心电图
89.5400 心电监测
89.6500x002 动脉血气分析
89.6700 心脏排出量监测，用氧耗技术
93.1800 呼吸训练
93.3908 中药贴敷
93.4201 颈椎牵引术
93.5402 石膏托固定术
95.0400 麻醉下眼检查
96.0800x005 鼻十二指肠营养管置入术
96.4901 膀胱灌注
99.0301 输血
99.0401 红细胞输入
99.0500 输入血小板
99.8300x005 蓝光照射治疗
99.8301 新生儿蓝光治疗",0.63,6107.65,,,8
12,HC25,胆囊切除手术，不伴合并症或并发症,"C23.x00 胆囊恶性肿瘤
C78.807 胆囊继发恶性肿瘤
D01.501 胆囊原位癌
D13.501 胆囊良性肿瘤
K80.000x004 胆囊结石伴慢性胆囊炎急性发作
K80.001 胆囊结石伴坏疽性胆囊炎
K80.002 胆囊结石伴急性化脓性胆囊炎
K80.100x001 胆囊结石伴胆囊炎
K80.101 胆囊结石伴慢性胆囊炎
K80.200x003 胆囊结石
K80.203 胆囊结石嵌顿
K80.302 胆总管结石伴胆管炎
K80.801 米里齐综合征
K81.002 急性化脓性胆囊炎
K81.006 慢性胆囊炎急性发作
K81.100 慢性胆囊炎
K81.900 胆囊炎
K82.802 胆囊息肉
K82.803 胆囊腺肌症
K83.001 急性胆管炎
K85.100 胆汁型急性胰腺炎
K85.101 急性胆源型胰腺炎，轻症
K85.102 急性胆源型胰腺炎，重症
K85.902 急性重症胰腺炎","51.2200 胆囊切除术
51.2300 腹腔镜下（单孔）胆囊切除术
51.2300 腹腔镜下胆囊切除术
51.2301 腹腔镜下残余胆囊切除术",1.12,10817.44,,,4
13,IJ19,骨骼肌肉系统的其他手术,"A18.014+M90.0* 肋骨结核
A18.034+M01.1* 膝关节结核
C49.300x003 胸部结缔组织恶性肿瘤
C49.601 背部结缔组织恶性肿瘤
C79.500x030 颈椎继发恶性肿瘤
D16.702 肋骨良性肿瘤
D18.000x861 踝关节血管瘤
D21.100x002 上肢结缔组织良性肿瘤
D21.200x004 腘窝结缔组织良性肿瘤
D21.200x006 下肢结缔组织良性肿瘤
D21.202 足结缔组织良性肿瘤
D21.501 臀部结缔组织良性肿瘤
D21.900x013 腱鞘良性肿瘤
D48.100x009 软组织交界性肿瘤
D48.134 下肢结缔组织肿瘤
D48.720 下肢肿瘤
M00.200x001 链球菌性多关节炎
M00.900 化脓性关节炎
M00.900x061 感染性膝关节炎
M00.901 感染性关节炎
M05.200x092 类风湿性血管炎
M05.308 累及全身类风湿性关节炎
M05.900 血清反应阳性的类风湿性关节炎
M06.000 血清反应阴性的类风湿性关节炎
M06.900 类风湿性关节炎
M10.002 痛风性关节炎
M10.003 痛风性滑囊炎
M10.300 肾功能损害引起的痛风
M10.900 痛风
M10.900x093 痛风石
M12.500x011 肩关节创伤性关节病
M13.000 多关节炎
M13.100 单关节炎
M13.900 关节炎
M15.000 原发性全身性(骨)关节病
M15.900 多关节病
M15.902 全身性骨关节炎
M16.900 髋关节病
M16.900x002 双侧髋关节骨性关节病
M16.900x011 髋关节周围炎
M16.900x012 髋关节退行性病变
M17.000 原发性双侧膝关节病
M17.101 原发性单侧膝关节病
M17.200 创伤后双侧膝关节病
M17.900 膝关节病
M17.900x002 膝关节退行性病变
M17.900x003 双侧膝关节骨性关节病
M17.900x004 单侧膝关节骨性关节病
M19.900 关节病
M19.905 踝关节关节病
M23.307 半月板变性
M23.308 半月板损伤
M24.800x052 髋关节撞击综合征
M24.908 腰椎小关节紊乱
M25.401 肩关节积液
M25.409 髋关节积液
M25.413 踝关节积液
M25.501 肩关节痛
M25.505 髋关节痛
M25.506 膝关节痛
M25.507 踝关节痛
M32.900 系统性红斑狼疮
M33.101 皮肌炎
M35.000 干燥综合征[舍格伦]
M35.901 结缔组织病
M45.x00 强直性脊柱炎
M46.100 骶髂关节炎，不可归类在他处者
M47.101+G99.2* 脊髓型颈椎病
M47.201 神经根型颈椎病
M47.801 颈椎关节强硬
M47.802 混合型颈椎病
M48.005 腰椎椎管狭窄
M51.100x002+G55.1* 腰椎间盘突出伴神经根病
M51.101+G55.1* 腰椎间盘脱出伴坐骨神经痛
M51.202 腰椎间盘突出
M51.205 椎间盘移位性腰痛
M54.300 坐骨神经痛
M54.501 第三腰椎横突综合征
M62.901 肌肉肿物
M65.200 钙化性肌腱炎
M65.905 髋关节滑膜炎
M65.906 膝关节滑膜炎
M65.907 踝关节滑膜炎
M67.400 腱鞘囊肿
M67.400x031 腕腱鞘囊肿
M67.401 肌腱腱鞘囊肿
M67.402 关节腱鞘囊肿
M70.400 髌前囊炎
M71.200x001 腘窝囊肿
M71.307 膝关节滑膜囊肿
M71.309 足滑膜囊肿
M72.402 上臂结节性筋膜炎
M72.900x082 躯干纤维瘤病
M72.908 前臂纤维瘤病
M72.920 足纤维瘤病
M75.000x001 冻结肩
M75.001 肩周炎
M75.103 肩袖自发性破裂
M75.300 肩钙化性肌腱炎
M75.500 肩滑囊炎
M76.600 跟腱炎
M77.101 肱骨外上髁炎
M79.209 神经病理性疼痛
M79.300x051 臀部脂膜炎
M79.900x001 肢体肿物
M79.906 大腿软组织疾患
M80.801 老年性骨质疏松伴病理性骨折
M80.900 骨质疏松伴有病理性骨折
M81.900 骨质疏松
M85.600x052 坐骨结节囊肿
M86.913 胫骨骨髓炎
M86.916 跟骨骨髓炎
M87.800x051 股骨头缺血性坏死
M89.918 肋骨肿物
S22.300 肋骨骨折
S42.110 开放性肩胛骨骨折
S46.002 肩袖损伤
S62.611 开放性指骨骨折
S62.710 开放性多发性指骨骨折
S66.700x001 腕和手多处伸肌和肌腱损伤
S68.000x002 拇指不全切断
S68.100x001 单指不全切断
S68.200x001 多指不全切断
S68.201 多手指完全切断
S72.400x013 股骨外髁骨折
S91.302 足部皮肤撕裂伤
S92.510 开放性特指趾骨骨折
T84.604 骨折内固定物植入感染
T84.800x007 关节内固定术后疼痛
T87.601 截肢残端溃疡","34.4x01 胸壁病损切除术
77.6103 肋骨病损切除术
77.8103 肋骨部分切除术
79.3903 肋骨骨折切开复位内固定术
79.6000 开放性骨折部位的清创术
80.5200 椎间盘化学溶解术
80.5900x001 椎间盘射频消融术
80.9901 椎体切除术伴椎间盘切除术
80.9903 椎体次全切除伴椎间盘切除术
81.9101 关节抽吸术
81.9201 关节治疗性物质注射
82.9600x001 手软组织局部作用治疗性物质注射
83.2900x002 手肌腱、血管、神经探查术
83.3100 腱鞘病损切除术
83.3101 腱鞘囊肿切除术
83.3900x001 腘窝病损切除术
83.3900x016 滑囊病损切除术
83.3900x017 软组织病损切除术
83.3902 腘窝囊肿切除术
84.3x00 截断残端的修复术
84.5501 骨空隙骨水泥填充术
84.5700x001 水泥间隔物取出术
84.9900 肌肉骨骼系统的其他手术
86.3x02 皮肤病损切除术
86.3x03 皮下组织病损切除术
86.8900x011 残端皮肤修整术",0.82,7851.89,,,9
14,OC29,阴道分娩伴手术操作,"O04.401 不完全性药物流产
O13.x00 妊娠[妊娠引起的]高血压
O14.000x001 轻度先兆子痫
O23.506 妊娠期阴道炎
O24.300x001 妊娠合并原有糖尿病
O24.400 妊娠期发生的糖尿病
O26.606 妊娠期肝内胆汁淤积症
O32.101 臀先露
O34.100x001 妊娠合并子宫肌瘤
O34.201 妊娠合并子宫瘢痕
O34.802 妊娠合并卵巢囊肿
O35.004 胎儿脑发育异常
O35.819 胎儿心脏畸形
O36.202 镜像综合征
O36.302 慢性胎儿宫内窘迫
O36.401 胎死宫内
O36.501 妊娠合并低体重儿
O36.503 胎儿生长发育迟缓
O36.601 妊娠合并巨大儿
O40.x00 羊水过多
O41.000 羊水过少
O41.104 羊膜炎
O42.000x001 足月胎膜早破(在24小时之内产程开始)
O42.000x002 早产胎膜早破(在24小时之内产程开始)
O42.100x011 足月胎膜早破(在1-7天内产程开始)
O42.100x012 早产胎膜早破(在1-7天内产程开始)
O43.101 帆状胎盘
O43.104 轮状胎盘
O43.105 球拍状胎盘
O44.000x001 低置胎盘
O45.900 胎盘早期剥离
O62.300 急产
O63.901 产程延长
O64.101 臀先露难产
O64.501 复合先露难产
O66.901 难产
O67.900 产时出血
O68.003 急性胎心型胎儿宫内窘迫
O69.001 脐带脱垂
O69.101 脐带绕颈
O69.200x007 脐带扭转
O69.301 脐带过短
O69.503 脐带血肿
O70.000 分娩时Ⅰ度会阴裂伤
O70.100 分娩时Ⅱ度会阴裂伤
O70.900 分娩时会阴裂伤
O71.301 产伤性宫颈裂伤
O71.401 产伤性中上三分之一阴道裂伤
O71.703 产伤性外阴血肿
O71.704 产伤性阴道血肿
O72.002 胎盘滞留伴出血
O72.003 胎盘植入伴出血
O72.100 即刻产后出血，其他的
O72.101 产后即时出血
O72.201 胎膜滞留伴出血
O72.202 延迟性产后出血
O73.000 胎盘滞留不伴有出血
O73.001 胎盘粘连不伴出血
O73.101 胎膜滞留不伴出血
O73.102 胎盘部分滞留不伴出血
O80.000 头位顺产
O98.101 妊娠合并梅毒
O98.800 孕产妇其他的传染病和寄生虫病并发于妊娠、分娩和产褥期
O98.808 妊娠合并阴道溶血性链球菌感染
O99.000x031 产褥期贫血
O99.004 妊娠合并地中海贫血
O99.005 妊娠合并轻度贫血
O99.006 妊娠合并中度贫血
O99.100x012 妊娠合并血液和造血器官疾病
O99.101 妊娠合并血小板减少
O99.109 妊娠合并抗磷脂抗体综合征
O99.215 妊娠合并甲状腺功能减退
O99.403 妊娠合并窦性心动过速
O99.800x019 妊娠合并血管瘤
O99.806 妊娠合并泌尿生殖系统疾病","73.6x01 会阴侧切缝合术
75.4x00x002 手取胎盘
75.4x00x003 胎盘钳夹术
75.5100 子宫颈近期产科裂伤修补术
75.6902 近期产科会阴裂伤修补术
75.6903 近期产科外阴裂伤修补术
75.6905 近期产科阴道裂伤修补术
75.9100x001 产科会阴血肿去除术
75.9200x002 产科阴道血肿去除术",0.77,7386.37,,,4
15,ET23,慢性气道阻塞病，伴合并症或并发症,"J42.x00 慢性支气管炎
J42.x00x004 慢性支气管炎急性加重期
J42.x01 弥漫性泛细支气管炎
J44.000 慢性阻塞性肺病伴有急性下呼吸道感染
J44.100 慢性阻塞性肺病伴有急性加重
J44.801 慢性支气管炎伴肺气肿
J44.802 慢性喘息性支气管炎
J44.807 哮喘-慢阻肺重叠综合征
J44.900 慢性阻塞性肺病
J44.900x002 慢性阻塞性肺疾病I级
J47.x00 支气管扩张(症)
J47.x01 支气管扩张伴咯血
J47.x03 支气管扩张伴感染","/
03.3101 腰椎穿刺术
06.1101 超声引导下经皮甲状腺活组织检查术
16.2100x001 眼底检查
17.91110 头针治疗
17.912A0 电针治疗
17.91330 悬灸治疗
17.95420 中药熏药治疗
18.1100 耳镜检查
29.1100x002 纤维鼻咽镜检查
31.4200x003 纤维喉镜检查
31.4201 喉镜检查
33.2200x003 纤维支气管镜检查
33.2400x002 支气管镜下诊断性支气管肺泡灌洗[BAL]
33.2403 纤维支气管镜检查伴肺泡灌洗术
33.2600x002 经皮针吸肺活检
34.0401 胸腔闭式引流术
34.9101 胸腔穿刺抽液术
38.9100 动脉导管插入术
38.9302 颈内静脉穿刺中心静脉置管术
41.3100 骨髓活组织检查
44.1401 胃镜下活组织检查
45.1300x004 胃-十二指肠镜检查
45.1600x001 胃十二指肠镜下活检
86.2800x012 皮肤和皮下组织非切除性清创
89.3701 肺功能测定
89.3702 肺功能康复评定
89.5400 心电监测
89.6700 心脏排出量监测，用氧耗技术
93.0103 康复评定
93.1800 呼吸训练
93.3908 中药贴敷
93.3910 穴位贴敷
96.5100 眼冲洗术
97.6205 膀胱镜输尿管支架取出术",0.87,8362.01,,,9
16,ER29,肺水肿及呼吸衰竭,"J81.x00 肺水肿
J81.x00x002 急性肺水肿
J96.000 急性呼吸衰竭
J96.100 慢性呼吸衰竭
J96.900x001 呼吸衰竭
J96.900x002 I型呼吸衰竭
J96.900x003 Ⅱ型呼吸衰竭","/
00.6800x001 肢体动脉血管内压力测量
03.9101 椎管内置管止痛术
03.9102 脊神经根阻滞术
06.1101 超声引导下经皮甲状腺活组织检查术
16.2100x001 眼底检查
17.91110 头针治疗
17.912A0 电针治疗
17.91330 悬灸治疗
17.91350 温针灸治疗
17.95420 中药熏药治疗
17.98410 直肠滴注治疗
29.1100x002 纤维鼻咽镜检查
31.4200x003 纤维喉镜检查
33.2302 电子支气管镜检查
33.2400x001 支气管镜下支气管活检
33.2400x002 支气管镜下诊断性支气管肺泡灌洗[BAL]
33.2403 纤维支气管镜检查伴肺泡灌洗术
33.2600x001 肺穿刺活检
33.2600x002 经皮针吸肺活检
34.0401 胸腔闭式引流术
34.9101 胸腔穿刺抽液术
38.9100 动脉导管插入术
38.9301 经外周静脉穿刺中心静脉置管术
38.9302 颈内静脉穿刺中心静脉置管术
38.9303 锁骨下静脉穿刺中心静脉置管术
38.9800x001 动脉穿刺术
41.3100 骨髓活组织检查
45.1300x004 胃-十二指肠镜检查
45.1600x001 胃十二指肠镜下活检
57.3200x001 膀胱镜检查
57.9400 留置导尿管的置入术
60.1100x002 超声引导下前列腺穿刺活检
89.1800x001 多导睡眠监测
89.3701 肺功能测定
89.3702 肺功能康复评定
89.6700 心脏排出量监测，用氧耗技术
93.3908 中药贴敷
97.0101 鼻-胃管置换",1.28,12313.96,,,10
17,BR13,脑卒中，伴合并症或并发症,"I60.001 颈动脉动脉瘤破裂伴蛛网膜下隙出血
I60.101 大脑中动脉瘤破裂伴蛛网膜下腔出血
I60.201 前交通动脉瘤破裂伴蛛网膜下腔出血
I60.301 后交通动脉瘤破裂伴蛛网膜下腔出血
I60.401 基底动脉瘤破裂伴蛛网膜下腔出血
I60.700x001 脑动脉瘤破裂伴蛛网膜下腔出血
I60.800x004 脑海绵状血管畸形伴蛛网膜下腔出血
I60.800x005 脑干海绵状血管畸形伴蛛网膜下腔出血
I60.800x006 小脑幕下海绵状血管畸形伴蛛网膜下腔出血
I60.900x004 脑实质出血继发蛛网膜下腔出血
I61.000x006 胼胝体出血
I61.004 基底节出血
I61.006 外囊出血
I61.100x001 顶叶出血
I61.100x002 多处脑叶出血
I61.100x003 额叶出血
I61.100x004 额颞叶出血
I61.100x005 枕叶出血
I61.100x006 颞叶出血
I61.100x007 额顶叶脑出血
I61.100x008 顶枕叶脑出血
I61.100x010 额颞顶叶脑出血
I61.100x012 额颞枕叶脑出血
I61.100x013 颞顶叶脑出血
I61.100x014 颞枕叶脑出血
I61.101 脑叶出血
I61.300x002 脑干出血
I61.300x004 中脑出血
I61.400x001 小脑出血
I61.500x002 侧脑室出血
I61.500x008 脑室出血
I61.600x001 多灶性脑出血
I61.801 间脑出血
I61.802 丘脑出血
I61.900x007 脑肿瘤卒中
I61.902 高血压脑出血
I62.000 非创伤性硬膜下出血
I62.001 急性非创伤性硬膜下血肿
I62.003 慢性硬膜下血肿
I62.100 非创伤性硬膜外出血
I63.000 入脑前动脉血栓形成引起的脑梗死
I63.001 基底动脉血栓形成脑梗死
I63.100 入脑前动脉栓塞引起的脑梗死
I63.102 颈动脉栓塞脑梗死
I63.201 颈内动脉狭窄脑梗死
I63.202 颈总动脉狭窄脑梗死
I63.203 颈动脉狭窄脑梗死
I63.204 颈动脉闭塞脑梗死
I63.205 基底动脉闭塞脑梗死
I63.206 基底动脉狭窄脑梗死
I63.207 椎动脉闭塞脑梗死
I63.208 椎动脉狭窄脑梗死
I63.300 大脑动脉血栓形成引起的脑梗死
I63.402 大脑动脉栓塞引起脑梗死
I63.500 大脑动脉的闭塞或狭窄引起的脑梗死
I63.501 大脑动脉狭窄脑梗死
I63.502 大脑动脉闭塞脑梗死
I63.901 脑干梗死
I63.902 大面积脑梗死
I63.903 出血性脑梗死
I63.904 小脑梗死
I63.905 多发性脑梗死
I63.906 基底节脑梗死
I63.907 丘脑梗死","/
00.6800x001 肢体动脉血管内压力测量
03.3101 腰椎穿刺术
04.8101 周围神经阻滞术
06.1101 超声引导下经皮甲状腺活组织检查术
16.2100x001 眼底检查
16.2900 眼眶和眼球的其他诊断性操作
17.91110 头针治疗
17.912A0 电针治疗
17.91330 悬灸治疗
17.95420 中药熏药治疗
17.98410 直肠滴注治疗
29.1100x002 纤维鼻咽镜检查
34.0401 胸腔闭式引流术
34.9101 胸腔穿刺抽液术
38.9100 动脉导管插入术
38.9302 颈内静脉穿刺中心静脉置管术
38.9303 锁骨下静脉穿刺中心静脉置管术
38.9304 股静脉穿刺置管术
38.9800x001 动脉穿刺术
40.1101 颈淋巴结活组织检查
40.1102 锁骨上淋巴结活组织检查
41.3800x001 骨髓穿刺术
44.1402 超声内镜下胃活组织检查
45.1300x004 胃-十二指肠镜检查
57.9400 留置导尿管的置入术
87.2102 脊髓造影
89.6700 心脏排出量监测，用氧耗技术
93.3902 低频脉冲电治疗
93.5402 石膏托固定术
95.4601 前庭功能检查
96.0800x006 经鼻肠营养管置入术
96.3500x001 鼻饲
97.0101 鼻-胃管置换
97.3801 角膜缝线去除
99.0401 红细胞输入",1.19,11417.29,,,10
18,ES31,"呼吸系统感染/炎症,伴严重合并症或并发症","J10.000 流行性感冒伴有肺炎，季节性流感病毒
J10.000x001 已知病毒的流感性肺炎
J10.001 甲型H1N1流行性感冒性肺炎
J12.000 腺病毒肺炎
J12.100 呼吸道合胞体病毒肺炎
J12.800 病毒性肺炎，其他的
J12.900 病毒性肺炎
J13.x00 链球菌性肺炎
J14.x00 流感嗜血杆菌性肺炎
J15.000x002 克雷伯杆菌肺炎
J15.101 铜绿假单胞菌性肺炎
J15.200 葡萄球菌性肺炎
J15.400 链球菌性肺炎，其他的
J15.402 肠球菌属性肺炎
J15.500 大肠杆菌性肺炎
J15.600x002 革兰阴性细菌性肺炎
J15.600x003 粘质沙雷菌性肺炎
J15.600x005 鲍曼不动杆菌性肺炎
J15.601 变形杆菌性肺炎
J15.700 肺炎支原体性肺炎
J15.800x001 革兰阳性细菌性肺炎
J15.900 细菌性肺炎
J15.901 细菌性支气管肺炎
J15.902 社区获得性肺炎，非重症
J15.903 社区获得性肺炎，重症
J16.000 衣原体肺炎
J18.000 支气管肺炎
J18.100 大叶性肺炎
J18.200 坠积性肺炎
J18.800x001 多重感染的肺炎
J18.800x012 免疫抑制宿主性肺炎
J18.801 肺泡性肺炎
J18.802 医院获得性肺炎
J18.803 阻塞性肺炎
J18.900 肺炎
J18.903 重症肺炎
J85.001 肺坏死
J85.100 肺脓肿伴有肺炎
J85.300 纵隔脓肿
J86.902 包裹性脓胸
J86.903 脓气胸
J98.414 肺部感染
J98.502 纵隔感染","/
00.6800x001 肢体动脉血管内压力测量
03.3101 腰椎穿刺术
06.1101 超声引导下经皮甲状腺活组织检查术
17.91110 头针治疗
17.91210 耳针治疗
17.912A0 电针治疗
17.91330 悬灸治疗
17.95420 中药熏药治疗
17.98410 直肠滴注治疗
27.2300 唇活组织检查
29.1100x002 纤维鼻咽镜检查
31.4200x003 纤维喉镜检查
31.4201 喉镜检查
33.2200x003 纤维支气管镜检查
33.2302 电子支气管镜检查
33.2400x001 支气管镜下支气管活检
33.2400x002 支气管镜下诊断性支气管肺泡灌洗[BAL]
33.2403 纤维支气管镜检查伴肺泡灌洗术
33.2405 气管镜刷检术
33.2600x001 肺穿刺活检
33.2600x002 经皮针吸肺活检
33.2702 超声支气管镜下肺活组织检查
33.9302 肺穿刺引流术
34.0101 胸壁切开引流术
34.0401 胸腔闭式引流术
34.9101 胸腔穿刺抽液术
34.9103 超声引导下胸腔穿刺术
34.9104 CT引导下胸腔穿刺术
37.0x00x002 心包穿刺引流术
38.9100 动脉导管插入术
38.9301 经外周静脉穿刺中心静脉置管术
38.9302 颈内静脉穿刺中心静脉置管术
38.9303 锁骨下静脉穿刺中心静脉置管术
38.9304 股静脉穿刺置管术
38.9800x001 动脉穿刺术
40.1100x007 超声内镜下纵隔淋巴结细针穿刺活检(FNA)
41.3100 骨髓活组织检查
44.1300x001 胃镜检查
44.1401 胃镜下活组织检查
45.1300x004 胃-十二指肠镜检查
45.1600x001 胃十二指肠镜下活检
45.2302 电子结肠镜检查
45.2501 结肠镜下大肠活组织检查
48.2401 直肠乙状结肠镜下直肠活组织检查
54.9101 腹腔穿刺引流术
57.9400 留置导尿管的置入术
60.1100x002 超声引导下前列腺穿刺活检
86.0400x011 皮肤和皮下组织切开引流术
86.0600x004 药物治疗泵置入
86.1100 皮肤和皮下组织的活组织检查
86.2800x012 皮肤和皮下组织非切除性清创
89.1301 脑干听觉诱发电位
89.1400 脑电图
89.1900x001 视频脑电图监测
89.3701 肺功能测定
89.3702 肺功能康复评定
89.5001 24小时动态心电图
89.5400 心电监测
89.6500x002 动脉血气分析
89.6700 心脏排出量监测，用氧耗技术
93.1800 呼吸训练
93.3908 中药贴敷
93.4201 颈椎牵引术
93.5402 石膏托固定术
95.0400 麻醉下眼检查
96.0800x005 鼻十二指肠营养管置入术
96.4901 膀胱灌注
99.0301 输血
99.0401 红细胞输入
99.0500 输入血小板
99.8300x005 蓝光照射治疗
99.8301 新生儿蓝光治疗",0.82,7851.69,,,9
19,IU23,颈腰背疾病，伴合并症或并发症,"A18.000x018+M49.0* 脊椎结核并椎旁脓肿
A18.006+M49.0* 胸椎结核
A18.007+M49.0* 腰椎结核
A18.009+M49.0* 脊柱结核
A18.010+M49.0* 脊柱结核性脓肿
M24.301 自发性寰枢椎脱位
M24.302 自发性寰枢椎半脱位
M40.100x051 继发性胸腰段脊柱后凸
M40.201 脊柱后凸
M41.900 脊柱侧弯
M43.002 颈椎滑脱
M43.006 腰椎滑脱
M43.009 腰椎峡部裂
M46.100 骶髂关节炎，不可归类在他处者
M46.300x061 腰椎间盘感染
M46.500x091 椎体感染
M46.500x092 化脓性脊柱炎
M46.502 胸椎脓肿
M46.503 腰椎脓肿
M46.802 退行性脊柱炎
M47.001+G99.2* 椎动脉型颈椎病
M47.101+G99.2* 脊髓型颈椎病
M47.201 神经根型颈椎病
M47.204 神经根型腰椎病
M47.801 颈椎关节强硬
M47.802 混合型颈椎病
M48.002 颈椎椎管狭窄
M48.005 腰椎椎管狭窄
M48.503 腰椎楔形变
M48.901 颈椎退行性病变
M48.902 胸椎退行性病变
M48.903 腰椎退行性病变
M50.101+G55.1* 颈椎间盘突出伴有神经根病
M50.201 颈椎间盘突出
M51.100x002+G55.1* 腰椎间盘突出伴神经根病
M51.101+G55.1* 腰椎间盘脱出伴坐骨神经痛
M51.104+G55.1* 椎间盘破裂性神经炎
M51.201 胸椎间盘突出
M51.202 腰椎间盘突出
M51.203 胸腰椎椎间盘突出
M51.204 腰骶椎间盘突出
M51.205 椎间盘移位性腰痛
M51.303 腰椎间盘变性
M53.203 颈椎不稳定
M53.207 腰椎不稳定
M53.302 骶髂关节改变
M54.101 臂丛神经炎
M54.200 颈痛
M54.300 坐骨神经痛
M54.501 第三腰椎横突综合征
M54.502 腰痛
M54.503 腰背痛
M54.504 腰背肌筋膜炎
M54.505 腰肌劳损
S12.100 第二颈椎骨折
S12.100x002 枢椎骨折
S12.200x011 颈椎骨折C3
S12.200x021 颈椎骨折C4
S12.200x031 颈椎骨折C5
S12.200x041 颈椎骨折C6
S12.700 颈椎多处骨折
S13.102 寰枢椎半脱位
S13.103 寰枢椎脱位
S22.000x003 胸椎压缩性骨折
S22.000x021 胸椎骨折T3/T4
S22.000x031 胸椎骨折T5/T6
S22.000x041 胸椎骨折T7/T8
S22.000x051 胸椎骨折T9/T10
S22.000x061 胸椎骨折T11/T12
S22.100 胸椎多处骨折
S32.000x002 腰椎压缩性骨折
S32.000x011 腰椎骨折L1
S32.000x021 腰椎骨折L2
S32.000x031 腰椎骨折L3
S32.000x041 腰椎骨折L4
S32.000x051 腰椎骨折L5
S32.100 骶骨骨折
S32.200 尾骨骨折
S32.702 多发性腰椎骨折
S32.800x022 腰骶横突骨折
S32.800x024 腰骶椎骨骨折
S33.501 腰部扭伤
S33.700x002 棘上韧带损伤
S39.906 腰部损伤","/
03.3101 腰椎穿刺术
03.9101 椎管内置管止痛术
03.9102 脊神经根阻滞术
03.9200x001 椎管内注射封闭
04.8101 周围神经阻滞术
04.8106 股神经阻滞术
06.1101 超声引导下经皮甲状腺活组织检查术
17.91110 头针治疗
17.91270 穴位注射治疗
17.912A0 电针治疗
17.91330 悬灸治疗
17.95420 中药熏药治疗
17.96100 针刀治疗
17.96700 松解针松解治疗
18.0901 耳前切开引流术
21.2100 鼻镜检查
27.4300x011 唇部皮肤和皮下组织非切除性清创
29.1100 咽镜检查
29.1100x002 纤维鼻咽镜检查
31.4200x003 纤维喉镜检查
31.4201 喉镜检查
33.2400x002 支气管镜下诊断性支气管肺泡灌洗[BAL]
34.0401 胸腔闭式引流术
38.9800x001 动脉穿刺术
41.3100 骨髓活组织检查
42.2300x001 食管镜检查
44.1300x001 胃镜检查
44.1301 超声内镜下胃检查
44.1401 胃镜下活组织检查
45.1300x004 胃-十二指肠镜检查
45.1600x001 胃十二指肠镜下活检
45.2302 电子结肠镜检查
45.2501 结肠镜下大肠活组织检查
48.2401 直肠乙状结肠镜下直肠活组织检查
54.9100x009 超声引导下盆腔穿刺术
54.9103 髂窝穿刺引流术
77.4904 椎骨活组织检查
78.8900x002 椎骨穿刺活组织检查
83.2100 软组织活组织检查
83.9700 腱治疗性药物注入
83.9800x001 软组织治疗性药物局部注射
93.4102 颅骨牵引术
93.4201 颈椎牵引术
93.4400x009 颅颌牵引
93.4600x001 皮牵引
93.5402 石膏托固定术",0.7,6721.55,,,11
20,FR23,"心力衰竭、休克,伴合并症或并发症","I11.002 高血压心脏病伴心力衰竭
I13.200x001 高血压性心脏病和肾脏病伴心力衰竭和肾衰竭
I50.000x006 急性右心衰竭
I50.001 右心衰竭
I50.002 全心衰竭
I50.101 急性左心衰竭
I50.103 左心衰竭合并肺水肿
I50.105 慢性左心功能不全
I50.900 心力衰竭
I50.900x002 心功能不全
I50.900x017 难治性心力衰竭
I50.900x018 慢性心功能不全急性加重
I50.907 急性心力衰竭
I50.908 慢性心力衰竭
R57.000 心源性休克
R57.100 血容量不足性休克
R57.101 失血性休克
R57.200 脓毒性休克
R57.900 休克","/
00.6800x001 肢体动脉血管内压力测量
03.9102 脊神经根阻滞术
04.8102 三叉神经阻滞术
17.91110 头针治疗
17.912A0 电针治疗
17.91330 悬灸治疗
17.95420 中药熏药治疗
17.98410 直肠滴注治疗
29.1100x002 纤维鼻咽镜检查
34.0401 胸腔闭式引流术
34.2300 胸壁活组织检查
34.9101 胸腔穿刺抽液术
34.9102 胸腔穿刺抽气术
34.9103 超声引导下胸腔穿刺术
37.0x00x002 心包穿刺引流术
37.0x01 超声引导下心包穿刺引流术
38.9100 动脉导管插入术
38.9301 经外周静脉穿刺中心静脉置管术
38.9302 颈内静脉穿刺中心静脉置管术
38.9303 锁骨下静脉穿刺中心静脉置管术
38.9304 股静脉穿刺置管术
38.9502 为肾透析的临时静脉插管术
40.1103 腋窝淋巴结活组织检查
41.3100 骨髓活组织检查
45.1300x004 胃-十二指肠镜检查
45.1600x001 胃十二指肠镜下活检
45.2302 电子结肠镜检查
54.9101 腹腔穿刺引流术
54.9105 腹腔穿刺术
57.9400 留置导尿管的置入术
86.0400x011 皮肤和皮下组织切开引流术
86.0600x004 药物治疗泵置入
86.1100 皮肤和皮下组织的活组织检查
87.6101 钡餐造影
88.7202 经食道超声心动图
89.3702 肺功能康复评定
89.6400x001 漂浮导管检查[Swan-Ganz导管插入]
89.6700 心脏排出量监测，用氧耗技术
96.5100 眼冲洗术
99.6000 心肺复苏
99.6201 心律电复律",0.96,9281.25,,,9
21,RW19,恶性及增生性疾病治疗后的随诊检查,"Z08.000 恶性肿瘤手术后的随诊检查
Z08.100 恶性肿瘤放射治疗后的随诊检查
Z08.200 恶性肿瘤化学治疗后的随诊检查
Z08.700 恶性肿瘤联合治疗后的随诊检查
Z08.800x002 恶性肿瘤免疫治疗后的随诊检查
Z08.800x003 恶性肿瘤分子靶向治疗后的随诊检查
Z08.900 恶性肿瘤的治疗后的随诊检查
Z54.001 恶性肿瘤术后恢复期","/
06.1101 超声引导下经皮甲状腺活组织检查术
06.1303 超声引导下甲状旁腺活组织检查
26.1100x003 腮腺活检
29.1100x002 纤维鼻咽镜检查
31.4200x003 纤维喉镜检查
31.4201 喉镜检查
33.2400x001 支气管镜下支气管活检
33.2400x002 支气管镜下诊断性支气管肺泡灌洗[BAL]
33.2600x001 肺穿刺活检
33.2600x002 经皮针吸肺活检
34.9101 胸腔穿刺抽液术
34.9103 超声引导下胸腔穿刺术
40.1101 颈淋巴结活组织检查
40.1103 腋窝淋巴结活组织检查
40.1104 腹股沟淋巴结活组织检查
41.3100 骨髓活组织检查
44.1300x001 胃镜检查
44.1301 超声内镜下胃检查
45.1300x004 胃-十二指肠镜检查
45.1301 十二指肠镜检查术
45.1600x001 胃十二指肠镜下活检
45.2301 可曲性光学纤维结肠镜检查
45.2302 电子结肠镜检查
45.2401 乙状结肠镜检查
48.2300x003 超声内镜下直肠检查
48.2400x002 直肠活检
50.1100x001 超声引导下肝穿刺活检
50.1100x005 经皮肝穿刺活检
92.1800x002 PET-CT扫描
93.3902 低频脉冲电治疗
97.8903 化疗泵取出术",0.54,5225.86,,,3
22,NZ15,女性生殖系统其他疾病，不伴合并症或并发症,"D25.000 子宫黏膜下平滑肌瘤
D25.100x001 子宫肌壁间平滑肌瘤
D25.200 子宫浆膜下层平滑肌瘤
D25.900 子宫平滑肌瘤
D25.900x001 子宫多发性平滑肌瘤
D26.100x002 子宫腺肌瘤
D39.101 卵巢肿瘤
E28.100 雄激素过多
N73.604 子宫粘连
N76.600 外阴溃疡
N80.001 子宫腺肌病
N80.100x001 卵巢巧克力样囊肿
N80.601 腹壁瘢痕子宫内膜异位症
N81.201 Ⅰ度子宫脱垂
N81.202 Ⅱ度子宫脱垂
N81.301 Ⅲ度子宫脱垂
N81.600 直肠膨出
N82.000 膀胱阴道瘘
N83.100x002 卵巢黄体破裂
N83.100x003 卵巢黄体血肿
N83.101 出血性卵巢黄体囊肿
N83.201 卵巢囊肿
N83.901 卵巢肿物
N84.001 子宫内膜息肉
N84.100 宫颈息肉
N85.000 子宫内膜腺性增生
N85.000x002 子宫内膜囊性增生
N85.001 子宫内膜单纯性增生
N85.002 子宫内膜复杂性增生
N85.101 子宫内膜非典型增生
N85.600 子宫内粘连
N85.804 子宫穿孔
N85.807 子宫积水
N85.815 子宫萎缩
N87.002 低级别鳞状上皮内病变
N88.807 宫颈赘生物
N89.800x009 阴道排液
N89.805 阴道裂伤
N90.807 外阴血肿
N91.100 继发闭经
N91.500 月经稀少
N92.000x001 月经过多
N92.600 月经不规则
N93.000x001 性交后出血
N93.900 异常的子宫和阴道出血
N93.901 异常子宫出血
N94.806 盆腔积液
N94.807 盆腔囊肿
N95.000 绝经后出血
N95.100 绝经期和女性更年期状态
N96.x00 习惯性流产
N98.100 卵巢过度刺激
N99.807 阴道残端出血
R93.800x006 宫腔占位
R93.800x007 卵巢占位性病变
R93.803 子宫内膜增厚
S30.200x010 创伤性外阴血肿
S31.401 创伤性外阴裂伤
S39.902 阴道损伤
T83.301 子宫内节育器残留
T83.302 子宫内节育器断裂
T83.303 子宫内节育器嵌顿
T83.305 子宫内节育器移位","/
00.0901 高强度聚焦超声治疗
34.9103 超声引导下胸腔穿刺术
45.1300x004 胃-十二指肠镜检查
45.2302 电子结肠镜检查
54.2400x006 盆腔病损穿刺活检
54.9101 腹腔穿刺引流术
67.1100 子宫颈内活组织检查
68.1200x001 宫腔镜检查
68.1602 宫腔镜子宫活组织检查
69.0901 诊断性刮宫术
69.0902 宫腔镜诊断性刮宫术
69.9100x001 宫腔引流术
70.2400 阴道活组织检查
97.7101 子宫内避孕器取出术
97.7102 宫腔镜子宫内避孕器取出术
99.8500x004 高强度聚焦超声治疗[HIFU]",0.41,3901.88,,,3
23,XT15,其他后期照护，不伴合并症或并发症,"Z43.101 更换胃造瘘导管
Z43.201 关闭回肠造口
Z43.301 关闭结肠造口
Z43.603 取除输尿管支架
Z45.200 血管通路装置的调整和管理
Z45.202 取除输液港
Z46.600x001 取出输尿管D-J管
Z46.602 更换输尿管支架
Z48.000x001 手术后拆除缝线","/
45.1300x004 胃-十二指肠镜检查
45.1301 十二指肠镜检查术
45.2302 电子结肠镜检查
46.5200x009 腹腔镜下回肠造口还纳术
57.3200x001 膀胱镜检查
59.9900x002 输尿管支架取出术
59.9901 输尿管支架置换术
86.0701 静脉输液港植入术
87.6400x001 下消化道造影
97.0200 胃造口导管置换
97.3801 角膜缝线去除
97.6204 输尿管镜输尿管支架取出术
97.6205 膀胱镜输尿管支架取出术
97.8903 化疗泵取出术",0.21,2023.31,,,1
24,GK33,结肠镜治疗操作，伴合并症或并发症,"A09.000x001 肠道感染
A09.004 感染性腹泻
A09.902 结肠炎
C16.301 胃窦恶性肿瘤
C16.900 胃恶性肿瘤
C18.001 回盲部恶性肿瘤
C18.200 升结肠恶性肿瘤
C18.300 结肠肝曲恶性肿瘤
C18.600 降结肠恶性肿瘤
C18.700 乙状结肠恶性肿瘤
C18.801 降结肠乙状结肠恶性肿瘤
C18.900 结肠恶性肿瘤
C20.x00 直肠恶性肿瘤
C79.809 腹腔继发恶性肿瘤
D01.000 结肠原位癌
D01.200 直肠原位癌
D12.000 盲肠良性肿瘤
D12.001 回盲部良性肿瘤
D12.200 升结肠良性肿瘤
D12.300 横结肠良性肿瘤
D12.301 结肠肝曲良性肿瘤
D12.400 降结肠良性肿瘤
D12.500 乙状结肠良性肿瘤
D12.600 结肠良性肿瘤
D12.602 结肠腺瘤样息肉病
D12.800 直肠良性肿瘤
D37.101 胃肿瘤
D37.403 升结肠肿瘤
D37.409 乙状结肠肿瘤
D37.501 直肠肿瘤
D48.714 腹腔肿瘤
K21.001 反流性食管炎
K21.900x003 胃食管反流
K22.600x001 贲门撕裂症
K22.601 食管贲门黏膜撕裂综合征
K22.801 食管隆起性病变
K25.000x002 急性胃黏膜病变伴出血
K25.400x001 胃溃疡伴出血
K25.900x001 胃溃疡
K26.000 急性十二指肠溃疡伴有出血
K26.400 慢性十二指肠溃疡伴有出血
K26.400x003 十二指肠糜烂出血
K26.401 十二指肠球部溃疡伴出血
K26.900x001 十二指肠溃疡
K26.900x002 十二指肠球部溃疡
K27.400x002 复合性溃疡伴出血
K28.400x002 吻合口溃疡伴出血
K28.900x001 吻合口溃疡
K29.400 慢性萎缩性胃炎
K29.500 慢性胃炎
K29.603 糜烂性胃炎
K31.500 十二指肠梗阻
K31.703 胃息肉
K31.902 胃肿物
K31.904 急性胃黏膜病变
K35.300 急性阑尾炎伴局限性腹膜炎
K35.301 急性阑尾炎伴腹膜脓肿
K35.800x001 急性阑尾炎
K50.900 克罗恩病
K51.900 溃疡性结肠炎
K51.901 溃疡性结肠炎，轻度
K52.803 嗜酸性细胞性胃炎
K52.903 非感染性回盲部炎症
K52.904 非感染性急性肠炎
K55.201 结肠血管扩张症
K55.900x004 缺血性肠病伴出血
K56.100 肠套叠
K56.200x003 肠系膜扭转
K56.700 肠梗阻
K56.701 不完全性肠梗阻
K57.304 结肠憩室炎
K57.305 盲肠憩室炎
K62.100 直肠息肉
K62.501 肛门出血
K62.820 肛门痛
K62.903 直肠肿物
K63.301 回肠溃疡
K63.500 结肠息肉
K63.500x084 横结肠息肉
K63.501 升结肠息肉
K63.502 降结肠息肉
K63.503 乙状结肠息肉
K63.504 多发性结肠息肉
K63.810 结肠囊肿
K63.813 回盲部息肉
K63.816 盲肠息肉
K63.900x001 结肠肿物
K64.811 混合痔
K65.000 急性腹膜炎
K65.005 腹腔脓肿
K65.800x001 肠系膜炎
K65.903 腹腔感染
K92.207 急性上消化道出血
K92.208 上消化道出血
K92.209 下消化道出血
K92.210 消化道出血
K92.901 胃肠功能紊乱
R10.101 上腹痛
R10.400x002 功能性腹痛
R10.402 腹痛
R14.x00x006 腹胀","45.4200 内镜下大肠息肉切除术
45.4200x003 纤维结肠镜下结肠息肉切除术
45.4201 内镜下乙状结肠息肉切除术
45.4300x013 内镜下结肠病损氩气刀治疗术（APC)
45.4301 内镜下乙状结肠病损切除术
45.4302 内镜下结肠病损切除术
45.4304 内镜下结肠止血术
45.4306 内镜下直肠钛夹止血术
45.4307 内镜下结肠黏膜切除术(EMR)
46.8600 内镜下结肠支架置入
46.9600x001 内镜下逆行阑尾腔冲洗术
48.3200x001 直肠-乙状结肠镜下直肠病损电切术
48.3600x002 内镜下直肠病损切除术
48.3602 直肠-乙状结肠镜下直肠息肉切除术
48.3603 内镜下直肠息肉氩离子凝固术（APC)
48.9900x005 内镜下直肠出血止血术",0.69,6614.79,,,4
25,ER19,呼吸系统肿瘤,"C34.000x002 左主支气管恶性肿瘤
C34.000x003 右主支气管恶性肿瘤
C34.001 肺门恶性肿瘤
C34.100x003 左肺上叶恶性肿瘤
C34.100x004 右肺上叶恶性肿瘤
C34.201 肺中叶恶性肿瘤
C34.300x003 左肺下叶恶性肿瘤
C34.300x004 右肺下叶恶性肿瘤
C34.800x001 右肺中上叶恶性肿瘤
C34.800x002 右肺中下叶恶性肿瘤
C34.900x001 肺恶性肿瘤
C34.900x004 左肺恶性肿瘤
C34.900x005 右肺恶性肿瘤
C34.900x006 双肺恶性肿瘤
C37.x00 胸腺恶性肿瘤
C38.300 纵隔恶性肿瘤
C38.400 胸膜恶性肿瘤
C45.000 胸膜间皮瘤
C77.100 胸腔内淋巴结继发性的恶性肿瘤
C77.103 纵隔淋巴结继发恶性肿瘤
C78.000 肺部继发性恶性肿瘤
C78.100 纵隔继发性恶性肿瘤
C78.201 恶性胸腔积液
C78.304 气管继发恶性肿瘤
C79.800x809 胸壁继发恶性肿瘤
D02.200x002 肺原位癌
D14.300x001 肺良性肿瘤
D14.302 主支气管良性肿瘤
D15.200 纵隔良性肿瘤
D38.101 肺肿瘤
D38.104 支气管动态未定肿瘤
D38.201 胸膜肿瘤
D38.301 纵隔肿瘤
J98.405 肺炎性假瘤
Q85.901 肺错构瘤","/
00.6800x001 肢体动脉血管内压力测量
03.3101 腰椎穿刺术
06.1303 超声引导下甲状旁腺活组织检查
07.1100 闭合性[经皮][针吸]肾上腺活组织检查
29.1100x002 纤维鼻咽镜检查
31.4200x003 纤维喉镜检查
31.4400x001 气管镜下气管活检
33.2200x003 纤维支气管镜检查
33.2400x001 支气管镜下支气管活检
33.2400x002 支气管镜下诊断性支气管肺泡灌洗[BAL]
33.2405 气管镜刷检术
33.2600x001 肺穿刺活检
33.2600x002 经皮针吸肺活检
33.2700x001 支气管镜下肺活检
33.2702 超声支气管镜下肺活组织检查
34.0401 胸腔闭式引流术
34.2300 胸壁活组织检查
34.2400x001 胸膜活检
34.2500 闭合性纵隔[经皮][针吸]活组织检查
34.9101 胸腔穿刺抽液术
34.9103 超声引导下胸腔穿刺术
34.9104 CT引导下胸腔穿刺术
37.0x01 超声引导下心包穿刺引流术
38.9301 经外周静脉穿刺中心静脉置管术
38.9302 颈内静脉穿刺中心静脉置管术
38.9304 股静脉穿刺置管术
40.1100x005 经支气管超声内镜纵隔淋巴结穿刺活检术
40.1100x009 纵隔淋巴结活检术
40.1101 颈淋巴结活组织检查
40.1102 锁骨上淋巴结活组织检查
40.1103 腋窝淋巴结活组织检查
40.1104 腹股沟淋巴结活组织检查
40.1106 内镜淋巴结活组织检查
41.3100 骨髓活组织检查
42.2400x001 食管镜下活检
44.1401 胃镜下活组织检查
45.1300x004 胃-十二指肠镜检查
45.2302 电子结肠镜检查
45.2501 结肠镜下大肠活组织检查
50.1100x005 经皮肝穿刺活检
54.2400x003 髂部病损穿刺活检
54.2403 经皮腹膜活组织检查
55.2301 肾穿刺活组织检查
57.9400 留置导尿管的置入术
77.4900x007 髂骨活检术
78.8100x003 肋骨穿刺活组织检查
83.2100 软组织活组织检查
86.0600x004 药物治疗泵置入
86.0701 静脉输液港植入术
86.1100 皮肤和皮下组织的活组织检查
89.5400 心电监测
99.2600 注射镇静药
99.6000 心肺复苏
99.8500x003 热疗(用于癌症)",1.32,12749.68,,,10
26,GK35,结肠镜治疗操作，不伴合并症或并发症,"A09.000x001 肠道感染
A09.004 感染性腹泻
A09.902 结肠炎
C16.301 胃窦恶性肿瘤
C16.900 胃恶性肿瘤
C18.001 回盲部恶性肿瘤
C18.200 升结肠恶性肿瘤
C18.300 结肠肝曲恶性肿瘤
C18.600 降结肠恶性肿瘤
C18.700 乙状结肠恶性肿瘤
C18.801 降结肠乙状结肠恶性肿瘤
C18.900 结肠恶性肿瘤
C20.x00 直肠恶性肿瘤
C79.809 腹腔继发恶性肿瘤
D01.000 结肠原位癌
D01.200 直肠原位癌
D12.000 盲肠良性肿瘤
D12.001 回盲部良性肿瘤
D12.200 升结肠良性肿瘤
D12.300 横结肠良性肿瘤
D12.301 结肠肝曲良性肿瘤
D12.400 降结肠良性肿瘤
D12.500 乙状结肠良性肿瘤
D12.600 结肠良性肿瘤
D12.602 结肠腺瘤样息肉病
D12.800 直肠良性肿瘤
D37.101 胃肿瘤
D37.403 升结肠肿瘤
D37.409 乙状结肠肿瘤
D37.501 直肠肿瘤
D48.714 腹腔肿瘤
K21.001 反流性食管炎
K21.900x003 胃食管反流
K22.600x001 贲门撕裂症
K22.601 食管贲门黏膜撕裂综合征
K22.801 食管隆起性病变
K25.000x002 急性胃黏膜病变伴出血
K25.400x001 胃溃疡伴出血
K25.900x001 胃溃疡
K26.000 急性十二指肠溃疡伴有出血
K26.400 慢性十二指肠溃疡伴有出血
K26.400x003 十二指肠糜烂出血
K26.401 十二指肠球部溃疡伴出血
K26.900x001 十二指肠溃疡
K26.900x002 十二指肠球部溃疡
K27.400x002 复合性溃疡伴出血
K28.400x002 吻合口溃疡伴出血
K28.900x001 吻合口溃疡
K29.400 慢性萎缩性胃炎
K29.500 慢性胃炎
K29.603 糜烂性胃炎
K31.500 十二指肠梗阻
K31.703 胃息肉
K31.902 胃肿物
K31.904 急性胃黏膜病变
K35.300 急性阑尾炎伴局限性腹膜炎
K35.301 急性阑尾炎伴腹膜脓肿
K35.800x001 急性阑尾炎
K50.900 克罗恩病
K51.900 溃疡性结肠炎
K51.901 溃疡性结肠炎，轻度
K52.803 嗜酸性细胞性胃炎
K52.903 非感染性回盲部炎症
K52.904 非感染性急性肠炎
K55.201 结肠血管扩张症
K55.900x004 缺血性肠病伴出血
K56.100 肠套叠
K56.200x003 肠系膜扭转
K56.700 肠梗阻
K56.701 不完全性肠梗阻
K57.304 结肠憩室炎
K57.305 盲肠憩室炎
K62.100 直肠息肉
K62.501 肛门出血
K62.820 肛门痛
K62.903 直肠肿物
K63.301 回肠溃疡
K63.500 结肠息肉
K63.500x084 横结肠息肉
K63.501 升结肠息肉
K63.502 降结肠息肉
K63.503 乙状结肠息肉
K63.504 多发性结肠息肉
K63.810 结肠囊肿
K63.813 回盲部息肉
K63.816 盲肠息肉
K63.900x001 结肠肿物
K64.811 混合痔
K65.000 急性腹膜炎
K65.005 腹腔脓肿
K65.800x001 肠系膜炎
K65.903 腹腔感染
K92.207 急性上消化道出血
K92.208 上消化道出血
K92.209 下消化道出血
K92.210 消化道出血
K92.901 胃肠功能紊乱
R10.101 上腹痛
R10.400x002 功能性腹痛
R10.402 腹痛
R14.x00x006 腹胀","45.4200 内镜下大肠息肉切除术
45.4200x003 纤维结肠镜下结肠息肉切除术
45.4201 内镜下乙状结肠息肉切除术
45.4300x013 内镜下结肠病损氩气刀治疗术（APC)
45.4301 内镜下乙状结肠病损切除术
45.4302 内镜下结肠病损切除术
45.4304 内镜下结肠止血术
45.4306 内镜下直肠钛夹止血术
45.4307 内镜下结肠黏膜切除术(EMR)
46.8600 内镜下结肠支架置入
46.9600x001 内镜下逆行阑尾腔冲洗术
48.3200x001 直肠-乙状结肠镜下直肠病损电切术
48.3600x002 内镜下直肠病损切除术
48.3602 直肠-乙状结肠镜下直肠息肉切除术
48.3603 内镜下直肠息肉氩离子凝固术（APC)
48.9900x005 内镜下直肠出血止血术",0.54,5226.75,,,3
27,IB35,与脊柱有关的其他手术，不伴严重合并症或并发症,"A18.012+M49.0* 脊柱结核性截瘫
C41.201 颈椎恶性肿瘤
C79.500x001 骨继发恶性肿瘤
C79.500x006 椎体继发恶性肿瘤
C79.500x032 腰椎继发恶性肿瘤
D16.600x002 颈椎良性肿瘤
D16.600x003 胸椎良性肿瘤
D16.600x004 腰椎良性肿瘤
D18.000x025 脊柱血管瘤
D48.013 脊柱肿瘤
D48.903+M90.7* 肿瘤性病理性骨折
M40.200x041 胸椎后凸
M40.200x061 腰椎后凸
M40.201 脊柱后凸
M41.900 脊柱侧弯
M41.900x061 腰椎侧弯
M43.006 腰椎滑脱
M46.300 椎间盘感染(脓性)
M46.500x091 椎体感染
M47.101+G99.2* 脊髓型颈椎病
M47.201 神经根型颈椎病
M47.801 颈椎关节强硬
M47.802 混合型颈椎病
M48.002 颈椎椎管狭窄
M48.003 胸椎椎管狭窄
M48.005 腰椎椎管狭窄
M48.808 黄韧带骨化
M50.101+G55.1* 颈椎间盘突出伴有神经根病
M50.201 颈椎间盘突出
M51.100x002+G55.1* 腰椎间盘突出伴神经根病
M51.101+G55.1* 腰椎间盘脱出伴坐骨神经痛
M51.202 腰椎间盘突出
M80.800 骨质疏松伴有病理性骨折，其他的
M80.801 老年性骨质疏松伴病理性骨折
M80.900 骨质疏松伴有病理性骨折
M84.401 自发性骨折
M86.608 慢性骨髓炎
S12.100 第二颈椎骨折
S12.100x002 枢椎骨折
S22.000x031 胸椎骨折T5/T6
S22.000x041 胸椎骨折T7/T8
S22.000x051 胸椎骨折T9/T10
S22.000x061 胸椎骨折T11/T12
S22.100 胸椎多处骨折
S32.000x002 腰椎压缩性骨折
S32.000x011 腰椎骨折L1
S32.000x021 腰椎骨折L2
S32.000x031 腰椎骨折L3
S32.000x041 腰椎骨折L4
S32.000x051 腰椎骨折L5
S32.702 多发性腰椎骨折","03.0900x003 颈椎后路单开门椎管减压术
03.0900x010 椎管减压术
03.0912 椎板切除减压术
03.0914 椎间盘镜下椎管减压术
03.5302 颈椎骨折切开复位内固定术
03.5304 胸椎骨折切开复位内固定术
03.5305 腰椎骨折切开复位内固定术
77.2900x004 椎骨截骨术
77.2904 椎骨楔形截骨术
77.6900x032 胸椎病损切除术
77.6900x039 腰椎病损切除术
77.6900x055 颈椎病损切除术
77.6905 内镜下脊柱病灶清除术
79.8900x006 腰椎脱位切开复位内固定术
80.5100x013 后入路腰椎间盘切除术
80.5100x024 颈椎间盘切除伴半椎板切除术
80.5102 颈椎间盘切除伴椎管减压术
80.5103 内镜下颈椎间盘切除术
80.5106 内镜下胸椎间盘切除术
80.5109 腰椎髓核切除术
80.5110 内镜下腰椎间盘切除术
80.5111 内镜下腰椎髓核切除术
81.6500 经皮椎骨成形术
81.6600x002 腰椎骨折球囊扩张成形术
81.6600x003 胸椎骨折球囊扩张成形术
81.6601 经皮椎体球囊扩张成形术
84.6101 颈部分椎间盘置换
84.8205 经皮椎弓根钉内固定术",1.99,19213.5,,,9
28,HC23,胆囊切除手术，伴合并症或并发症,"C23.x00 胆囊恶性肿瘤
C78.807 胆囊继发恶性肿瘤
D01.501 胆囊原位癌
D13.501 胆囊良性肿瘤
K80.000x004 胆囊结石伴慢性胆囊炎急性发作
K80.001 胆囊结石伴坏疽性胆囊炎
K80.002 胆囊结石伴急性化脓性胆囊炎
K80.100x001 胆囊结石伴胆囊炎
K80.101 胆囊结石伴慢性胆囊炎
K80.200x003 胆囊结石
K80.203 胆囊结石嵌顿
K80.302 胆总管结石伴胆管炎
K80.801 米里齐综合征
K81.002 急性化脓性胆囊炎
K81.006 慢性胆囊炎急性发作
K81.100 慢性胆囊炎
K81.900 胆囊炎
K82.802 胆囊息肉
K82.803 胆囊腺肌症
K83.001 急性胆管炎
K85.100 胆汁型急性胰腺炎
K85.101 急性胆源型胰腺炎，轻症
K85.102 急性胆源型胰腺炎，重症
K85.902 急性重症胰腺炎","51.2200 胆囊切除术
51.2300 腹腔镜下（单孔）胆囊切除术
51.2300 腹腔镜下胆囊切除术
51.2301 腹腔镜下残余胆囊切除术",1.34,12940.47,,,6
29,RN25,恶性及增生性疾病的靶向、免疫治疗，不伴严重合并症或并发症,"Z51.800x095 恶性肿瘤免疫治疗
Z51.800x951 恶性肿瘤术前免疫治疗
Z51.800x952 恶性肿瘤术后免疫治疗
Z51.800x981 恶性肿瘤术前靶向治疗
Z51.801 恶性肿瘤靶向治疗
Z51.807 恶性肿瘤术后靶向治疗
Z51.810 肿瘤免疫治疗","99.2800x005 静脉注射抗肿瘤免疫制剂治疗
99.2800x006 分子靶向治疗
99.2801 抗肿瘤免疫治疗",0.28,2699.06,,,2
30,FM35,经皮冠状动脉支架植入，不伴严重合并症或并发症,"I20.000 不稳定型心绞痛
I20.801 稳定型心绞痛
I20.803 劳力性心绞痛
I20.900 心绞痛
I21.001 急性前壁心肌梗死
I21.002 急性前侧壁心肌梗死
I21.003 急性前间壁心肌梗死
I21.004 急性广泛前壁心肌梗死
I21.103 急性下壁心肌梗死
I21.200x003 急性后壁心肌梗死
I21.200x016 急性下壁高侧壁心肌梗死
I21.200x019 急性广泛前壁高侧壁心肌梗死
I21.200x021 急性前壁高侧壁心肌梗死
I21.204 急性高侧壁心肌梗死
I21.208 急性下壁正后壁心肌梗死
I21.210 急性侧壁心肌梗死
I21.211 急性前壁下壁心肌梗死
I21.401 急性非ST段抬高型心肌梗死
I21.900 急性心肌梗死
I24.800x007 急性非ST段抬高型急性冠脉综合征
I25.103 冠状动脉粥样硬化性心脏病
I25.500 缺血性心肌病
I50.907 急性心力衰竭
I72.800x111 支气管动脉瘤
R55.x00x002 心源性晕厥","36.0601 冠状动脉药物涂层支架置入术
36.0700 药物洗脱冠状动脉支架置入",3.02,29082.37,,,6
31,LC11,输尿管手术，伴严重合并症或并发症,"C66.x00 输尿管恶性肿瘤
D41.401 膀胱肿瘤
N02.900x002 持续性血尿
N10.x02 急性肾盂肾炎
N13.100x001 肾积水伴输尿管狭窄
N13.201 肾积水伴肾结石
N13.202 肾积水伴输尿管结石
N13.203 肾积水伴肾输尿管结石
N13.301 肾积水
N13.400 输尿管积水
N13.504 输尿管狭窄
N13.600 肾积脓
N13.601 肾结石伴有积水和感染
N13.602 输尿管结石伴有积水和感染
N13.603 肾输尿管结石伴有积水和感染
N13.605 输尿管狭窄伴有感染
N13.801 梗阻性肾病
N15.101 肾脓肿
N17.900 急性肾衰竭
N18.500 慢性肾脏病5期
N20.000 肾结石
N20.001 鹿角状结石
N20.100 输尿管结石
N28.828 输尿管囊肿
N28.833 输尿管息肉
N39.000 泌尿道感染","56.0x00x003 经尿道输尿管镜输尿管取石术
56.0x00x005 经尿道输尿管镜输尿管激光碎石术
56.0x00x006 经尿道输尿管镜肾盂激光碎石术
56.0x00x011 经尿道输尿管镜输尿管激光碎石取石术
56.0x00x012 经尿道输尿管镜肾盂激光碎石取石术
56.0x00x015 经尿道输尿管镜输尿管超声碎石取石术
56.0x03 经尿道输尿管/肾盂激光碎石术
56.0x03 经尿道输尿管肾盂激光碎石术
56.0x06 经尿道输尿管/肾盂激光碎石取石术
56.0x08 经尿道输尿管/肾盂超声碎石取石术
56.2x04 腹腔镜下输尿管切开取石术
56.4100x009 腹腔镜下输尿管囊肿造口术
56.4100x012 经尿道输尿管病损激光切除术
56.4105 腹腔镜下输尿管部分切除术
56.4201 腹腔镜下输尿管切除术
56.7402 腹腔镜下输尿管膀胱吻合术
59.0201 输尿管狭窄松解术
59.8x00x001 膀胱镜下输尿管扩张术
59.8x00x004 经尿道膀胱镜输尿管导管插入术
59.8x00x005 经尿道膀胱镜输尿管镜输尿管扩张术
59.8x03 经尿道输尿管支架置入术",1.68,16201.05,,,8
32,BR25,其他脑缺血性疾病，不伴合并症或并发症,"G45.002 椎-基底动脉供血不足
G45.004 后循环缺血
G45.400 短暂性完全性遗忘
G45.800x004 锁骨下盗血综合征伴锁骨下动脉狭窄
G45.801 锁骨下动脉盗血综合征
G45.900 短暂性大脑缺血性发作
I63.801 腔隙性脑梗死
I63.900 脑梗死
I65.000x005 椎动脉迂曲
I65.001 椎动脉狭窄
I65.002 椎动脉闭塞
I65.102 基底动脉狭窄
I65.200x001 颈动脉狭窄
I65.200x015 颈动脉闭塞
I65.201 颈内动脉狭窄
I65.202 颈总动脉狭窄
I65.203 颈内动脉闭塞
I65.204 颈外动脉狭窄
I65.207 颈总动脉闭塞
I65.300x003 双侧入脑前动脉狭窄
I65.800x001 无名动脉斑块
I66.001 大脑中动脉狭窄
I66.002 大脑中动脉闭塞
I66.101 大脑前动脉狭窄
I66.102 大脑前动脉闭塞
I66.201 大脑后动脉闭塞
I66.202 大脑后动脉狭窄
I66.300x013 小脑上动脉狭窄
I66.400x003 双侧大脑动脉狭窄
I66.800x003 后交通动脉狭窄
I66.800x004 后交通动脉闭塞
I66.901 脑动脉狭窄
I67.100x010 颅内多发动脉瘤
I67.100x019 颈内动脉分叉段动脉瘤
I67.100x020 大脑前-前交通动脉瘤
I67.100x021 大脑前动脉近侧段(A1)动脉瘤
I67.100x023 大脑前动脉远侧段(A2-A5)动脉瘤
I67.100x033 大脑后动脉动脉瘤
I67.103 后交通动脉瘤
I67.107 前交通动脉瘤
I67.108 大脑中动脉瘤
I67.110 颅内动脉瘤
I67.200 大脑动脉粥样硬化
I67.200x004 颈动脉硬化
I67.201 动脉硬化性脑病
I67.202 颈内动脉粥样硬化
I67.203 椎动脉粥样硬化
I67.500 烟雾病
I67.601 颅内静脉窦非脓性血栓形成
I67.605 乙状窦非脓性血栓形成
I67.800x003 脑血管供血不足
I67.800x004 缺血性脑血管病
I67.800x005 伴有皮层下梗塞和白质脑病的常染色体显性脑动脉病
I67.803 脑动脉供血不足
I67.805 慢性缺血性脑血管病
I72.000 颈动脉瘤伴夹层
I72.000x013 颈总动脉夹层
I72.000x023 颈内动脉夹层
I72.000x034 颈内动脉海绵窦段动脉瘤
I72.000x035 颈内动脉床突段动脉瘤
I72.000x036 颈内动脉眼动脉段动脉瘤
I72.002 颈内动脉瘤
I72.005 颈动脉夹层
I72.500x001 基底动脉瘤
I72.600x002 椎动脉动脉瘤","/
03.3101 腰椎穿刺术
03.9102 脊神经根阻滞术
04.8101 周围神经阻滞术
04.8102 三叉神经阻滞术
04.8104 肋间神经阻滞术
06.1101 超声引导下经皮甲状腺活组织检查术
17.91110 头针治疗
17.912A0 电针治疗
17.91330 悬灸治疗
17.94100 拔罐治疗
17.95420 中药熏药治疗
18.1100 耳镜检查
24.0x02 牙龈切开引流术
29.1100x002 纤维鼻咽镜检查
31.4200x003 纤维喉镜检查
31.4201 喉镜检查
33.2400x002 支气管镜下诊断性支气管肺泡灌洗[BAL]
33.2403 纤维支气管镜检查伴肺泡灌洗术
34.9101 胸腔穿刺抽液术
38.9100 动脉导管插入术
38.9303 锁骨下静脉穿刺中心静脉置管术
40.1103 腋窝淋巴结活组织检查
44.1301 超声内镜下胃检查
45.1300x004 胃-十二指肠镜检查
45.1301 十二指肠镜检查术
45.1402 内镜下回肠活组织检查
45.1600x001 胃十二指肠镜下活检
45.2302 电子结肠镜检查
45.2501 结肠镜下大肠活组织检查
48.2400x002 直肠活检
54.9101 腹腔穿刺引流术
57.9400 留置导尿管的置入术
86.1100 皮肤和皮下组织的活组织检查
89.1702 多导睡眠呼吸监测
89.5400 心电监测
89.6700 心脏排出量监测，用氧耗技术
93.5401 石膏夹板固定
95.0400 麻醉下眼检查
95.1100 眼底照相术
95.1201 眼荧光素血管造影
95.4601 前庭功能检查",0.62,6012.45,,,7
33,IU13,骨病及其他关节病，伴合并症或并发症,"M05.900 血清反应阳性的类风湿性关节炎
M06.000 血清反应阴性的类风湿性关节炎
M06.900 类风湿性关节炎
M06.906 类风湿性膝关节关节炎
M08.800x091 幼年型特发性关节炎
M10.000x094 原发性痛风
M10.002 痛风性关节炎
M10.003 痛风性滑囊炎
M10.300 肾功能损害引起的痛风
M10.900 痛风
M10.900x093 痛风石
M10.903 痛风结节
M13.000 多关节炎
M13.800x001 变应性关节炎
M13.900 关节炎
M15.000 原发性全身性(骨)关节病
M15.301 创伤后多关节病
M15.900 多关节病
M15.902 全身性骨关节炎
M16.000 原发性双侧髋关节病
M16.101 原发性单侧髋关节病
M16.301 发育异常性单侧髋关节病
M16.900 髋关节病
M16.900x011 髋关节周围炎
M17.000 原发性双侧膝关节病
M17.101 原发性单侧膝关节病
M17.900 膝关节病
M17.900x002 膝关节退行性病变
M17.900x003 双侧膝关节骨性关节病
M17.900x004 单侧膝关节骨性关节病
M19.900 关节病
M19.901 肩关节关节病
M19.902 肘关节关节病
M19.905 踝关节关节病
M24.503 踝关节挛缩
M24.800x052 髋关节撞击综合征
M24.908 腰椎小关节紊乱
M25.301 关节不稳定
M25.411 膝关节积液
M25.413 踝关节积液
M25.501 肩关节痛
M25.502 肘关节痛
M25.504 手骨间关节痛
M25.505 髋关节痛
M25.506 膝关节痛
M25.507 踝关节痛
M25.602 肩关节僵硬
M25.603 肘关节僵硬
M25.606 髋关节僵硬
M25.804 肘关节囊肿
M25.900x061 膝关节肿物
M47.900x091 脊柱骨关节病
M81.000 绝经后骨质疏松
M81.800x091 老年性骨质疏松
M81.900 骨质疏松
M85.000x084 椎骨纤维异常增殖症
M85.600x052 坐骨结节囊肿
M89.818 骨质破坏
M89.823 骨痛
M89.903 肱骨肿物
M89.918 肋骨肿物
M94.100 复发性多软骨炎
N25.002+M90.8* 肾性骨病","/
03.3101 腰椎穿刺术
03.9102 脊神经根阻滞术
04.8101 周围神经阻滞术
06.1101 超声引导下经皮甲状腺活组织检查术
17.912A0 电针治疗
17.91330 悬灸治疗
17.95420 中药熏药治疗
27.2300 唇活组织检查
29.1100x002 纤维鼻咽镜检查
31.4200x003 纤维喉镜检查
33.2400x002 支气管镜下诊断性支气管肺泡灌洗[BAL]
34.0401 胸腔闭式引流术
41.3100 骨髓活组织检查
44.1300x001 胃镜检查
44.1301 超声内镜下胃检查
44.1401 胃镜下活组织检查
45.1300x004 胃-十二指肠镜检查
45.1301 十二指肠镜检查术
45.1600x001 胃十二指肠镜下活检
45.2302 电子结肠镜检查
45.2501 结肠镜下大肠活组织检查
48.2400x002 直肠活检
77.4904 椎骨活组织检查
80.3200 肘关节结构的活组织检查
83.2100 软组织活组织检查
83.9501 超声引导下躯干软组织病损抽吸术
83.9700 腱治疗性药物注入
83.9800x001 软组织治疗性药物局部注射
86.1100 皮肤和皮下组织的活组织检查
86.2800x012 皮肤和皮下组织非切除性清创
89.6700 心脏排出量监测，用氧耗技术
93.5401 石膏夹板固定
96.5100 眼冲洗术
99.2400x001 肾上腺皮质激素类药物注射
99.7100 治疗性血浆去除术
99.7300 治疗性红细胞去除术",0.72,6960.95,,,10
34,IU25,颈腰背疾病，不伴合并症或并发症,"A18.000x018+M49.0* 脊椎结核并椎旁脓肿
A18.006+M49.0* 胸椎结核
A18.007+M49.0* 腰椎结核
A18.009+M49.0* 脊柱结核
A18.010+M49.0* 脊柱结核性脓肿
M24.301 自发性寰枢椎脱位
M24.302 自发性寰枢椎半脱位
M40.100x051 继发性胸腰段脊柱后凸
M40.201 脊柱后凸
M41.900 脊柱侧弯
M43.002 颈椎滑脱
M43.006 腰椎滑脱
M43.009 腰椎峡部裂
M46.100 骶髂关节炎，不可归类在他处者
M46.300x061 腰椎间盘感染
M46.500x091 椎体感染
M46.500x092 化脓性脊柱炎
M46.502 胸椎脓肿
M46.503 腰椎脓肿
M46.802 退行性脊柱炎
M47.001+G99.2* 椎动脉型颈椎病
M47.101+G99.2* 脊髓型颈椎病
M47.201 神经根型颈椎病
M47.204 神经根型腰椎病
M47.801 颈椎关节强硬
M47.802 混合型颈椎病
M48.002 颈椎椎管狭窄
M48.005 腰椎椎管狭窄
M48.503 腰椎楔形变
M48.901 颈椎退行性病变
M48.902 胸椎退行性病变
M48.903 腰椎退行性病变
M50.101+G55.1* 颈椎间盘突出伴有神经根病
M50.201 颈椎间盘突出
M51.100x002+G55.1* 腰椎间盘突出伴神经根病
M51.101+G55.1* 腰椎间盘脱出伴坐骨神经痛
M51.104+G55.1* 椎间盘破裂性神经炎
M51.201 胸椎间盘突出
M51.202 腰椎间盘突出
M51.203 胸腰椎椎间盘突出
M51.204 腰骶椎间盘突出
M51.205 椎间盘移位性腰痛
M51.303 腰椎间盘变性
M53.203 颈椎不稳定
M53.207 腰椎不稳定
M53.302 骶髂关节改变
M54.101 臂丛神经炎
M54.200 颈痛
M54.300 坐骨神经痛
M54.501 第三腰椎横突综合征
M54.502 腰痛
M54.503 腰背痛
M54.504 腰背肌筋膜炎
M54.505 腰肌劳损
S12.100 第二颈椎骨折
S12.100x002 枢椎骨折
S12.200x011 颈椎骨折C3
S12.200x021 颈椎骨折C4
S12.200x031 颈椎骨折C5
S12.200x041 颈椎骨折C6
S12.700 颈椎多处骨折
S13.102 寰枢椎半脱位
S13.103 寰枢椎脱位
S22.000x003 胸椎压缩性骨折
S22.000x021 胸椎骨折T3/T4
S22.000x031 胸椎骨折T5/T6
S22.000x041 胸椎骨折T7/T8
S22.000x051 胸椎骨折T9/T10
S22.000x061 胸椎骨折T11/T12
S22.100 胸椎多处骨折
S32.000x002 腰椎压缩性骨折
S32.000x011 腰椎骨折L1
S32.000x021 腰椎骨折L2
S32.000x031 腰椎骨折L3
S32.000x041 腰椎骨折L4
S32.000x051 腰椎骨折L5
S32.100 骶骨骨折
S32.200 尾骨骨折
S32.702 多发性腰椎骨折
S32.800x022 腰骶横突骨折
S32.800x024 腰骶椎骨骨折
S33.501 腰部扭伤
S33.700x002 棘上韧带损伤
S39.906 腰部损伤","/
03.3101 腰椎穿刺术
03.9101 椎管内置管止痛术
03.9102 脊神经根阻滞术
03.9200x001 椎管内注射封闭
04.8101 周围神经阻滞术
04.8106 股神经阻滞术
06.1101 超声引导下经皮甲状腺活组织检查术
17.91110 头针治疗
17.91270 穴位注射治疗
17.912A0 电针治疗
17.91330 悬灸治疗
17.95420 中药熏药治疗
17.96100 针刀治疗
17.96700 松解针松解治疗
18.0901 耳前切开引流术
21.2100 鼻镜检查
27.4300x011 唇部皮肤和皮下组织非切除性清创
29.1100 咽镜检查
29.1100x002 纤维鼻咽镜检查
31.4200x003 纤维喉镜检查
31.4201 喉镜检查
33.2400x002 支气管镜下诊断性支气管肺泡灌洗[BAL]
34.0401 胸腔闭式引流术
38.9800x001 动脉穿刺术
41.3100 骨髓活组织检查
42.2300x001 食管镜检查
44.1300x001 胃镜检查
44.1301 超声内镜下胃检查
44.1401 胃镜下活组织检查
45.1300x004 胃-十二指肠镜检查
45.1600x001 胃十二指肠镜下活检
45.2302 电子结肠镜检查
45.2501 结肠镜下大肠活组织检查
48.2401 直肠乙状结肠镜下直肠活组织检查
54.9100x009 超声引导下盆腔穿刺术
54.9103 髂窝穿刺引流术
77.4904 椎骨活组织检查
78.8900x002 椎骨穿刺活组织检查
83.2100 软组织活组织检查
83.9700 腱治疗性药物注入
83.9800x001 软组织治疗性药物局部注射
93.4102 颅骨牵引术
93.4201 颈椎牵引术
93.4400x009 颅颌牵引
93.4600x001 皮牵引
93.5402 石膏托固定术",0.53,5070.34,,,10
35,NE19,子宫腔内病变手术,"C54.100 子宫内膜恶性肿瘤
D25.000 子宫黏膜下平滑肌瘤
D25.100x001 子宫肌壁间平滑肌瘤
D25.200 子宫浆膜下层平滑肌瘤
D25.900 子宫平滑肌瘤
D25.900x001 子宫多发性平滑肌瘤
D25.901 宫颈平滑肌瘤
D26.100x002 子宫腺肌瘤
D27.x00 卵巢良性肿瘤
I77.009 子宫动静脉瘘
N71.901 子宫积脓
N73.604 子宫粘连
N84.001 子宫内膜息肉
N84.100 宫颈息肉
N85.000 子宫内膜腺性增生
N85.000x002 子宫内膜囊性增生
N85.001 子宫内膜单纯性增生
N85.003 子宫内膜息肉样增生
N85.101 子宫内膜非典型增生
N85.600 子宫内粘连
N85.807 子宫积水
N85.814 子宫憩室
N93.901 异常子宫出血
N95.000 绝经后出血
N96.x00 习惯性流产
N99.800x010 子宫切口憩室
Q51.202 子宫纵隔
R93.800x006 宫腔占位
R93.803 子宫内膜增厚
T83.301 子宫内节育器残留
T83.303 子宫内节育器嵌顿","68.2100x002 子宫内膜粘连松解术
68.2101 宫腔镜子宫内膜粘连松解术
68.2302 宫腔镜子宫内膜切除术
68.2902 子宫内膜病损破坏术
68.2903 子宫内膜病损切除术
68.2913 宫腔镜子宫病损电切术
68.2915 宫腔镜子宫内膜病损切除术
68.2916 宫腔镜子宫内膜成形术
68.2917 宫腔镜子宫病损切除术
69.7x00 子宫内避孕装置置入
98.1600x002 宫腔镜下子宫内异物去除",0.65,6228.81,,,2
36,GE15,伴穿孔、化脓、坏疽等阑尾切除术，不伴严重合并症或并发症,"C18.100 阑尾恶性肿瘤
K35.200 急性阑尾炎伴有弥漫性腹膜炎
K35.201 急性阑尾炎破裂或穿孔后伴有弥漫性腹膜炎
K35.300 急性阑尾炎伴局限性腹膜炎
K35.301 急性阑尾炎伴腹膜脓肿","47.0100 腹腔镜下阑尾切除术
47.0901 阑尾切除术
47.2x00 阑尾脓肿引流术",1.11,10688.09,,,5
37,BM15,神经介入检查术，不伴严重合并症或并发症,"A86.x00 病毒性脑炎
A87.900 病毒性脑膜炎
B02.100+G02.0* 带状疱疹脑膜炎
D32.015 鞍结节脑膜瘤
D33.004 额叶良性肿瘤
D33.007 颞叶良性肿瘤
D33.101 小脑良性肿瘤
D33.700x003 颈静脉孔区良性肿瘤
E05.900x007+G73.0* 甲亢性肌无力综合征
E11.400x140+G59.0* 2型糖尿病性动眼神经麻痹
G04.919 小脑炎
G20.x00 帕金森病
G20.x03 帕金森综合征
G21.900 继发性帕金森综合征
G24.500x002 梅热睑痉挛[Meige综合征]
G30.800x003+F00.2* 混合性痴呆
G30.900 阿尔茨海默病
G31.000 局限性脑萎缩
G31.200 酒精性神经系统变性
G31.902 脑萎缩
G40.300x023 癫痫全面性发作强直阵挛性发作
G43.200 偏头痛状态
G43.900 偏头痛
G44.000x002 发作性丛集性头痛
G44.004 神经性头痛
G44.200 紧张型头痛
G45.800x003 锁骨下盗血综合征伴锁骨下动脉闭塞
G45.800x004 锁骨下盗血综合征伴锁骨下动脉狭窄
G45.802 脑血管供血不足伴短暂性局灶性神经症状
G45.900 短暂性大脑缺血性发作
G51.301 面肌痉挛
G52.800x004 枕神经痛
G70.002 重症肌无力，眼肌型
G95.100 血管性脊髓病
I60.000x003 颈内动脉眼动脉段动脉瘤破裂伴蛛网膜下腔出血
I60.401 基底动脉瘤破裂伴蛛网膜下腔出血
I60.700x001 脑动脉瘤破裂伴蛛网膜下腔出血
I60.701 颅内动脉瘤破裂伴蛛网膜下隙出血
I61.004 基底节出血
I61.006 外囊出血
I61.100x007 额顶叶脑出血
I61.100x011 额颞顶枕叶脑出血
I61.100x013 颞顶叶脑出血
I61.300x002 脑干出血
I61.400x001 小脑出血
I61.500x008 脑室出血
I61.802 丘脑出血
I62.001 急性非创伤性硬膜下血肿
I63.201 颈内动脉狭窄脑梗死
I63.203 颈动脉狭窄脑梗死
I63.204 颈动脉闭塞脑梗死
I63.206 基底动脉狭窄脑梗死
I63.207 椎动脉闭塞脑梗死
I63.208 椎动脉狭窄脑梗死
I63.402 大脑动脉栓塞引起脑梗死
I63.500 大脑动脉的闭塞或狭窄引起的脑梗死
I63.501 大脑动脉狭窄脑梗死
I63.502 大脑动脉闭塞脑梗死
I63.801 腔隙性脑梗死
I63.900 脑梗死
I63.901 脑干梗死
I63.904 小脑梗死
I63.905 多发性脑梗死
I63.906 基底节脑梗死
I63.907 丘脑梗死
I65.000x005 椎动脉迂曲
I65.001 椎动脉狭窄
I65.002 椎动脉闭塞
I65.102 基底动脉狭窄
I65.200x001 颈动脉狭窄
I65.201 颈内动脉狭窄
I65.202 颈总动脉狭窄
I65.203 颈内动脉闭塞
I65.204 颈外动脉狭窄
I65.800x007 无名动脉闭塞
I66.001 大脑中动脉狭窄
I66.002 大脑中动脉闭塞
I66.101 大脑前动脉狭窄
I66.200x002 大脑后动脉栓塞
I66.202 大脑后动脉狭窄
I67.000x009 颅内椎动脉夹层
I67.100x005 脑膜动静脉瘘
I67.100x010 颅内多发动脉瘤
I67.100x011 脉络膜前动脉瘤
I67.100x019 颈内动脉分叉段动脉瘤
I67.100x020 大脑前-前交通动脉瘤
I67.100x021 大脑前动脉近侧段(A1)动脉瘤
I67.100x023 大脑前动脉远侧段(A2-A5)动脉瘤
I67.100x029 小脑前下动脉动脉瘤
I67.100x030 小脑后下动脉动脉瘤
I67.100x033 大脑后动脉动脉瘤
I67.103 后交通动脉瘤
I67.107 前交通动脉瘤
I67.108 大脑中动脉瘤
I67.110 颅内动脉瘤
I67.200 大脑动脉粥样硬化
I67.200x004 颈动脉硬化
I67.202 颈内动脉粥样硬化
I67.203 椎动脉粥样硬化
I67.500 烟雾病
I67.601 颅内静脉窦非脓性血栓形成
I67.800x004 缺血性脑血管病
I69.000x002 蛛网膜下腔出血恢复期
I69.100x003 陈旧性脑出血
I69.300x002 陈旧性脑梗死
I69.300x003 脑梗死恢复期
I72.000x034 颈内动脉海绵窦段动脉瘤
I72.000x035 颈内动脉床突段动脉瘤
I72.000x036 颈内动脉眼动脉段动脉瘤
I72.002 颈内动脉瘤
I72.004 颈内动脉颅内段动脉瘤
I72.500x001 基底动脉瘤
I72.500x002 基底动脉顶端动脉瘤
I72.600x002 椎动脉动脉瘤
Q28.200 大脑血管动静脉畸形
Q28.200x006 颅内巨大动静脉畸形
Q28.202 先天性硬脑膜动静脉瘘
Q28.300x007 脑静脉畸形
Q28.305 先天性小脑动静脉畸形
R42.x00x004 头晕
R90.000 颅内占位性病变
S06.202 脑挫伤
S06.500x004 急性创伤性硬脑膜下血肿
S06.600x002 创伤性蛛网膜下腔血肿
S06.700x001 闭合性颅脑损伤轻型","88.4100 脑动脉造影术
88.4101 脑血管造影
88.4102 脊髓血管造影",1.41,13573.55,,,8
38,BQY,歧义组(MDCB),"A32.102+G05.0* 利斯特菌性脑膜脑炎
A86.x00 病毒性脑炎
A87.900 病毒性脑膜炎
B02.000x003+G05.1* 带状疱疹性脑膜脑炎
B02.202+G53.0* 带状疱疹性神经痛
B02.203+G53.0* 带状疱疹性神经根炎
B02.206+G53.0* 带状疱疹性肋间神经痛
C71.200 颞叶恶性肿瘤
C71.805 颞顶枕叶恶性肿瘤
C71.900 脑恶性肿瘤
C79.300x002 脑继发恶性肿瘤
C79.401 中枢神经系统继发恶性肿瘤
D32.004 额叶脑膜瘤
D36.102 颈周围神经和自主神经良性肿瘤
D44.401 颅咽管肿瘤
E11.401+G63.2* 2型糖尿病性周围神经病
G04.807 化脓性脑膜脑炎
G06.006 颅内感染
G12.201 肌萎缩侧索硬化症(ALS)
G30.000 阿尔茨海默病伴有早期发病
G30.900 阿尔茨海默病
G31.902 脑萎缩
G40.800x004 症状性癫痫[继发性癫痫]
G40.900 癫痫
G41.900 癫痫持续状态
G44.001 慢性偏头痛
G44.005 神经血管性头痛
G44.200 紧张型头痛
G45.900 短暂性大脑缺血性发作
G50.000 三叉神经痛
G51.803 面神经炎
G56.000 腕管综合征
G57.001 梨状肌综合征
G57.500x001 胫后神经卡压综合征
G58.001 肋间神经痛
G61.000 吉兰-巴雷［格林-巴利］综合征
G62.901 周围神经病
G70.000 重症肌无力
G81.900 偏瘫
G93.100 缺氧性脑损害，不可归类在他处者
G93.100x002 脑缺氧症
G93.101 肺性脑病
G93.102 缺氧缺血性脑病
G93.403 代谢性脑病
G93.902 脑肿物
G95.003 脊髓空洞症
G95.200 脊髓受压
I60.200x002 大脑前-前交通动脉瘤破裂伴蛛网膜下腔出血
I60.700x001 脑动脉瘤破裂伴蛛网膜下腔出血
I61.004 基底节出血
I61.100x001 顶叶出血
I61.100x003 额叶出血
I61.100x004 额颞叶出血
I61.100x009 额顶枕叶脑出血
I61.100x014 颞枕叶脑出血
I61.300x002 脑干出血
I61.400x001 小脑出血
I61.600x001 多灶性脑出血
I61.802 丘脑出血
I61.902 高血压脑出血
I62.000 非创伤性硬膜下出血
I63.100 入脑前动脉栓塞引起的脑梗死
I63.201 颈内动脉狭窄脑梗死
I63.207 椎动脉闭塞脑梗死
I63.500 大脑动脉的闭塞或狭窄引起的脑梗死
I63.501 大脑动脉狭窄脑梗死
I63.502 大脑动脉闭塞脑梗死
I63.801 腔隙性脑梗死
I63.900 脑梗死
I63.901 脑干梗死
I63.902 大面积脑梗死
I63.904 小脑梗死
I63.905 多发性脑梗死
I63.906 基底节脑梗死
I65.001 椎动脉狭窄
I65.200x001 颈动脉狭窄
I65.201 颈内动脉狭窄
I65.202 颈总动脉狭窄
I65.203 颈内动脉闭塞
I66.001 大脑中动脉狭窄
I66.002 大脑中动脉闭塞
I66.800x004 后交通动脉闭塞
I66.901 脑动脉狭窄
I67.100x019 颈内动脉分叉段动脉瘤
I67.100x021 大脑前动脉近侧段(A1)动脉瘤
I67.200 大脑动脉粥样硬化
I67.200x004 颈动脉硬化
I67.202 颈内动脉粥样硬化
I67.800x004 缺血性脑血管病
I67.803 脑动脉供血不足
I67.805 慢性缺血性脑血管病
I69.100x001 脑出血后遗症
I72.000x023 颈内动脉夹层
I72.000x035 颈内动脉床突段动脉瘤
I72.000x036 颈内动脉眼动脉段动脉瘤
I72.002 颈内动脉瘤
Q28.200 大脑血管动静脉畸形
Q85.000 神经纤维瘤病(非恶性)
Q85.100 结节性硬化症
R42.x00x004 头晕
R51.x00 头痛
S02.100x009 蝶骨骨折
S06.206 弥漫性轴索损伤
S06.300x011 局灶性大脑挫伤伴出血
S06.300x031 局灶性大脑挫伤伴血肿
S06.600x002 创伤性蛛网膜下腔血肿
S06.700x001 闭合性颅脑损伤轻型
S06.700x004 闭合性颅脑损伤特重型
S06.700x005 开放性颅脑损伤轻型
S06.700x006 开放性颅脑损伤中型
S06.700x007 开放性颅脑损伤重型
S06.900 颅内损伤
S14.100x022 脊髓中央管综合征
S14.101 颈部脊髓损伤","04.4900x045 踝管减压术
08.8101 眼睑裂伤缝合术
08.8102 眉裂伤缝合术
09.4100x001 泪点扩张术
09.4200 泪小管探通术
09.4300 鼻泪管探通术
10.3300x002 结膜结石取出术
18.4x00 外耳裂伤缝合术
21.0100 控制鼻出血，用前鼻孔填塞
21.3200x010 鼻皮肤和皮下坏死组织切除清创术
27.5100 唇裂伤缝合术
31.1x00x005 暂时性气管切开术
36.0700 药物洗脱冠状动脉支架置入
37.2100 右心导管置入
39.7900x058 经皮肠系膜上动脉栓塞术
39.7902 经导管支气管动脉栓塞术
39.7910 经导管动静脉畸形介入栓塞术
39.9500 血液透析
39.9500x004 血浆置换
39.9500x007 连续性肾脏替代治疗[CRRT]
39.9600x003 血液灌流
40.2900x021 颈淋巴结切除术
42.3304 内镜食管息肉切除术
43.4105 内镜下胃息肉切除术
43.4108 内镜下胃黏膜切除术[EMR]
44.4300x002 胃镜下胃出血止血术
45.4200x003 纤维结肠镜下结肠息肉切除术
45.4201 内镜下乙状结肠息肉切除术
45.4302 内镜下结肠病损切除术
45.4305 内镜下直肠止血术
45.4307 内镜下结肠黏膜切除术(EMR)
48.3600 直肠[内镜的]息肉切除术
48.3600x002 内镜下直肠病损切除术
48.3600x003 内镜下直肠黏膜下剥离术(ESD)
48.3600x004 内镜下直肠黏膜切除术(EMR)
48.3602 直肠-乙状结肠镜下直肠息肉切除术
55.0106 腹腔镜下肾囊肿去顶术
55.9601 肾囊肿硬化剂注射术
59.8x03 经尿道输尿管支架置入术
79.7100 肩脱位闭合性复位术
80.1300 腕关节切开术
80.4302 腕韧带松解术
81.0200x001 前入路颈椎融合术
81.0300x001 后入路颈椎融合术
81.9201 关节治疗性物质注射
82.3601 手部肌肉清创术
86.2201 皮肤伤口切除性清创术
86.2300x005 拔甲术
86.3x02 皮肤病损切除术
86.3x03 皮下组织病损切除术
86.5900x006 皮肤缝合术
86.7501 皮瓣清创术
88.4201 主动脉弓造影
88.5500 单根导管的冠状动脉造影术
88.6701 脊髓静脉造影
92.2400x003 调强适形放射治疗[IMRT]
92.2900x001 放射治疗
93.9000 无创机械性通气
93.9000x002 无创呼吸机辅助通气(双水平气道正压[BiPAP])
93.9000x003 无创呼吸机辅助通气(高频通气[HFPPV])
96.0400 气管内插管
96.7101 呼吸机治疗[小于96小时]
96.7201 呼吸机治疗[大于等于96小时]
98.1503 气管镜支气管异物取出术
98.2200x005 角膜嵌入异物去除
98.2203 非切开结膜异物取出术
99.2503 静脉注射化疗药物
99.2800x005 静脉注射抗肿瘤免疫制剂治疗
99.2800x006 分子靶向治疗",/,/,,,/
39,CD19,眼眶手术,"C69.600 眶恶性肿瘤
E11.300x032+H36.0* 2型糖尿病性增殖性出血性视网膜病
E11.300x045+H36.0* 2型糖尿病性环状的黄斑病性视网膜病
E11.300x053+H36.0* 2型糖尿病性牵拉性视网膜脱离
E11.301+H36.0* 2型糖尿病性视网膜病变
E14.300x031+H36.0* 糖尿病性增殖性视网膜病
E14.300x032+H36.0* 糖尿病性增殖性出血性视网膜病
E14.300x071+H36.0* 糖尿病性视网膜病变
H02.901 眼睑肿物
H05.001 眶蜂窝织炎
H05.802 眶脂肪脱垂
H05.901 眼眶肿物
H11.901 结膜肿物
H15.803 巩膜葡萄肿
H16.001 角膜溃疡性穿孔
H18.808 角膜内皮失代偿
H31.802 脉络膜新生血管
H33.400 牵引性视网膜脱离
H34.801 视网膜分支静脉阻塞
H34.802 视网膜静脉阻塞
H34.803 视网膜中心性静脉阻塞
H35.300x011 湿性年龄相关性黄斑变性
H35.305 年龄相关性黄斑变性
H35.307 视网膜黄斑变性
H35.601 黄斑出血
H35.800x005 急性视网膜坏死综合征
H35.804 黄斑囊样水肿
H40.500x002 继发性青光眼
H40.501 新生血管性青光眼
H43.100 玻璃体积血
H44.000x005 眼内炎
H44.502 眼球萎缩
H54.400 盲，单眼
S05.102 创伤性前房积血
S05.201 角膜穿通伤伴虹膜嵌顿
S05.300x004 眼球破裂伤
T85.301 义眼台暴露
Z44.201 安装义眼","16.3100x001 眼内容物剜出伴巩膜内填充
16.3900x001 眼球内容物剜出术
16.4200x001 眼球摘除伴义眼台置入术
16.4900x001 眼球摘除术
16.6101 二期义眼台置入术
16.7101 义眼台取出术
16.8200 眼球破裂修补术
16.9200 眼眶病损切除术
16.9300x003 眶内病损切除术
16.9900 眼球其他手术",0.7,6710.66,,,3
40,SR11,"败血症,伴严重合并症或并发症","A02.100 沙门菌脓毒症
A40.300 肺炎链球菌性脓毒症
A40.800 链球菌性脓毒症，其他的
A40.900 链球菌性脓毒症
A41.000 金黄色葡萄球菌性脓毒症
A41.100x002 表皮葡萄球菌脓毒症
A41.101 凝固酶阴性葡萄球菌脓毒症
A41.200 葡萄球菌性脓毒症
A41.300 流感嗜血杆菌性脓毒症
A41.500x083 革兰阴性杆菌脓毒症
A41.501 大肠杆菌脓毒症
A41.502 铜绿假单胞菌脓毒症
A41.503 克雷伯杆菌脓毒症
A41.504 阴沟肠杆菌脓毒症
A41.505 变形杆菌脓毒症
A41.506 不动杆菌属性脓毒症
A41.801 枯草杆菌脓毒症
A41.805 革兰阳性菌脓毒症
A41.807 肠球菌性脓毒症
A41.900 脓毒症
A41.900x004 内毒素血症
B37.700 念珠菌性脓毒症","/
00.6800x001 肢体动脉血管内压力测量
00.6900x001 血管内压力测量
00.6900x004 肠系膜血管血管内压力测量
03.3101 腰椎穿刺术
04.8101 周围神经阻滞术
17.91110 头针治疗
17.912A0 电针治疗
17.91330 悬灸治疗
17.95420 中药熏药治疗
17.98410 直肠滴注治疗
17.98422 经直肠中药滴入治疗
27.0x08 咽旁间隙切开引流术
29.1100x002 纤维鼻咽镜检查
31.4200x003 纤维喉镜检查
33.2200x003 纤维支气管镜检查
33.2302 电子支气管镜检查
33.2400x002 支气管镜下诊断性支气管肺泡灌洗[BAL]
33.2403 纤维支气管镜检查伴肺泡灌洗术
33.2405 气管镜刷检术
33.2600x002 经皮针吸肺活检
34.0401 胸腔闭式引流术
34.9101 胸腔穿刺抽液术
34.9103 超声引导下胸腔穿刺术
38.9100 动脉导管插入术
38.9301 经外周静脉穿刺中心静脉置管术
38.9302 颈内静脉穿刺中心静脉置管术
38.9303 锁骨下静脉穿刺中心静脉置管术
38.9304 股静脉穿刺置管术
38.9502 为肾透析的临时静脉插管术
38.9700x002 引导下中心静脉置管术
38.9800x001 动脉穿刺术
38.9900x002 静脉穿刺术
40.1100x005 经支气管超声内镜纵隔淋巴结穿刺活检术
41.3100 骨髓活组织检查
41.3800x001 骨髓穿刺术
44.1300x001 胃镜检查
45.1300x004 胃-十二指肠镜检查
45.1301 十二指肠镜检查术
45.1402 内镜下回肠活组织检查
45.1600x001 胃十二指肠镜下活检
45.2302 电子结肠镜检查
50.1100x005 经皮肝穿刺活检
50.9101 经皮肝穿刺引流术
50.9102 肝脓肿穿刺引流术
54.9100x009 超声引导下盆腔穿刺术
54.9101 腹腔穿刺引流术
54.9105 腹腔穿刺术
57.3200x001 膀胱镜检查
57.9400 留置导尿管的置入术
57.9500 留置导尿管的置换术
59.9900x002 输尿管支架取出术
69.0902 宫腔镜诊断性刮宫术
83.9502 超声引导下颈部软组织病损抽吸术
86.0701 静脉输液港植入术
86.1100 皮肤和皮下组织的活组织检查
86.2800x012 皮肤和皮下组织非切除性清创
89.1400 脑电图
89.1900x001 视频脑电图监测
89.3702 肺功能康复评定
89.5400 心电监测
89.6400x001 漂浮导管检查[Swan-Ganz导管插入]
89.6700 心脏排出量监测，用氧耗技术
89.6801 心脏排出量监测（PICCO）
93.3910 穴位贴敷
96.0800x004 鼻空肠营养管置入术
96.3500x001 鼻饲
97.6205 膀胱镜输尿管支架取出术
97.8903 化疗泵取出术
99.0301 输血
99.0401 红细胞输入
99.6000 心肺复苏
99.8301 新生儿蓝光治疗",1.43,13789.05,,,11
41,RL15,恶性及增生性疾病放射治疗（体外照射），不伴严重合并症或并发症,"C83.300 弥漫性大B细胞淋巴瘤
Z51.000x003 放射治疗
Z51.001 恶性肿瘤术前放射治疗
Z51.002 恶性肿瘤术后放射治疗
Z51.003 恶性肿瘤放射治疗
Z51.102 手术后恶性肿瘤化学治疗","92.2100 表浅放射治疗
92.2200 正电压放射治疗
92.2400x002 三维适形放射治疗[3D-CRT]
92.2400x003 调强适形放射治疗[IMRT]
92.2400x004 体部立体定向放射治疗[SBRT]
92.2400x005 容积弧形调强放射治疗[VMAT]
92.2400x006 影像引导调强适形放射治疗[IGRT]
92.3101 直线加速器放射治疗
92.3102 X刀放射治疗
92.3201 立体定向γ放射治疗
92.3900 其他立体定向放射外科治疗",2.57,24780.88,,,15
42,AH29,有创呼吸机支持≥96小时,"A02.100 沙门菌脓毒症
A15.204 结核性肺炎，病理(+)
A40.300 肺炎链球菌性脓毒症
A40.800 链球菌性脓毒症，其他的
A40.900 链球菌性脓毒症
A41.000 金黄色葡萄球菌性脓毒症
A41.100x002 表皮葡萄球菌脓毒症
A41.101 凝固酶阴性葡萄球菌脓毒症
A41.200 葡萄球菌性脓毒症
A41.500x083 革兰阴性杆菌脓毒症
A41.501 大肠杆菌脓毒症
A41.503 克雷伯杆菌脓毒症
A41.505 变形杆菌脓毒症
A41.506 不动杆菌属性脓毒症
A41.805 革兰阳性菌脓毒症
A41.807 肠球菌性脓毒症
A41.900 脓毒症
A86.x00 病毒性脑炎
B37.101+J17.2* 念珠菌性肺炎
B37.700 念珠菌性脓毒症
B44.100x003 曲霉球
B44.102+J17.2* 曲霉菌性肺炎
C16.200 胃体恶性肿瘤
C16.500 胃小弯恶性肿瘤
C22.000 肝细胞癌
C23.x00 胆囊恶性肿瘤
C25.900 胰恶性肿瘤
C32.100 声门上恶性肿瘤
C34.900x004 左肺恶性肿瘤
C64.x00x001 肾恶性肿瘤
C71.002 丘脑恶性肿瘤
C71.003 胼胝体恶性肿瘤
C71.803 顶枕叶恶性肿瘤
C73.x00 甲状腺恶性肿瘤
C79.300x011 颅内继发恶性肿瘤
C79.303 额叶继发恶性肿瘤
C83.300x006 原发中枢神经系统弥漫大B细胞淋巴瘤
C94.700x004 中枢神经系统白血病
D32.000x038 颅底脑膜瘤
D33.004 额叶良性肿瘤
D33.100x005 小脑幕下良性肿瘤
D33.202 颅底良性肿瘤
D38.301 纵隔肿瘤
E11.000x001 2型糖尿病性高渗性高血糖状态昏迷
F10.001 急性酒精中毒
G04.914 脑膜脑炎
G06.000x001 小脑脓肿
G06.001 脑脓肿
G12.201 肌萎缩侧索硬化症(ALS)
G20.x00 帕金森病
G23.800x005 家族性特发性基底节钙化症[Fahr病]
G23.802 原发性基底节钙化
G40.300x023 癫痫全面性发作强直阵挛性发作
G40.800x004 症状性癫痫[继发性癫痫]
G41.900 癫痫持续状态
G50.000 三叉神经痛
G70.005 重症肌无力，急性重症型
G91.100 梗阻性脑积水
G93.101 肺性脑病
G93.102 缺氧缺血性脑病
H40.900 青光眼
I21.001 急性前壁心肌梗死
I21.004 急性广泛前壁心肌梗死
I21.103 急性下壁心肌梗死
I21.300x004 急性ST段抬高型心肌梗死
I21.401 急性非ST段抬高型心肌梗死
I21.900 急性心肌梗死
I25.103 冠状动脉粥样硬化性心脏病
I26.900x001 肺栓塞
I44.201 高度房室传导阻滞
I46.000 心脏停搏复苏成功
I49.002 心室扑动
I49.500 病态窦房结综合征
I50.101 急性左心衰竭
I50.900x017 难治性心力衰竭
I50.907 急性心力衰竭
I50.908 慢性心力衰竭
I51.400 心肌炎
I51.901 心脏肿物
I60.000x003 颈内动脉眼动脉段动脉瘤破裂伴蛛网膜下腔出血
I60.101 大脑中动脉瘤破裂伴蛛网膜下腔出血
I60.200x003 大脑前动脉近侧段(A1)动脉瘤破裂伴蛛网膜下腔出血
I60.201 前交通动脉瘤破裂伴蛛网膜下腔出血
I60.301 后交通动脉瘤破裂伴蛛网膜下腔出血
I60.401 基底动脉瘤破裂伴蛛网膜下腔出血
I60.500x003 椎动脉动脉瘤破裂伴蛛网膜下腔出血
I60.601 小脑后下动脉动脉瘤破裂伴蛛网膜下隙出血
I60.700x001 脑动脉瘤破裂伴蛛网膜下腔出血
I60.800x004 脑海绵状血管畸形伴蛛网膜下腔出血
I60.801 脑动静脉畸形破裂伴蛛网膜下腔出血
I60.900x004 脑实质出血继发蛛网膜下腔出血
I61.004 基底节出血
I61.100x001 顶叶出血
I61.100x002 多处脑叶出血
I61.100x003 额叶出血
I61.100x004 额颞叶出血
I61.100x006 颞叶出血
I61.100x007 额顶叶脑出血
I61.100x008 顶枕叶脑出血
I61.100x009 额顶枕叶脑出血
I61.100x010 额颞顶叶脑出血
I61.100x012 额颞枕叶脑出血
I61.100x013 颞顶叶脑出血
I61.100x014 颞枕叶脑出血
I61.300x002 脑干出血
I61.300x004 中脑出血
I61.400x001 小脑出血
I61.500x005 多个脑室出血
I61.600x001 多灶性脑出血
I61.802 丘脑出血
I61.902 高血压脑出血
I62.000 非创伤性硬膜下出血
I63.201 颈内动脉狭窄脑梗死
I63.204 颈动脉闭塞脑梗死
I63.205 基底动脉闭塞脑梗死
I63.206 基底动脉狭窄脑梗死
I63.207 椎动脉闭塞脑梗死
I63.208 椎动脉狭窄脑梗死
I63.501 大脑动脉狭窄脑梗死
I63.502 大脑动脉闭塞脑梗死
I63.900 脑梗死
I63.901 脑干梗死
I63.902 大面积脑梗死
I63.904 小脑梗死
I63.905 多发性脑梗死
I63.907 丘脑梗死
I65.101 基底动脉闭塞
I67.110 颅内动脉瘤
I69.000x002 蛛网膜下腔出血恢复期
I71.000x011 主动脉夹层A型
I72.000x013 颈总动脉夹层
I72.000x022 颈内动脉假性动脉瘤
I72.300x006 髂动脉瘤
I72.500x001 基底动脉瘤
I74.001 腹主动脉栓塞
J10.000x001 已知病毒的流感性肺炎
J13.x00 链球菌性肺炎
J14.x00 流感嗜血杆菌性肺炎
J15.000x002 克雷伯杆菌肺炎
J15.101 铜绿假单胞菌性肺炎
J15.200 葡萄球菌性肺炎
J15.500 大肠杆菌性肺炎
J15.600x003 粘质沙雷菌性肺炎
J15.600x005 鲍曼不动杆菌性肺炎
J15.900 细菌性肺炎
J15.903 社区获得性肺炎，重症
J18.903 重症肺炎
J38.102 声带息肉
J38.601 喉梗阻
J44.000 慢性阻塞性肺病伴有急性下呼吸道感染
J46.x01 支气管哮喘，重度
J69.001 吸入性肺炎
J80.x01 急性呼吸窘迫综合征
J94.201 血气胸
J96.000 急性呼吸衰竭
J96.900x003 Ⅱ型呼吸衰竭
K13.705 口腔出血
K22.600x001 贲门撕裂症
K25.000 急性胃溃疡伴有出血
K25.400x001 胃溃疡伴出血
K25.400x002 胃窦部溃疡伴出血
K26.000 急性十二指肠溃疡伴有出血
K26.001 急性十二指肠球部溃疡并出血
K26.401 十二指肠球部溃疡伴出血
K31.800x806 十二指肠穿孔
K31.814 胃穿孔
K55.004 肠坏死
K56.201 绞窄性肠梗阻
K56.700 肠梗阻
K63.102 回肠穿孔
K63.103 结肠穿孔
K63.108 小肠穿孔
K70.306+I98.3* 酒精性肝硬化伴食管胃底静脉曲张破裂出血
K72.000x004 慢加急性肝衰竭
K72.003 急性肝衰竭
K74.615+I98.3* 肝硬化伴食管静脉曲张破裂出血
K74.617+I98.3* 肝硬化伴食管胃底静脉曲张破裂出血
K74.618+I98.3* 肝硬化伴胃底静脉曲张破裂出血
K76.814 肝癌破裂出血
K80.300x005 胆总管结石伴急性化脓性梗阻性胆管炎
K80.302 胆总管结石伴胆管炎
K80.304 胆总管结石伴急性胆管炎
K80.305 肝内胆管结石伴胆管炎
K85.818 急性坏死性胰腺炎，重症
K85.902 急性重症胰腺炎
K92.201 胃出血
K92.203 十二指肠出血
K92.207 急性上消化道出血
K92.208 上消化道出血
K92.210 消化道出血
M31.101 血栓性血小板减少性紫癜
N18.500 慢性肾脏病5期
N39.000 泌尿道感染
P07.101 低出生体重儿（1500-2499克）
P07.102 低出生体重儿（1000-1499克）
P22.000 新生儿呼吸窘迫综合征
P23.900 先天性肺炎
Q28.800x007 支气管动脉畸形
Q28.801 肺血管畸形
R04.802 肺出血
R57.000 心源性休克
R57.200 脓毒性休克
S01.801 开放性颅内异物
S06.200x081 多发性大脑挫裂伤
S06.202 脑挫伤
S06.206 弥漫性轴索损伤
S06.300x031 局灶性大脑挫伤伴血肿
S06.302 创伤性脑血肿
S06.500 创伤性硬膜下出血
S06.500x002 创伤性硬脑膜下血肿
S06.500x004 急性创伤性硬脑膜下血肿
S06.600x002 创伤性蛛网膜下腔血肿
S06.700x003 闭合性颅脑损伤重型
S06.700x004 闭合性颅脑损伤特重型
S06.700x006 开放性颅脑损伤中型
S06.700x007 开放性颅脑损伤重型
S06.700x008 开放性颅脑损伤特重型
S11.002 开放性喉损伤
S12.700 颈椎多处骨折
S14.101 颈部脊髓损伤
S25.000 胸主动脉损伤
S27.302 创伤性肺破裂
S36.002 创伤性脾破裂
S36.802 肠系膜裂伤
S72.000 股骨颈骨折
S72.101 股骨粗隆间骨折
S82.000 髌骨骨折
S82.201 胫腓骨干骨折
S82.310 开放性胫骨下端骨折
S82.311 开放性胫腓骨下端骨折
T42.400 苯二氮类中毒
T60.300x001 除莠剂中毒
T67.000x001 热射病
T79.600x006 下肢骨筋膜室综合征
Z51.103 恶性肿瘤维持性化学治疗","00.6101 经皮颈动脉球囊扩张成形术
00.6102 经皮椎动脉球囊扩张成形术
00.6200x005 经皮大脑中动脉球囊扩张成形术
00.6201 经皮基底动脉球囊扩张成形术
00.6400x009 经皮椎动脉支架置入术
00.6500x010 经皮颅内动脉远端保护装置置入术
00.6501 经皮大脑中动脉支架置入术
00.6600x004 经皮冠状动脉球囊扩张成形术
01.0900x007 立体定向颅内血肿穿刺引流术
01.1000x001 颅压监护探极置入术
01.2400x013 硬脑膜外血肿清除术
01.2408 颅内血肿清除术
01.2413 颅骨去骨瓣减压术
01.3104 脑膜切开伴硬脑膜下腔血肿清除术
01.3108 硬脑膜下钻孔引流术
01.3900x009 脑内血肿清除术
01.3900x012 经外侧裂脑内血肿清除术
01.3907 脑切开异物取出术
01.5900x038 大脑深部病损切除术
01.5900x043 小脑病损切除术
01.5918 颅底病损切除术
01.5936 神经导航下颅内病灶切除术
02.2101 脑室外引流[EVD]装置置入术
02.2102 脑室外引流[EVD]装置置换术
02.2205 侧脑室脑池造口引流术
04.4101 三叉神经微血管减压术
06.4x00 甲状腺全部切除术
16.3900x001 眼球内容物剜出术
17.3200x002 腹腔镜下回盲部切除术
17.3300 腹腔镜右半结肠切除术
17.3500x001 腹腔镜下降结肠部分切除术
17.3600x001 腹腔镜下乙状结肠部分切除术
28.0x00x002 扁桃体周围切开引流术
30.0905 内镜下声带病损切除术
31.1x00x005 暂时性气管切开术
31.6903 喉功能重建术
33.2600x002 经皮针吸肺活检
33.4902 胸腔镜下肺修补术
36.0601 冠状动脉药物涂层支架置入术
36.0700 药物洗脱冠状动脉支架置入
37.3301 心房病损切除术
37.7800 暂时性经静脉起搏器系统的置入
37.8101 单腔永久起搏器置入术
38.0401 主动脉取栓术
38.4500x013 升主动脉部分切除伴人工血管置换术
38.4504 全主动脉弓人工血管置换并支架象鼻手术（Sun's手术）
38.6100x002 颅内动脉瘤切除术
38.6101 颅内血管畸形切除术
38.7x04 下腔静脉滤器置入术
38.9100 动脉导管插入术
39.5000x032 动静脉造瘘后球囊扩张(用于肾透析)
39.5104 后交通动脉瘤夹闭术
39.7102 腹主动脉覆膜支架腔内隔绝术
39.7200x009 颌动脉栓塞术
39.7205 经导管颅内动脉瘤支架辅助栓塞术
39.7400x002 经皮颅内动脉取栓术
39.7400x004 经皮颈动脉取栓术
39.7401 经导管颅内血管血栓去除术
39.7503 经导管颅内动脉瘤裸弹簧圈栓塞术
39.7506 经导管椎动脉裸弹簧圈栓塞术
39.7900x058 经皮肠系膜上动脉栓塞术
39.7902 经导管支气管动脉栓塞术
39.7903 经导管肝动脉栓塞术
39.7904 经导管脾动脉栓塞术
39.9500x007 连续性肾脏替代治疗[CRRT]
42.3307 内镜食管静脉曲张结扎术
43.4100x020 内镜下胃底静脉曲张组织胶注射术
43.4100x021 内镜下胃全层切除术[EFTR]
43.4110 内镜下胃静脉曲张硬化术
43.7x00x001 胃大部切除伴胃-空肠吻合术[Billroth Ⅱ式手术]
43.8201 腹腔镜胃部分切除术
44.4100x008 胃溃疡穿孔修补术
44.4102 腹腔镜胃溃疡穿孔修补术
44.4200x001 腹腔镜下十二指肠溃疡穿孔修补术
44.4300x002 胃镜下胃出血止血术
44.4302 内镜下胃钛夹止血术
44.4303 内镜下十二指肠钛夹止血术
44.4400x005 胃十二指肠动脉栓塞术
44.4401 十二指肠动脉栓塞术
44.4403 经导管胃动脉栓塞术
44.6901 胃修补术
44.6902 腹腔镜胃修补术
45.6201 小肠部分切除术
45.6206 回肠部分切除术
45.6207 回肠切除术
45.6208 腹腔镜下小肠部分切除术
46.1000 结肠造口术
46.1100 暂时性结肠造口术
46.7901 肠穿孔修补术
48.6909 腹腔镜下直肠部分切除术
50.2200 部分肝切除术
51.5900x001 超声引导下胆管穿刺引流术
51.8700x003 内镜下胆管支架置入术
51.8800x009 内镜下胆管碎石取石术
51.9804 经皮经肝胆管引流术
52.5205 腹腔镜下胰尾伴部分胰体切除术
53.0002 腹腔镜下单侧腹股沟疝修补术
54.1101 腹腔镜中转剖腹探查术
55.5101 单侧肾切除术
78.1901 盆骨外固定术
79.1500x006 股骨骨折闭合复位髓内针内固定术
79.1600x006 胫骨骨折闭合复位螺钉内固定术
79.2601 胫骨骨折切开复位术
79.3601 胫骨骨折切开复位内固定术
79.3604 髌骨骨折切开复位内固定术
81.0200x001 前入路颈椎融合术
81.5100 全髋关节置换
86.7503 皮瓣修整术
88.5500 单根导管的冠状动脉造影术
89.6400x001 漂浮导管检查[Swan-Ganz导管插入]
93.9000x002 无创呼吸机辅助通气(双水平气道正压[BiPAP])
96.0400 气管内插管
96.7201 呼吸机治疗[大于等于96小时]
98.1503 气管镜支气管异物取出术",7.55,72750.73,,,20
43,RN11,恶性及增生性疾病的化学治疗和/或其他治疗，伴严重合并症或并发症,"Z51.101 手术前恶性肿瘤化学治疗
Z51.102 手术后恶性肿瘤化学治疗
Z51.103 恶性肿瘤维持性化学治疗
Z51.104 姑息性化疗","99.2500x036 椎管内注射化疗药物
99.2500x038 皮下注射化疗药物
99.2502 动脉注射化疗药物
99.2503 静脉注射化疗药物
99.2504 肌肉注射化疗药物
99.2505 化疗药物灌注
99.2800x005 静脉注射抗肿瘤免疫制剂治疗
99.2800x006 分子靶向治疗
99.2801 抗肿瘤免疫治疗",0.68,6533.82,,,5
44,LR15,肾功能不全，不伴严重合并症或并发症,"I12.000x001 高血压性肾衰竭
N00.902 急性肾小球肾炎
N01.900x001 急进性肾炎
N01.900x003 急进性肾小球肾炎
N17.900 急性肾衰竭
N17.900x003 急性肾功能不全
N18.300 慢性肾脏病3期
N18.400 慢性肾脏病4期
N18.500 慢性肾脏病5期
N18.501 肾终末期疾病
N18.902 慢性肾衰竭
N18.904 慢性肾功能不全
N19.x00 肾衰竭
N19.x02 肾无功能
N19.x03 肾功能不全
T86.100x002 肾移植排斥","/
03.3101 腰椎穿刺术
04.8104 肋间神经阻滞术
06.1101 超声引导下经皮甲状腺活组织检查术
16.2100x001 眼底检查
17.91110 头针治疗
17.912A0 电针治疗
17.91330 悬灸治疗
29.1100x002 纤维鼻咽镜检查
29.1202 鼻咽活组织检查
31.4200x003 纤维喉镜检查
33.2302 电子支气管镜检查
33.2400x002 支气管镜下诊断性支气管肺泡灌洗[BAL]
33.2403 纤维支气管镜检查伴肺泡灌洗术
34.9101 胸腔穿刺抽液术
34.9103 超声引导下胸腔穿刺术
38.9100 动脉导管插入术
38.9301 经外周静脉穿刺中心静脉置管术
38.9302 颈内静脉穿刺中心静脉置管术
38.9304 股静脉穿刺置管术
38.9502 为肾透析的临时静脉插管术
38.9800x001 动脉穿刺术
40.1103 腋窝淋巴结活组织检查
41.3100 骨髓活组织检查
41.3800x001 骨髓穿刺术
42.2300x001 食管镜检查
44.1300x001 胃镜检查
44.1401 胃镜下活组织检查
45.1300x004 胃-十二指肠镜检查
45.1600x001 胃十二指肠镜下活检
45.2302 电子结肠镜检查
54.9100x009 超声引导下盆腔穿刺术
54.9101 腹腔穿刺引流术
55.2300x001 超声引导下肾穿刺活检
55.2301 肾穿刺活组织检查
57.3200x001 膀胱镜检查
59.9900x002 输尿管支架取出术
59.9901 输尿管支架置换术
60.1100x002 超声引导下前列腺穿刺活检
86.1100 皮肤和皮下组织的活组织检查
86.2800x012 皮肤和皮下组织非切除性清创
89.6400x001 漂浮导管检查[Swan-Ganz导管插入]
89.6700 心脏排出量监测，用氧耗技术
97.8900x004 为肾透析的半永久静脉导管拔管",0.8,7722.6,,,9
45,FR53,冠状动脉粥样硬化/血栓/闭塞，伴合并症或并发症,"I24.901 急性冠脉综合征
I25.100x003 冠状动脉狭窄
I25.102 冠状动脉粥样硬化
I25.103 冠状动脉粥样硬化性心脏病
I25.600x001 隐匿性冠状动脉粥样硬化性心脏病","/
00.6800x001 肢体动脉血管内压力测量
03.9102 脊神经根阻滞术
04.8101 周围神经阻滞术
06.1101 超声引导下经皮甲状腺活组织检查术
17.912A0 电针治疗
17.91330 悬灸治疗
27.2300 唇活组织检查
29.1100x002 纤维鼻咽镜检查
31.4200x003 纤维喉镜检查
33.2400x002 支气管镜下诊断性支气管肺泡灌洗[BAL]
34.0401 胸腔闭式引流术
38.9100 动脉导管插入术
38.9301 经外周静脉穿刺中心静脉置管术
38.9302 颈内静脉穿刺中心静脉置管术
38.9304 股静脉穿刺置管术
38.9800x001 动脉穿刺术
40.1102 锁骨上淋巴结活组织检查
41.3100 骨髓活组织检查
44.1401 胃镜下活组织检查
45.1300x004 胃-十二指肠镜检查
45.1600 食管胃十二指肠镜检查[EGD]伴活组织检查
45.1600x001 胃十二指肠镜下活检
45.2302 电子结肠镜检查
45.2501 结肠镜下大肠活组织检查
89.6700 心脏排出量监测，用氧耗技术
99.6000 心肺复苏",0.73,7039.08,,,8
46,EZ15,其他呼吸系统疾病，不伴合并症或并发症,"E32.001 胸腺增生
E83.104+J99.8* 肺含铁血黄素沉积症
J43.900x001 大疱性肺气肿
J43.901 肺大疱
J43.903 老年性肺气肿
J69.001 吸入性肺炎
J86.004 食管纵隔瘘
J86.007 食管支气管瘘
J95.800x012 手术后气管食管瘘
J98.005 支气管狭窄
J98.009 支气管阻塞
J98.101 肺不张
J98.400x001 肺病
J98.400x016 肺炎性肿物
J98.402 肺不典型增生
J98.409 肺囊肿
J98.410 肺空洞
J98.416 毁损肺
J98.505 纵隔囊肿
J98.507 纵隔肿物
J98.800x001 气管肿物
J98.800x004 大气道狭窄
J98.800x006 气管梗阻
Q33.002 先天性肺囊状腺样畸形
Q33.200 肺分离
R91.x04 孤立性肺结节
T17.901 异物吸入性窒息
U07.100x001 新型冠状病毒肺炎
U07.100x002 新型冠状病毒感染","/
00.6800x001 肢体动脉血管内压力测量
17.91330 悬灸治疗
29.1100x002 纤维鼻咽镜检查
33.2200x003 纤维支气管镜检查
33.2302 电子支气管镜检查
33.2400x001 支气管镜下支气管活检
33.2400x002 支气管镜下诊断性支气管肺泡灌洗[BAL]
33.2403 纤维支气管镜检查伴肺泡灌洗术
33.2600x001 肺穿刺活检
33.2600x002 经皮针吸肺活检
33.2700x001 支气管镜下肺活检
33.2702 超声支气管镜下肺活组织检查
33.9302 肺穿刺引流术
34.0401 胸腔闭式引流术
34.2500 闭合性纵隔[经皮][针吸]活组织检查
38.9100 动脉导管插入术
40.1100x005 经支气管超声内镜纵隔淋巴结穿刺活检术
40.1100x008 肺门淋巴结活检术
41.3100 骨髓活组织检查
44.1301 超声内镜下胃检查
44.1401 胃镜下活组织检查
45.1300x004 胃-十二指肠镜检查
57.9400 留置导尿管的置入术
86.1100 皮肤和皮下组织的活组织检查
89.3701 肺功能测定
89.3702 肺功能康复评定
96.0800x005 鼻十二指肠营养管置入术",0.55,5273.7,,,6
47,GV15,消化道梗阻或腹痛，不伴合并症或并发症,"K22.200 食管梗阻
K22.205 食管狭窄
K22.208 手术后食管狭窄
K22.901 食管肿物
K31.100x002 幽门梗阻
K31.104 幽门狭窄
K31.500 十二指肠梗阻
K31.501 十二指肠狭窄
K40.000x001 双侧腹股沟疝伴梗阻
K40.307 单侧嵌顿性腹股沟疝伴梗阻
K40.312 嵌顿性腹股沟疝
K40.313 嵌顿性腹股沟疝伴梗阻
K43.000 切口疝，伴有梗阻，不伴有坏疽
K43.200 切口疝，不伴有梗阻和坏疽
K45.002 嵌顿性闭孔疝
K46.000x002 腹内疝伴肠梗阻
K56.100 肠套叠
K56.101 结肠套叠
K56.200 肠扭转
K56.200x003 肠系膜扭转
K56.500x003 粘连性肠梗阻
K56.600x008 结肠梗阻
K56.601 肠狭窄
K56.604 机械性肠梗阻
K56.700 肠梗阻
K56.700x003 完全性肠梗阻
K56.701 不完全性肠梗阻
K62.402 直肠梗阻
K91.300 手术后肠梗阻
K91.800x111 胃肠吻合术后输入袢梗阻
K91.809 食管胃吻合口狭窄
K91.812 食管空肠吻合口狭窄
K91.819 手术后胃肠吻合口狭窄
R10.101 上腹痛
R10.301 下腹痛
R10.400x002 功能性腹痛
R10.402 腹痛","/
06.1101 超声引导下经皮甲状腺活组织检查术
17.91110 头针治疗
17.912A0 电针治疗
17.91330 悬灸治疗
17.95420 中药熏药治疗
17.98410 直肠滴注治疗
29.1100x002 纤维鼻咽镜检查
34.9101 胸腔穿刺抽液术
38.9100 动脉导管插入术
38.9302 颈内静脉穿刺中心静脉置管术
38.9304 股静脉穿刺置管术
38.9800x001 动脉穿刺术
40.1104 腹股沟淋巴结活组织检查
42.2300x001 食管镜检查
42.2300x002 超声内镜下食管检查
42.2400x001 食管镜下活检
44.1300x001 胃镜检查
44.1301 超声内镜下胃检查
44.1401 胃镜下活组织检查
44.1402 超声内镜下胃活组织检查
45.1300x004 胃-十二指肠镜检查
45.1301 十二指肠镜检查术
45.1302 胶囊内镜检查术
45.1600x001 胃十二指肠镜下活检
45.2302 电子结肠镜检查
45.2401 乙状结肠镜检查
45.2501 结肠镜下大肠活组织检查
54.0x00x001 骶部脓肿切开引流术
54.9100x009 超声引导下盆腔穿刺术
54.9101 腹腔穿刺引流术
54.9105 腹腔穿刺术
59.9901 输尿管支架置换术
70.0x00x002 后穹窿穿刺引流术
86.0600x004 药物治疗泵置入
89.6700 心脏排出量监测，用氧耗技术
96.0800x001 肠插管减压
97.0101 鼻-胃管置换",0.41,3916.75,,,4
48,EZ13,其他呼吸系统疾病，伴一般合并症或并发症,"E32.001 胸腺增生
E83.104+J99.8* 肺含铁血黄素沉积症
J43.900x001 大疱性肺气肿
J43.901 肺大疱
J43.903 老年性肺气肿
J69.001 吸入性肺炎
J86.004 食管纵隔瘘
J86.007 食管支气管瘘
J95.800x012 手术后气管食管瘘
J98.005 支气管狭窄
J98.009 支气管阻塞
J98.101 肺不张
J98.400x001 肺病
J98.400x016 肺炎性肿物
J98.402 肺不典型增生
J98.409 肺囊肿
J98.410 肺空洞
J98.416 毁损肺
J98.505 纵隔囊肿
J98.507 纵隔肿物
J98.800x001 气管肿物
J98.800x004 大气道狭窄
J98.800x006 气管梗阻
Q33.002 先天性肺囊状腺样畸形
Q33.200 肺分离
R91.x04 孤立性肺结节
T17.901 异物吸入性窒息
U07.100x001 新型冠状病毒肺炎
U07.100x002 新型冠状病毒感染","/
00.6800x001 肢体动脉血管内压力测量
17.91330 悬灸治疗
29.1100x002 纤维鼻咽镜检查
33.2200x003 纤维支气管镜检查
33.2302 电子支气管镜检查
33.2400x001 支气管镜下支气管活检
33.2400x002 支气管镜下诊断性支气管肺泡灌洗[BAL]
33.2403 纤维支气管镜检查伴肺泡灌洗术
33.2600x001 肺穿刺活检
33.2600x002 经皮针吸肺活检
33.2700x001 支气管镜下肺活检
33.2702 超声支气管镜下肺活组织检查
33.9302 肺穿刺引流术
34.0401 胸腔闭式引流术
34.2500 闭合性纵隔[经皮][针吸]活组织检查
38.9100 动脉导管插入术
40.1100x005 经支气管超声内镜纵隔淋巴结穿刺活检术
40.1100x008 肺门淋巴结活检术
41.3100 骨髓活组织检查
44.1301 超声内镜下胃检查
44.1401 胃镜下活组织检查
45.1300x004 胃-十二指肠镜检查
57.9400 留置导尿管的置入术
86.1100 皮肤和皮下组织的活组织检查
89.3701 肺功能测定
89.3702 肺功能康复评定
96.0800x005 鼻十二指肠营养管置入术",0.93,9002.31,,,8
49,JB35,其他乳房手术，不伴合并症或并发症,"C50.000 乳头和乳晕恶性肿瘤
C50.400 乳房上外象限恶性肿瘤
C50.801 乳腺恶性肿瘤，上部
C50.900 乳房恶性肿瘤
D05.100 乳房导管原位癌
D05.900 乳房的原位癌
D17.100x002 乳房脂肪瘤
D23.502 乳房皮肤良性肿瘤
D24.x00 乳房良性肿瘤
D24.x02 副乳腺良性肿瘤
D36.700x009 腋窝良性肿瘤
D48.600x001 乳房交界性肿瘤
D48.601 乳腺肿瘤
L72.000 表皮囊肿
L82.x00 脂溢性角化病
L91.801 皮肤赘生物
N60.000x001 乳腺囊肿
N60.200 乳房纤维囊性乳腺病
N60.201 乳腺腺病
N60.202 乳腺纤维囊性增生
N60.400 乳管扩张症
N61.x00x014 慢性乳腺炎
N61.x03 乳腺脓肿
N61.x04 乳腺炎
N61.x06 浆细胞性乳腺炎
N61.x07 乳房炎性肿物
N62.x02 男性乳房发育
N63.x00 乳房肿块
N63.x01 乳房结节
N64.501 乳房硬结
N64.503 乳头溢血
N64.504 乳头溢液
N64.900 乳房疾患
Q83.100 副乳房
Q83.100x002 副乳腺腺病
Q85.900x009 乳房错构瘤
R22.202 胸壁肿物","85.2100x003 乳房病损切除术
85.2100x019 乳房腺体区段切除术
85.2100x020 腔镜下乳房病损切除术
85.2101 乳房病损微创旋切术
85.2401 副乳腺切除术
85.2500 乳头切除术",0.64,6174.43,,,2
50,TS19,心境障碍,"F32.000x002 不伴有躯体症状的轻度抑郁发作
F32.000x011 伴有躯体症状的轻度抑郁发作
F32.100x002 不伴有躯体症状的中度抑郁发作
F32.100x011 伴有躯体症状的中度抑郁发作
F32.200 不伴有精神病性症状的重度抑郁发作
F32.300 伴有精神病性症状的重度抑郁发作
F32.900 抑郁发作
F32.901 抑郁状态
F33.000 复发性抑郁障碍，目前为轻度发作
F33.000x002 复发性抑郁障碍,目前为伴有躯体症状的轻度发作
F33.100 复发性抑郁障碍，目前为中度发作
F33.100x002 复发性抑郁障碍,目前为伴有躯体症状的中度发作
F33.200 复发性抑郁障碍，目前为不伴有精神病性症状的重度发作
F33.300 复发性抑郁障碍，目前为伴有精神病性症状的重度发作
F33.900 复发性抑郁障碍
F39.x00 心境［情感］障碍","/
03.3101 腰椎穿刺术
06.1101 超声引导下经皮甲状腺活组织检查术
17.91330 悬灸治疗
29.1100 咽镜检查
29.1100x002 纤维鼻咽镜检查
31.4200x003 纤维喉镜检查
31.4201 喉镜检查
38.9100 动脉导管插入术
44.1401 胃镜下活组织检查
45.1300x004 胃-十二指肠镜检查
45.2302 电子结肠镜检查
45.2501 结肠镜下大肠活组织检查
83.9700 腱治疗性药物注入
89.3200 食管压力测定
96.5100 眼冲洗术",1.54,14846.42,,,21
51,EQY,歧义组(MDCE),"A15.000x002 肺结核(仅痰涂片证实)
A15.501 喉结核，病理(+)
A37.901+J17.0* 百日咳肺炎
B37.101+J17.2* 念珠菌性肺炎
B44.102+J17.2* 曲霉菌性肺炎
B48.501+J17.2* 卡氏肺孢子虫病
B49.x14+J99.8* 肺真菌感染
C34.000x003 右主支气管恶性肿瘤
C34.100x003 左肺上叶恶性肿瘤
C34.100x004 右肺上叶恶性肿瘤
C34.201 肺中叶恶性肿瘤
C34.300x003 左肺下叶恶性肿瘤
C34.300x004 右肺下叶恶性肿瘤
C34.800x002 右肺中下叶恶性肿瘤
C34.900x001 肺恶性肿瘤
C34.900x004 左肺恶性肿瘤
C34.900x005 右肺恶性肿瘤
C37.x00 胸腺恶性肿瘤
C38.300 纵隔恶性肿瘤
C38.400 胸膜恶性肿瘤
C45.000 胸膜间皮瘤
C78.000 肺部继发性恶性肿瘤
C78.200 胸膜继发性恶性肿瘤
C78.201 恶性胸腔积液
D38.101 肺肿瘤
J10.000 流行性感冒伴有肺炎，季节性流感病毒
J10.000x001 已知病毒的流感性肺炎
J13.x00 链球菌性肺炎
J14.x00 流感嗜血杆菌性肺炎
J15.000x002 克雷伯杆菌肺炎
J15.101 铜绿假单胞菌性肺炎
J15.200 葡萄球菌性肺炎
J15.402 肠球菌属性肺炎
J15.600x002 革兰阴性细菌性肺炎
J15.600x005 鲍曼不动杆菌性肺炎
J15.900 细菌性肺炎
J15.902 社区获得性肺炎，非重症
J15.903 社区获得性肺炎，重症
J18.800x012 免疫抑制宿主性肺炎
J18.803 阻塞性肺炎
J18.900 肺炎
J18.903 重症肺炎
J42.x00 慢性支气管炎
J44.000 慢性阻塞性肺病伴有急性下呼吸道感染
J44.800x001 闭塞性细支气管炎
J44.807 哮喘-慢阻肺重叠综合征
J44.900 慢性阻塞性肺病
J45.005 咳嗽变异性哮喘
J46.x01 支气管哮喘，重度
J46.x02 支气管哮喘，危重
J47.x03 支气管扩张伴感染
J69.001 吸入性肺炎
J70.001 放射性肺炎
J80.x01 急性呼吸窘迫综合征
J81.x00x002 急性肺水肿
J84.101 肺间质纤维化
J84.104 特发性肺间质纤维化
J85.100 肺脓肿伴有肺炎
J86.003 气管食管瘘
J90.x00x003 胸膜炎伴积液
J96.000 急性呼吸衰竭
J96.100 慢性呼吸衰竭
J96.900x002 I型呼吸衰竭
J96.900x003 Ⅱ型呼吸衰竭
J98.101 肺不张
J98.507 纵隔肿物
J98.801 呼吸道梗阻
M05.102+J99.0* 类风湿性关节炎伴肺间质纤维化
M33.103+J99.1* 皮肌炎性肺间质纤维化
M34.801+J99.1* 硬皮病性肺间质纤维化
M35.002+J99.1* 干燥综合征伴肺间质纤维化
R04.200 咯血
R04.802 肺出血
R91.x00x001 肺部阴影
R91.x03 肺占位性病变","03.9202 脊髓鞘内注射
04.3x11 尺神经缝合术
14.3400 用激光光凝固法的视网膜裂伤修补术
30.0911 支撑喉镜下喉病损切除术
37.2100 右心导管置入
37.9300x001 心包局部灌注治疗
39.7900x011 肺动脉栓塞术
39.7903 经导管肝动脉栓塞术
39.9500 血液透析
39.9500x007 连续性肾脏替代治疗[CRRT]
42.8100 食管置入永久性管
43.4105 内镜下胃息肉切除术
44.4401 十二指肠动脉栓塞术
45.3001 内镜下十二指肠病损切除术
45.4200x003 纤维结肠镜下结肠息肉切除术
45.4302 内镜下结肠病损切除术
45.4307 内镜下结肠黏膜切除术(EMR)
48.3600x004 内镜下直肠黏膜切除术(EMR)
48.3601 直肠息肉切除术
51.9800x009 经皮胆管引流术
78.4802 跖骨成形术
81.9201 关节治疗性物质注射
85.2100x003 乳房病损切除术
86.0100x002 皮肤和皮下组织脓肿抽吸术
86.0500x008 皮下植入装置取出术
86.5902 头皮裂伤清创缝合术
88.4101 脑血管造影
88.5500 单根导管的冠状动脉造影术
88.5701 多根导管冠状动脉造影
92.2400x003 调强适形放射治疗[IMRT]
92.2800 放射性核素注射或滴入
93.9000 无创机械性通气
93.9000x002 无创呼吸机辅助通气(双水平气道正压[BiPAP])
93.9000x003 无创呼吸机辅助通气(高频通气[HFPPV])
93.9001 持续性气道正压通气（CPAP）
96.0400 气管内插管
96.7201 呼吸机治疗[大于等于96小时]
99.2500x036 椎管内注射化疗药物
99.2500x038 皮下注射化疗药物
99.2501 动脉化疗栓塞
99.2503 静脉注射化疗药物
99.2505 化疗药物灌注
99.2800x005 静脉注射抗肿瘤免疫制剂治疗
99.2800x006 分子靶向治疗
99.2801 抗肿瘤免疫治疗",/,/,,,/
52,RL11,恶性及增生性疾病放射治疗（体外照射），伴严重合并症或并发症,"C83.300 弥漫性大B细胞淋巴瘤
Z51.000x003 放射治疗
Z51.001 恶性肿瘤术前放射治疗
Z51.002 恶性肿瘤术后放射治疗
Z51.003 恶性肿瘤放射治疗
Z51.102 手术后恶性肿瘤化学治疗","92.2100 表浅放射治疗
92.2200 正电压放射治疗
92.2400x002 三维适形放射治疗[3D-CRT]
92.2400x003 调强适形放射治疗[IMRT]
92.2400x004 体部立体定向放射治疗[SBRT]
92.2400x005 容积弧形调强放射治疗[VMAT]
92.2400x006 影像引导调强适形放射治疗[IGRT]
92.3101 直线加速器放射治疗
92.3102 X刀放射治疗
92.3201 立体定向γ放射治疗
92.3900 其他立体定向放射外科治疗",3.45,33234.68,,,21
53,GW15,食管炎、胃肠炎，不伴合并症或并发症,"A08.000 轮状病毒性肠炎
A08.100x001 诺如病毒性肠炎
A08.101 诺如病毒性急性胃肠病
A09.000x001 肠道感染
A09.001 感染性胃肠炎
A09.002 感染性结肠炎
A09.004 感染性腹泻
A09.900x003 急性肠炎
A09.900x004 急性小肠炎
A09.900x006 肠炎
A09.900x007 腹泻
A09.901 胃肠炎
A09.902 结肠炎
A49.809 幽门螺杆菌感染
B49.x12 真菌性食管炎
K20.x00 食管炎
K20.x00x001 贲门炎
K20.x01 化学性食管炎
K20.x02 放射性食管炎
K21.001 反流性食管炎
K29.000 急性出血性胃炎
K29.001 急性糜烂出血性胃炎
K29.100x001 急性胃炎
K29.300 慢性浅表性胃炎
K29.400 慢性萎缩性胃炎
K29.500 慢性胃炎
K29.501 慢性胃窦炎
K29.600x006 反流性胃炎
K29.600x007 应激性胃炎
K29.603 糜烂性胃炎
K29.700 胃炎
K29.701 残胃炎
K29.800 十二指肠炎
K29.801 十二指肠球炎
K51.500 左侧结肠炎
K52.901 非感染性胃肠炎
K52.903 非感染性回盲部炎症
K52.904 非感染性急性肠炎
K52.907 慢性肠炎
K52.908 慢性腹泻
K52.910 慢性结肠炎
K52.911 盲肠炎
K52.912 非感染性乙状结肠炎
K52.917 非感染性小儿肠炎
K57.102 回盲部憩室
K57.202 结肠憩室伴腹膜炎
K57.303 结肠憩室
K57.304 结肠憩室炎
K57.305 盲肠憩室炎
K58.801 肠易激综合征","/
17.91110 头针治疗
17.912A0 电针治疗
17.91330 悬灸治疗
17.95420 中药熏药治疗
29.1100x002 纤维鼻咽镜检查
31.4201 喉镜检查
38.9100 动脉导管插入术
42.2300x001 食管镜检查
42.2300x002 超声内镜下食管检查
42.2400x001 食管镜下活检
42.2400x003 超声内镜下食管细针穿刺活检(FNA)
44.1300x001 胃镜检查
44.1301 超声内镜下胃检查
44.1401 胃镜下活组织检查
44.1402 超声内镜下胃活组织检查
45.1300x004 胃-十二指肠镜检查
45.1301 十二指肠镜检查术
45.1600x001 胃十二指肠镜下活检
45.2302 电子结肠镜检查
45.2501 结肠镜下大肠活组织检查
48.2400x002 直肠活检
48.2401 直肠乙状结肠镜下直肠活组织检查
89.1301 脑干听觉诱发电位
89.1400 脑电图
89.1900x001 视频脑电图监测
89.3200 食管压力测定
89.3903 食管内24小时PH监测
96.0800x006 经鼻肠营养管置入术
99.8301 新生儿蓝光治疗",0.29,2789.72,,,4
54,GV13,消化道梗阻或腹痛，伴合并症或并发症,"K22.200 食管梗阻
K22.205 食管狭窄
K22.208 手术后食管狭窄
K22.901 食管肿物
K31.100x002 幽门梗阻
K31.104 幽门狭窄
K31.500 十二指肠梗阻
K31.501 十二指肠狭窄
K40.000x001 双侧腹股沟疝伴梗阻
K40.307 单侧嵌顿性腹股沟疝伴梗阻
K40.312 嵌顿性腹股沟疝
K40.313 嵌顿性腹股沟疝伴梗阻
K43.000 切口疝，伴有梗阻，不伴有坏疽
K43.200 切口疝，不伴有梗阻和坏疽
K45.002 嵌顿性闭孔疝
K46.000x002 腹内疝伴肠梗阻
K56.100 肠套叠
K56.101 结肠套叠
K56.200 肠扭转
K56.200x003 肠系膜扭转
K56.500x003 粘连性肠梗阻
K56.600x008 结肠梗阻
K56.601 肠狭窄
K56.604 机械性肠梗阻
K56.700 肠梗阻
K56.700x003 完全性肠梗阻
K56.701 不完全性肠梗阻
K62.402 直肠梗阻
K91.300 手术后肠梗阻
K91.800x111 胃肠吻合术后输入袢梗阻
K91.809 食管胃吻合口狭窄
K91.812 食管空肠吻合口狭窄
K91.819 手术后胃肠吻合口狭窄
R10.101 上腹痛
R10.301 下腹痛
R10.400x002 功能性腹痛
R10.402 腹痛","/
06.1101 超声引导下经皮甲状腺活组织检查术
17.91110 头针治疗
17.912A0 电针治疗
17.91330 悬灸治疗
17.95420 中药熏药治疗
17.98410 直肠滴注治疗
29.1100x002 纤维鼻咽镜检查
34.9101 胸腔穿刺抽液术
38.9100 动脉导管插入术
38.9302 颈内静脉穿刺中心静脉置管术
38.9304 股静脉穿刺置管术
38.9800x001 动脉穿刺术
40.1104 腹股沟淋巴结活组织检查
42.2300x001 食管镜检查
42.2300x002 超声内镜下食管检查
42.2400x001 食管镜下活检
44.1300x001 胃镜检查
44.1301 超声内镜下胃检查
44.1401 胃镜下活组织检查
44.1402 超声内镜下胃活组织检查
45.1300x004 胃-十二指肠镜检查
45.1301 十二指肠镜检查术
45.1302 胶囊内镜检查术
45.1600x001 胃十二指肠镜下活检
45.2302 电子结肠镜检查
45.2401 乙状结肠镜检查
45.2501 结肠镜下大肠活组织检查
54.0x00x001 骶部脓肿切开引流术
54.9100x009 超声引导下盆腔穿刺术
54.9101 腹腔穿刺引流术
54.9105 腹腔穿刺术
59.9901 输尿管支架置换术
70.0x00x002 后穹窿穿刺引流术
86.0600x004 药物治疗泵置入
89.6700 心脏排出量监测，用氧耗技术
96.0800x001 肠插管减压
97.0101 鼻-胃管置换",0.59,5671.75,,,6
55,DF29,鼻腔、鼻窦手术,"B49.x08 真菌性蝶窦炎
B49.x09 真菌性上颌窦炎
C31.900x001 鼻窦恶性肿瘤
C43.302 鼻恶性黑色素瘤
D14.000x010 鼻腔良性肿瘤
D14.003 鼻前庭良性肿瘤
D14.004 鼻中隔良性肿瘤
D18.000x503 鼻部血管瘤
D38.502 鼻腔肿瘤
J31.001 肥大性鼻炎
J32.000 慢性上颌窦炎
J32.200 慢性筛窦炎
J32.300 慢性蝶窦炎
J32.400 慢性全鼻窦炎
J32.400x001 全组鼻窦炎
J32.801 上颌窦筛窦炎
J32.803 慢性多鼻窦炎
J32.900 慢性鼻窦炎
J33.000 鼻腔息肉
J33.002 鼻中隔息肉
J33.801 鼻窦息肉
J34.104 上颌窦囊肿
J34.108 鼻前庭囊肿
J34.200 鼻中隔偏曲
J34.810 鼻腔肿物
R04.000 鼻出血
S02.200 鼻骨骨折","21.0904 内镜下鼻中隔黏膜划痕术
21.0905 内镜下鼻射频止血术
21.3102 内镜下鼻息肉切除术
21.3104 内镜下鼻内病损切除术
21.3200x003 鼻前庭病损切除术
21.3200x008 鼻中隔病损激光烧灼术
21.5x00x004 鼻内窥镜下鼻中隔黏膜下部分切除术
21.5x01 内镜下鼻中隔黏膜下切除术
21.6100x002 鼻甲射频消融术
21.6904 内镜下鼻甲射频消融术
21.7100 鼻骨折闭合性复位术
21.7200x001 内镜下鼻骨骨折切开复位术
22.2x01 内镜下上颌窦开窗术
22.2x02 内镜下上颌窦探查术
22.5102 内镜下筛窦开窗术
22.5203 内镜下蝶窦开窗术
22.5300x004 鼻内窥镜下多个鼻窦开窗术
22.5301 内镜下全组鼻窦开窗术
22.6002 内镜下鼻窦病损切除术
22.6201 内镜下上颌窦病损切除术",1.1,10560.63,,,5
56,IF19,骨科固定装置去除/修正术,"M46.500x091 椎体感染
M84.100x062 胫骨骨折不连接
M86.912 腓骨骨髓炎
T84.603 脊柱内固定物植入感染
T84.604 骨折内固定物植入感染
T84.802 骨折内固定术后疼痛
T84.803 脊柱内固定术后疼痛
Z47.000x002 取出内固定装置
Z47.001 取除骨折内固定装置
Z47.803 取除外固定装置","78.6103 锁骨内固定装置去除术
78.6201 肱骨内固定装置去除术
78.6301 桡骨内固定装置去除术
78.6303 尺骨内固定装置去除术
78.6401 腕骨内固定装置去除术
78.6403 掌骨内固定装置去除术
78.6501 股骨内固定装置去除术
78.6502 股骨外固定装置去除术
78.6601 髌骨内固定装置去除术
78.6701 胫骨内固定装置去除术
78.6702 胫骨外固定装置去除术
78.6703 腓骨内固定装置去除术
78.6705 踝关节内固定装置去除术
78.6803 跖骨内固定装置去除术
78.6900x002 跟骨内固定物取出术
78.6900x010 椎骨内固定物取出术
78.6903 指骨内固定装置去除术
78.6907 脊柱内固定装置去除术",0.79,7575.99,,,4
57,ND15,附件手术，不伴严重合并症或并发症,"A18.113+N74.1* 输卵管结核
C56.x00 卵巢恶性肿瘤
D25.100x001 子宫肌壁间平滑肌瘤
D27.x00 卵巢良性肿瘤
D28.200x003 输卵管良性肿瘤
D39.101 卵巢肿瘤
N70.100 慢性输卵管炎和卵巢炎
N70.103 输卵管积水
N70.900x003 输卵管积脓
N70.900x007 输卵管脓肿
N70.905 输卵管卵巢脓肿
N73.903 女性盆腔脓肿
N80.100 卵巢的子宫内膜异位症
N80.100x001 卵巢巧克力样囊肿
N81.301 Ⅲ度子宫脱垂
N83.100x002 卵巢黄体破裂
N83.100x003 卵巢黄体血肿
N83.101 出血性卵巢黄体囊肿
N83.201 卵巢囊肿
N83.204 卵巢浆液性囊肿
N83.205 卵巢黏液性囊肿
N83.501 卵巢蒂扭转
N83.503 输卵管扭转
N83.805 卵巢破裂
N83.809 输卵管囊肿
N93.901 异常子宫出血
N94.806 盆腔积液
N95.000 绝经后出血
N97.000x001 不排卵性不孕
N97.100x001 输卵管阻塞性不孕
N97.101 后天性输卵管闭锁
N97.901 女性原发性不育
N97.902 女性继发性不育
Z31.000x001 输卵管绝育术后复通","65.1201 卵巢活组织检查
65.1300 腹腔镜卵巢活组织检查
65.2500x003 腹腔镜下卵巢病损烧灼术
65.2501 腹腔镜卵巢病损切除术
65.2502 腹腔镜卵巢病损破坏术
65.2503 腹腔镜卵巢黄体切除术
65.2504 腹腔镜卵巢黄体破坏术
65.2505 腹腔镜卵巢部分切除术
65.2900x007 卵巢黄体血肿清除术
65.2901 卵巢病损切除术
65.2903 经阴道卵巢病损切除术
65.3100 腹腔镜单侧卵巢切除术
65.4100 腹腔镜单侧输卵管-卵巢切除术
65.5300 腹腔镜双侧卵巢切除术
65.6100 双侧输卵管卵巢切除术
65.6300 腹腔镜双侧卵巢和输卵管切除术
65.6301 双侧输卵管卵巢切除术，经阴道+腹腔镜
65.7900x008 腹腔镜下卵巢破裂修补术
65.7900x009 腹腔镜下卵巢破裂止血术
65.8102 腹腔镜输卵管粘连松解术
65.9500 卵巢扭转松解术
66.0202 腹腔镜输卵管造口术
66.4x02 腹腔镜单侧输卵管切除术
66.5102 腹腔镜双侧输卵管切除术
66.6100x007 腹腔镜下输卵管系膜病损切除术
66.6104 腹腔镜输卵管病损切除术
66.6902 腹腔镜单侧输卵管部分切除术
66.7301 腹腔镜输卵管输卵管吻合术
66.7906 腹腔镜输卵管伞端成形术
66.8x02 腹腔镜输卵管通液术",1.44,13912.7,,,5
58,OZ15,妊娠期相关疾病，不伴严重合并症或并发症,"O10.900x001 妊娠合并原有高血压
O11.x01 慢性高血压并发子痫前期
O13.x00 妊娠[妊娠引起的]高血压
O14.000x001 轻度先兆子痫
O14.900 子痫前期
O20.000 先兆流产
O21.100x006 妊娠剧吐伴酮症
O21.900 妊娠呕吐
O22.400 妊娠期痔
O23.300 妊娠期泌尿道其他部位感染
O23.400 妊娠期泌尿道感染
O23.500x007 妊娠期细菌性阴道病
O23.506 妊娠期阴道炎
O24.100 妊娠期伴原有的2型糖尿病
O24.300x001 妊娠合并原有糖尿病
O24.301 妊娠期伴原有糖尿病性酮症
O24.400 妊娠期发生的糖尿病
O24.900 妊娠糖尿病
O26.603 妊娠合并肝损害
O26.606 妊娠期肝内胆汁淤积症
O26.800x011 妊娠合并肾病
O26.803 妊娠合并肾积水
O28.300 孕产妇产前筛查的超声波异常所见
O32.101 臀先露
O34.005 妊娠合并子宫纵隔
O34.100x001 妊娠合并子宫肌瘤
O34.201 妊娠合并子宫瘢痕
O34.301 妊娠合并宫颈功能不全
O34.400x011 妊娠合并子宫颈环扎后
O34.802 妊娠合并卵巢囊肿
O35.004 胎儿脑发育异常
O36.300x007 胎动频繁
O36.301 慢性混合型胎儿宫内窘迫
O36.401 胎死宫内
O36.503 胎儿生长发育迟缓
O40.x00 羊水过多
O41.000 羊水过少
O41.800x004 绒毛膜下血肿
O42.900 胎膜早破
O43.101 帆状胎盘
O43.105 球拍状胎盘
O44.000x001 低置胎盘
O44.000x003 前置胎盘
O44.003 完全性前置胎盘
O44.100 前置胎盘伴有出血
O44.101 边缘性前置胎盘伴出血
O44.103 完全性前置胎盘伴出血
O45.900 胎盘早期剥离
O46.900 产前出血
O47.900x002 先兆临产
O60.001 先兆早产不伴分娩
O69.101 脐带绕颈
O69.804 脐带帆状附着
O72.101 产后即时出血
O88.201 产科肺栓塞
O98.300x014 妊娠合并泌尿生殖道支原体感染
O98.402 妊娠合并乙型肝炎
O98.500 其他病毒性疾病，并发于妊娠、分娩和产褥期
O98.800x035 妊娠合并急性胃肠炎
O98.800x036 妊娠合并肠炎
O98.800x037 妊娠合并腹泻
O98.811 妊娠合并传染性肠炎
O99.004 妊娠合并地中海贫血
O99.007 妊娠合并重度贫血
O99.008 妊娠合并贫血
O99.100x012 妊娠合并血液和造血器官疾病
O99.101 妊娠合并血小板减少
O99.205 妊娠合并低钾血症
O99.215 妊娠合并甲状腺功能减退
O99.300x012 妊娠合并神经系统疾病
O99.411 妊娠合并室性心动过速
O99.420 妊娠合并心脏病
O99.500x011 妊娠合并呼吸系统疾病
O99.503 妊娠合并支气管炎
O99.506 妊娠合并肺部感染
O99.510 妊娠合并上呼吸道感染
O99.600x001 妊娠合并急性阑尾炎
O99.601 妊娠合并上消化道出血
O99.602 妊娠合并牙周炎
O99.603 妊娠合并急性胃炎
O99.604 妊娠合并胃炎
O99.607 妊娠合并肠梗阻
O99.611 妊娠合并阑尾炎
O99.617 妊娠合并胆囊炎
O99.619 妊娠合并急性胰腺炎
O99.800x316 妊娠合并输尿管结石
O99.800x412 妊娠合并先天性心脏病
O99.806 妊娠合并泌尿生殖系统疾病
O99.811 妊娠合并系统性红斑狼疮
Z34.900x001 妊娠监督","/
03.9101 椎管内置管止痛术
38.9100 动脉导管插入术
38.9302 颈内静脉穿刺中心静脉置管术
68.1200x001 宫腔镜检查
75.3400x001 胎心监测",0.38,3706.32,,,5
59,LR11,肾功能不全，伴严重合并症或并发症,"I12.000x001 高血压性肾衰竭
N00.902 急性肾小球肾炎
N01.900x001 急进性肾炎
N01.900x003 急进性肾小球肾炎
N17.900 急性肾衰竭
N17.900x003 急性肾功能不全
N18.300 慢性肾脏病3期
N18.400 慢性肾脏病4期
N18.500 慢性肾脏病5期
N18.501 肾终末期疾病
N18.902 慢性肾衰竭
N18.904 慢性肾功能不全
N19.x00 肾衰竭
N19.x02 肾无功能
N19.x03 肾功能不全
T86.100x002 肾移植排斥","/
03.3101 腰椎穿刺术
04.8104 肋间神经阻滞术
06.1101 超声引导下经皮甲状腺活组织检查术
16.2100x001 眼底检查
17.91110 头针治疗
17.912A0 电针治疗
17.91330 悬灸治疗
29.1100x002 纤维鼻咽镜检查
29.1202 鼻咽活组织检查
31.4200x003 纤维喉镜检查
33.2302 电子支气管镜检查
33.2400x002 支气管镜下诊断性支气管肺泡灌洗[BAL]
33.2403 纤维支气管镜检查伴肺泡灌洗术
34.9101 胸腔穿刺抽液术
34.9103 超声引导下胸腔穿刺术
38.9100 动脉导管插入术
38.9301 经外周静脉穿刺中心静脉置管术
38.9302 颈内静脉穿刺中心静脉置管术
38.9304 股静脉穿刺置管术
38.9502 为肾透析的临时静脉插管术
38.9800x001 动脉穿刺术
40.1103 腋窝淋巴结活组织检查
41.3100 骨髓活组织检查
41.3800x001 骨髓穿刺术
42.2300x001 食管镜检查
44.1300x001 胃镜检查
44.1401 胃镜下活组织检查
45.1300x004 胃-十二指肠镜检查
45.1600x001 胃十二指肠镜下活检
45.2302 电子结肠镜检查
54.9100x009 超声引导下盆腔穿刺术
54.9101 腹腔穿刺引流术
55.2300x001 超声引导下肾穿刺活检
55.2301 肾穿刺活组织检查
57.3200x001 膀胱镜检查
59.9900x002 输尿管支架取出术
59.9901 输尿管支架置换术
60.1100x002 超声引导下前列腺穿刺活检
86.1100 皮肤和皮下组织的活组织检查
86.2800x012 皮肤和皮下组织非切除性清创
89.6400x001 漂浮导管检查[Swan-Ganz导管插入]
89.6700 心脏排出量监测，用氧耗技术
97.8900x004 为肾透析的半永久静脉导管拔管",1.07,10262.98,,,11
60,GW13,食管炎、胃肠炎，伴合并症或并发症,"A08.000 轮状病毒性肠炎
A08.100x001 诺如病毒性肠炎
A08.101 诺如病毒性急性胃肠病
A09.000x001 肠道感染
A09.001 感染性胃肠炎
A09.002 感染性结肠炎
A09.004 感染性腹泻
A09.900x003 急性肠炎
A09.900x004 急性小肠炎
A09.900x006 肠炎
A09.900x007 腹泻
A09.901 胃肠炎
A09.902 结肠炎
A49.809 幽门螺杆菌感染
B49.x12 真菌性食管炎
K20.x00 食管炎
K20.x00x001 贲门炎
K20.x01 化学性食管炎
K20.x02 放射性食管炎
K21.001 反流性食管炎
K29.000 急性出血性胃炎
K29.001 急性糜烂出血性胃炎
K29.100x001 急性胃炎
K29.300 慢性浅表性胃炎
K29.400 慢性萎缩性胃炎
K29.500 慢性胃炎
K29.501 慢性胃窦炎
K29.600x006 反流性胃炎
K29.600x007 应激性胃炎
K29.603 糜烂性胃炎
K29.700 胃炎
K29.701 残胃炎
K29.800 十二指肠炎
K29.801 十二指肠球炎
K51.500 左侧结肠炎
K52.901 非感染性胃肠炎
K52.903 非感染性回盲部炎症
K52.904 非感染性急性肠炎
K52.907 慢性肠炎
K52.908 慢性腹泻
K52.910 慢性结肠炎
K52.911 盲肠炎
K52.912 非感染性乙状结肠炎
K52.917 非感染性小儿肠炎
K57.102 回盲部憩室
K57.202 结肠憩室伴腹膜炎
K57.303 结肠憩室
K57.304 结肠憩室炎
K57.305 盲肠憩室炎
K58.801 肠易激综合征","/
17.91110 头针治疗
17.912A0 电针治疗
17.91330 悬灸治疗
17.95420 中药熏药治疗
29.1100x002 纤维鼻咽镜检查
31.4201 喉镜检查
38.9100 动脉导管插入术
42.2300x001 食管镜检查
42.2300x002 超声内镜下食管检查
42.2400x001 食管镜下活检
42.2400x003 超声内镜下食管细针穿刺活检(FNA)
44.1300x001 胃镜检查
44.1301 超声内镜下胃检查
44.1401 胃镜下活组织检查
44.1402 超声内镜下胃活组织检查
45.1300x004 胃-十二指肠镜检查
45.1301 十二指肠镜检查术
45.1600x001 胃十二指肠镜下活检
45.2302 电子结肠镜检查
45.2501 结肠镜下大肠活组织检查
48.2400x002 直肠活检
48.2401 直肠乙状结肠镜下直肠活组织检查
89.1301 脑干听觉诱发电位
89.1400 脑电图
89.1900x001 视频脑电图监测
89.3200 食管压力测定
89.3903 食管内24小时PH监测
96.0800x006 经鼻肠营养管置入术
99.8301 新生儿蓝光治疗",0.46,4453.54,,,5
61,LC15,输尿管手术，不伴严重合并症或并发症,"C66.x00 输尿管恶性肿瘤
D41.401 膀胱肿瘤
N02.900x002 持续性血尿
N10.x02 急性肾盂肾炎
N13.100x001 肾积水伴输尿管狭窄
N13.201 肾积水伴肾结石
N13.202 肾积水伴输尿管结石
N13.203 肾积水伴肾输尿管结石
N13.301 肾积水
N13.400 输尿管积水
N13.504 输尿管狭窄
N13.600 肾积脓
N13.601 肾结石伴有积水和感染
N13.602 输尿管结石伴有积水和感染
N13.603 肾输尿管结石伴有积水和感染
N13.605 输尿管狭窄伴有感染
N13.801 梗阻性肾病
N15.101 肾脓肿
N17.900 急性肾衰竭
N18.500 慢性肾脏病5期
N20.000 肾结石
N20.001 鹿角状结石
N20.100 输尿管结石
N28.828 输尿管囊肿
N28.833 输尿管息肉
N39.000 泌尿道感染","56.0x00x003 经尿道输尿管镜输尿管取石术
56.0x00x005 经尿道输尿管镜输尿管激光碎石术
56.0x00x006 经尿道输尿管镜肾盂激光碎石术
56.0x00x011 经尿道输尿管镜输尿管激光碎石取石术
56.0x00x012 经尿道输尿管镜肾盂激光碎石取石术
56.0x00x015 经尿道输尿管镜输尿管超声碎石取石术
56.0x03 经尿道输尿管/肾盂激光碎石术
56.0x03 经尿道输尿管肾盂激光碎石术
56.0x06 经尿道输尿管/肾盂激光碎石取石术
56.0x08 经尿道输尿管/肾盂超声碎石取石术
56.2x04 腹腔镜下输尿管切开取石术
56.4100x009 腹腔镜下输尿管囊肿造口术
56.4100x012 经尿道输尿管病损激光切除术
56.4105 腹腔镜下输尿管部分切除术
56.4201 腹腔镜下输尿管切除术
56.7402 腹腔镜下输尿管膀胱吻合术
59.0201 输尿管狭窄松解术
59.8x00x001 膀胱镜下输尿管扩张术
59.8x00x004 经尿道膀胱镜输尿管导管插入术
59.8x00x005 经尿道膀胱镜输尿管镜输尿管扩张术
59.8x03 经尿道输尿管支架置入术",1.48,14272.37,,,5
62,NC19,子宫（除子宫腔内病变以外）手术,"D06.900x002 子宫颈上皮内瘤变III级[CINIII级]
D17.700x024 子宫体脂肪瘤
D25.000 子宫黏膜下平滑肌瘤
D25.100x001 子宫肌壁间平滑肌瘤
D25.200 子宫浆膜下层平滑肌瘤
D25.200x002 阔韧带平滑肌瘤
D25.900 子宫平滑肌瘤
D25.900x001 子宫多发性平滑肌瘤
D25.901 宫颈平滑肌瘤
D26.100x002 子宫腺肌瘤
D27.x00 卵巢良性肿瘤
N70.103 输卵管积水
N73.903 女性盆腔脓肿
N80.001 子宫腺肌病
N80.302 盆腔子宫内膜异位症
N81.201 Ⅰ度子宫脱垂
N81.202 Ⅱ度子宫脱垂
N81.301 Ⅲ度子宫脱垂
N81.802 阴道前后壁脱垂
N83.204 卵巢浆液性囊肿
N83.205 卵巢黏液性囊肿
N84.001 子宫内膜息肉
N85.000 子宫内膜腺性增生
N85.001 子宫内膜单纯性增生
N85.002 子宫内膜复杂性增生
N85.101 子宫内膜非典型增生
N85.813 子宫囊肿
N85.901 子宫肿物
N87.001 宫颈上皮内肿瘤，Ⅰ级
N87.101 宫颈上皮内肿瘤，Ⅱ级
N95.000 绝经后出血
N99.800x010 子宫切口憩室
R93.800x006 宫腔占位
T83.303 子宫内节育器嵌顿
T83.305 子宫内节育器移位","67.4x06 腹腔镜残余子宫颈切除术
68.0x00x006 腹腔镜下子宫切开异物取出术
68.2901 子宫肌瘤切除术
68.2906 子宫病损切除术
68.2907 经阴道子宫病损切除术
68.2912 腹腔镜子宫病损切除术
68.2918 腹腔镜辅助经阴道子宫病损切除术
68.3104 腹腔镜残角子宫切除术
68.4100 腹腔镜经腹全子宫切除术
68.4104 腹腔镜经腹双子宫切除术
68.4901 经腹全子宫切除术
68.5900x003 经阴道筋膜外全子宫切除术
68.5901 经阴道子宫切除术",1.86,17940.92,,,7
63,SB11,全身性感染疾病的手术，伴严重合并症或并发症,"A18.103+N29.1* 肾结核
A40.300 肺炎链球菌性脓毒症
A40.800 链球菌性脓毒症，其他的
A40.900 链球菌性脓毒症
A41.000 金黄色葡萄球菌性脓毒症
A41.100x002 表皮葡萄球菌脓毒症
A41.101 凝固酶阴性葡萄球菌脓毒症
A41.200 葡萄球菌性脓毒症
A41.300 流感嗜血杆菌性脓毒症
A41.500x083 革兰阴性杆菌脓毒症
A41.501 大肠杆菌脓毒症
A41.502 铜绿假单胞菌脓毒症
A41.503 克雷伯杆菌脓毒症
A41.506 不动杆菌属性脓毒症
A41.804 真菌脓毒症
A41.805 革兰阳性菌脓毒症
A41.806 微球菌属性脓毒症
A41.807 肠球菌性脓毒症
A41.900 脓毒症
A49.815 肺炎克雷伯杆菌感染
A63.001 肛门生殖器尖锐湿疣
B02.700 播散性带状疱疹
B37.700 念珠菌性脓毒症
B65.101 慢性结肠血吸虫病
B67.901 棘球蚴病
T79.300x001 创伤后伤口感染
T81.405 手术后膝关节感染
T81.406 手术后切口感染
T82.700x002 起搏器周围组织感染","21.0100 控制鼻出血，用前鼻孔填塞
29.3900x001 鼻咽病损切除术
31.7201 气管造口闭合术
34.7101 胸壁清创缝合术
37.7800 暂时性经静脉起搏器系统的置入
37.7901 心脏起搏器囊袋清创术
39.2700x001 为肾透析的动静脉造瘘术
39.5000x032 动静脉造瘘后球囊扩张(用于肾透析)
39.7903 经导管肝动脉栓塞术
39.7904 经导管脾动脉栓塞术
39.9500 血液透析
39.9500x005 单膜血浆置换
39.9500x007 连续性肾脏替代治疗[CRRT]
39.9600x003 血液灌流
42.3308 内镜食管静脉曲张硬化剂注射术
42.8101 内镜下食管支架置入术
43.1100x001 内镜下经皮胃造瘘术
43.4105 内镜下胃息肉切除术
43.4108 内镜下胃黏膜切除术[EMR]
44.4302 内镜下胃钛夹止血术
45.3001 内镜下十二指肠病损切除术
45.4302 内镜下结肠病损切除术
45.4307 内镜下结肠黏膜切除术(EMR)
46.7404 小肠腹壁瘘切除术
47.0100 腹腔镜下阑尾切除术
49.0400x009 肛周病损切除术
49.3900x015 肛门皮肤和皮下坏死组织切除清创术
49.3905 肛门病损切除术
49.3907 肛管病损切除术
50.3x05 腹腔镜下肝叶切除术
51.0103 超声引导下胆囊穿刺引流术
51.1000 内镜逆行胰胆管造影[ERCP]
51.2300 腹腔镜下胆囊切除术
51.5900x001 超声引导下胆管穿刺引流术
51.8600x002 内镜下鼻胆管引流术
51.8802 十二指肠镜下胆总管切开取石术
51.8805 腹腔镜-胆道镜联合探查取石术
51.9800x001 超声引导下经皮肝穿刺胆管引流术
51.9800x005 经皮胆道镜下取石术
51.9808 经T管胆道支架植入术
53.0204 腹腔镜下单侧腹股沟斜疝疝囊高位结扎术
54.1900x005 腹腔镜下腹腔积血清除术
54.9800 腹膜透析
55.5103 腹腔镜下单侧肾切除术
55.9201 肾穿刺引流术
55.9205 经皮肾周脓肿抽吸术
56.0x00x005 经尿道输尿管镜输尿管激光碎石术
57.3400x002 直视下膀胱活检术
59.8x03 经尿道输尿管支架置入术
65.4100 腹腔镜单侧输卵管-卵巢切除术
65.7900x009 腹腔镜下卵巢破裂止血术
74.1x01 剖宫产术，子宫下段横切口
78.6900x010 椎骨内固定物取出术
79.1500x006 股骨骨折闭合复位髓内针内固定术
80.7601 关节镜膝关节滑膜切除术
81.9101 关节抽吸术
81.9201 关节治疗性物质注射
82.3601 手部肌肉清创术
83.4501 肌肉清创术
84.1701 大腿截断术
86.0500x008 皮下植入装置取出术
86.2200x011 皮肤和皮下坏死组织切除清创术
86.6905 上肢植皮术
86.6906 下肢植皮术
86.7503 皮瓣修整术
88.4101 脑血管造影
88.5500 单根导管的冠状动脉造影术
93.9000 无创机械性通气
93.9000x002 无创呼吸机辅助通气(双水平气道正压[BiPAP])
93.9000x003 无创呼吸机辅助通气(高频通气[HFPPV])
93.9001 持续性气道正压通气（CPAP）
96.0400 气管内插管
96.7101 呼吸机治疗[小于96小时]
96.7201 呼吸机治疗[大于等于96小时]
97.5506 内镜下胆管支架取出术
98.5103 输尿管体外冲击波碎石术
99.1005 脑动脉血栓溶解剂灌注
99.2503 静脉注射化疗药物
99.2800x005 静脉注射抗肿瘤免疫制剂治疗
99.2800x006 分子靶向治疗",3.09,29762.38,,,12
64,LL11,肾透析，伴严重合并症或并发症,"M31.701+N08.5* ANCA相关性肾炎
N01.900x003 急进性肾小球肾炎
N04.900 肾病综合征
N17.900 急性肾衰竭
N17.900x003 急性肾功能不全
N18.300 慢性肾脏病3期
N18.400 慢性肾脏病4期
N18.500 慢性肾脏病5期
N18.501 肾终末期疾病
N18.902 慢性肾衰竭
N19.x01 尿毒症
N19.x03 肾功能不全
T82.800x003 人工动静脉瘘闭塞
T82.800x004 人工动静脉瘘狭窄
T82.800x005 人工动静脉瘘血栓形成
T86.100x003 肾移植后肾衰竭","39.9500 血液透析
39.9500x004 血浆置换
39.9500x005 单膜血浆置换
39.9500x007 连续性肾脏替代治疗[CRRT]
39.9501 血液滤过
39.9600x003 血液灌流
54.9800 腹膜透析",1.32,12707.06,,,11
65,ET25,慢性气道阻塞病，不伴合并症或并发症,"J42.x00 慢性支气管炎
J42.x00x004 慢性支气管炎急性加重期
J42.x01 弥漫性泛细支气管炎
J44.000 慢性阻塞性肺病伴有急性下呼吸道感染
J44.100 慢性阻塞性肺病伴有急性加重
J44.801 慢性支气管炎伴肺气肿
J44.802 慢性喘息性支气管炎
J44.807 哮喘-慢阻肺重叠综合征
J44.900 慢性阻塞性肺病
J44.900x002 慢性阻塞性肺疾病I级
J47.x00 支气管扩张(症)
J47.x01 支气管扩张伴咯血
J47.x03 支气管扩张伴感染","/
03.3101 腰椎穿刺术
06.1101 超声引导下经皮甲状腺活组织检查术
16.2100x001 眼底检查
17.91110 头针治疗
17.912A0 电针治疗
17.91330 悬灸治疗
17.95420 中药熏药治疗
18.1100 耳镜检查
29.1100x002 纤维鼻咽镜检查
31.4200x003 纤维喉镜检查
31.4201 喉镜检查
33.2200x003 纤维支气管镜检查
33.2400x002 支气管镜下诊断性支气管肺泡灌洗[BAL]
33.2403 纤维支气管镜检查伴肺泡灌洗术
33.2600x002 经皮针吸肺活检
34.0401 胸腔闭式引流术
34.9101 胸腔穿刺抽液术
38.9100 动脉导管插入术
38.9302 颈内静脉穿刺中心静脉置管术
41.3100 骨髓活组织检查
44.1401 胃镜下活组织检查
45.1300x004 胃-十二指肠镜检查
45.1600x001 胃十二指肠镜下活检
86.2800x012 皮肤和皮下组织非切除性清创
89.3701 肺功能测定
89.3702 肺功能康复评定
89.5400 心电监测
89.6700 心脏排出量监测，用氧耗技术
93.0103 康复评定
93.1800 呼吸训练
93.3908 中药贴敷
93.3910 穴位贴敷
96.5100 眼冲洗术
97.6205 膀胱镜输尿管支架取出术",0.63,6088.22,,,8
66,HU13,急性胆道疾病，伴合并症或并发症,"K75.805 肝胆管炎
K75.806 非酒精性脂肪性肝炎
K80.000x004 胆囊结石伴慢性胆囊炎急性发作
K80.002 胆囊结石伴急性化脓性胆囊炎
K80.100x001 胆囊结石伴胆囊炎
K80.200x003 胆囊结石
K80.300x005 胆总管结石伴急性化脓性梗阻性胆管炎
K80.301 胆总管结石伴急性化脓性胆管炎
K80.302 胆总管结石伴胆管炎
K80.303 肝胆管结石伴胆管炎
K80.304 胆总管结石伴急性胆管炎
K80.305 肝内胆管结石伴胆管炎
K80.306 肝外胆管结石伴胆管炎
K80.400 胆管结石伴有胆囊炎
K80.500x002 胆管结石
K80.501 胆总管结石
K81.000 急性胆囊炎
K81.002 急性化脓性胆囊炎
K81.006 慢性胆囊炎急性发作
K81.900 胆囊炎
K83.000 胆管炎
K83.000x007 急性化脓性胆管炎
K83.000x012 IgG4相关性胆管炎
K83.001 急性胆管炎
K83.005 急性梗阻性胆管炎
K83.009 淤积性胆管炎
K83.012 硬化性胆管炎
K83.013 原发性胆管炎
K83.019 胆道感染
K83.109 梗阻性黄疸","/
06.1101 超声引导下经皮甲状腺活组织检查术
17.912A0 电针治疗
17.91330 悬灸治疗
17.95420 中药熏药治疗
29.1100x002 纤维鼻咽镜检查
31.4200x003 纤维喉镜检查
38.9100 动脉导管插入术
38.9301 经外周静脉穿刺中心静脉置管术
38.9302 颈内静脉穿刺中心静脉置管术
38.9303 锁骨下静脉穿刺中心静脉置管术
41.3100 骨髓活组织检查
42.2400x001 食管镜下活检
44.1300x001 胃镜检查
44.1301 超声内镜下胃检查
44.1401 胃镜下活组织检查
45.1300x004 胃-十二指肠镜检查
45.1301 十二指肠镜检查术
45.1600x001 胃十二指肠镜下活检
45.2302 电子结肠镜检查
52.1900x001 超声内镜下胰腺检查
54.9100x002 经腹盆腔穿刺引流术
54.9101 腹腔穿刺引流术
87.5401 胆管造影
88.9700x006 核磁共振胰胆管造影(MRCP)
99.8301 新生儿蓝光治疗",0.62,5980.76,,,6
67,JJ15,皮肤、皮下组织的其他手术，不伴合并症或并发症,"C43.600x002 手指恶性黑色素瘤
C43.702 大腿恶性黑色素瘤
C43.707 足部恶性黑色素瘤
C44.500 躯干皮肤恶性肿瘤
C44.504 背部皮肤恶性肿瘤
C44.506 臀部皮肤恶性肿瘤
C44.606 手皮肤恶性肿瘤
C44.700 下肢(包括髋)皮肤恶性肿瘤
C50.900 乳房恶性肿瘤
D04.600x001 上肢皮肤原位癌
D17.000x004 肩部脂肪瘤
D17.100x001 躯干脂肪瘤
D17.100x003 胸壁脂肪瘤
D17.200x001 肢体脂肪瘤
D17.200x002 上肢脂肪瘤
D17.200x003 手脂肪瘤
D17.200x004 下肢脂肪瘤
D17.200x005 足脂肪瘤
D17.300x005 皮下脂肪瘤
D17.500x011 腹壁脂肪瘤
D17.900x001 多发性脂肪瘤
D18.000x018 肢端血管瘤
D18.000x847 臀血管瘤
D18.000x849 腋下血管瘤
D18.000x850 背血管瘤
D18.005 躯干部血管瘤
D18.006 肢体血管瘤
D22.500 躯干黑素细胞痣
D22.502 背黑素细胞痣
D22.508 肛周黑素细胞痣
D22.511 臀黑素细胞痣
D22.600 上肢(包括肩)黑素细胞痣
D22.700 下肢(包括髋)黑素细胞痣
D22.701 足黑素细胞痣
D23.500 躯干皮肤良性肿瘤
D23.500x003 肛门皮肤良性肿瘤
D23.500x006 胸部皮肤良性肿瘤
D23.501 背部皮肤良性肿瘤
D23.503 肛周皮肤良性肿瘤
D23.504 腹壁良性肿瘤
D23.600x001 上肢皮肤良性肿瘤
D23.700x001 下肢皮肤良性肿瘤
D23.700x002 下肢端皮肤良性肿瘤
D36.700x009 腋窝良性肿瘤
D48.503 头颈部皮肤肿瘤
D48.505 躯干皮肤肿瘤
D48.515 上肢皮肤肿瘤
D48.517 下肢皮肤肿瘤
L02.200x010 胸壁脓肿
L02.300 臀部皮肤脓肿、疖和痈
L02.402 下肢皮肤脓肿、疖和痈
L02.902 皮肤脓肿
L05.000 藏毛囊肿伴有脓肿
L05.900 藏毛囊肿不伴有脓肿
L08.801 皮肤感染性窦道
L08.805 腹壁感染性窦道
L27.005 药物性皮炎
L30.901 泛发性湿疹
L57.000 光线性角化病
L72.000 表皮囊肿
L72.100 毛根鞘囊肿
L72.101 面部皮脂腺囊肿
L72.102 头颈皮脂腺囊肿
L72.103 躯干皮脂腺囊肿
L72.104 四肢皮脂腺囊肿
L72.105 皮脂腺囊肿
L72.106 会阴皮脂腺囊肿
L72.900x001 耳后囊肿
L72.900x002 皮下囊肿
L72.901 头颈部囊肿
L72.903 躯干囊肿
L72.904 腹股沟区皮肤囊肿
L72.905 四肢囊肿
L73.200 化脓性汗腺炎
L75.000 臭汗症
L81.405 雀斑痣
L82.x00 脂溢性角化病
L85.801 角化棘皮瘤
L85.803 皮角
L85.900x001 皮脂腺痣
L90.500x006 头皮瘢痕
L90.500x029 耳部瘢痕
L90.500x030 耳垂瘢痕
L90.500x031 上肢瘢痕
L90.500x048 手部瘢痕
L90.900 皮肤萎缩性疾患
L91.002 瘤样瘢痕
L91.801 皮肤赘生物
L92.200 面部肉芽肿[皮肤嗜酸细胞肉芽肿]
L94.200 皮肤钙质沉着症
L98.000 生脓性肉芽肿
L98.800x015 粟丘疹
L98.802 皮肤窦道
Q82.507 疣状表皮痣
R22.002 头皮肿物
R22.003 鼻部肿物
R22.005 面部肿物
R22.006 耳部肿物
R22.100x001 颈部肿物
R22.200x002 躯干肿物
R22.202 胸壁肿物
R22.203 腹壁肿物
R22.204 腹股沟肿物
R22.205 背部肿物
R22.206 骶尾部肿物
R22.207 臀部肿物
R22.300x002 手肿物
R22.302 肩部肿物
R22.400x002 下肢肿物
R22.400x003 足肿物
R22.902 皮下肿物
R22.903 皮肤肿物
S30.101 创伤性髂部血肿
S30.102 创伤性髂腰肌血肿
S30.700 腹部、下背和骨盆多处浅表损伤
S30.801 腹壁浅表异物
S31.001 创伤性会阴裂伤
S70.800x042 股部浅表异物
S80.800x042 膝部浅表异物
S80.901 膝部血肿
S90.800x043 足部浅表异物
T14.003 皮下血肿","18.2900x003 耳廓病损切除术
18.2900x009 外耳道病损切除术
18.2901 外耳病损切除术
20.5100x002 耳后病损切除术
21.3201 鼻部皮肤病损切除术
27.4301 唇病损切除术
34.4x01 胸壁病损切除术
38.6000x011 躯干部血管瘤切除术
38.6302 上肢血管病损切除术
49.0400x009 肛周病损切除术
54.0x00x021 腹膜外血肿清除术
54.0x03 腹壁异物取出术
54.3x00x004 腹壁窦道扩创术
54.3x00x027 脐病损切除术
54.3x01 腹壁病损切除术
54.3x03 腹股沟病损切除术
54.4x00x012 骶尾部病损切除术
54.4x00x047 腰骶病损切除术
71.0900x004 外阴血肿清除术
71.3x01 会阴病损切除术
71.7102 会阴裂伤缝合术
82.2900x001 手部软组织病损切除术
83.3900x017 软组织病损切除术
86.0100x002 皮肤和皮下组织脓肿抽吸术
86.0100x003 皮肤和皮下组织血肿抽吸术
86.0302 藏毛囊肿切开术
86.0502 皮肤和皮下组织异物切开取出术
86.0900x010 皮肤和皮下组织切开减压术
86.0902 皮肤窦道切开术
86.2102 藏毛窦切除术
86.3x02 皮肤病损切除术
86.3x03 皮下组织病损切除术
86.3x04 男性会阴病损切除术
86.3x05 腋嗅切除术
86.3x08 汗腺病损切除术
86.3x10x038 腋下汗腺切除术
86.3x13 颈部皮下组织病损切除术
86.3x14 皮肤色素痣切除术
86.3x15 皮肤及皮下血管瘤切除术
86.4x01 头.面.颈皮肤病损根治切除术
86.4x02 躯干皮肤病损根治性切除术
86.4x03 肢体皮肤病损根治切除术
86.8401 皮肤瘢痕松解术
86.9900 皮肤和皮下组织的其他手术",0.42,4004.41,,,3
68,FF39,大隐静脉和小隐静脉手术,"I83.000 下肢静脉曲张伴有溃疡
I83.101 下肢静脉曲张伴静脉炎
I83.900x004 下肢静脉曲张
I83.903 大隐静脉曲张
I83.905 小隐静脉曲张
I87.201 下肢静脉功能不全","38.5900x005 下肢静脉剥脱术
38.5900x010 大隐静脉射频消融术
38.5901 大隐静脉高位结扎和剥脱术
38.5902 大隐静脉曲张结扎术
38.5903 大隐静脉曲张剥脱术
38.5906 小隐静脉高位结扎和剥脱术
38.5907 大隐静脉曲张分段切除术",1.51,14523.12,,,5
69,GF35,腹股沟疝及股疝手术，不伴合并症或并发症,"K40.200x001 双侧腹股沟疝
K40.201 双侧腹股沟斜疝
K40.202 双侧腹股沟直疝
K40.204 双侧腹股沟疝(一侧直疝、一侧斜疝)
K40.300 单侧或未特指的腹股沟疝，伴有梗阻，不伴有坏疽
K40.301 单侧绞窄性腹股沟斜疝
K40.305 单侧嵌顿性腹股沟直疝
K40.306 单侧嵌顿性腹股沟斜疝
K40.307 单侧嵌顿性腹股沟疝伴梗阻
K40.311 难复性腹股沟疝
K40.312 嵌顿性腹股沟疝
K40.313 嵌顿性腹股沟疝伴梗阻
K40.314 嵌顿性腹股沟斜疝
K40.900x002 单侧腹股沟疝
K40.900x003 单侧腹股沟斜疝
K40.900x004 单侧腹股沟直疝
K40.901 腹股沟斜疝
K40.904 复发性腹股沟斜疝
K40.906 复发性腹股沟疝
K41.300x003 单侧股疝伴梗阻
K41.302 嵌顿性股疝
K41.900x001 股疝
K45.002 嵌顿性闭孔疝","17.1100x001 腹腔镜下单侧腹股沟直疝无张力修补术
17.1200x001 腹腔镜下单侧腹股沟斜疝无张力修补术
17.1300x001 腹腔镜下经腹膜前腹股沟疝补片修补术（TAPP）
17.1300x002 腹腔镜下全腹膜外腹股沟疝补片修补术（TEP）
17.2100x001 腹腔镜下双侧腹股沟直疝无张力修补术
17.2200x001 腹腔镜下双侧腹股沟斜疝无张力修补术
17.2300x001 腹腔镜下双侧腹股沟疝无张力修补术,一侧直疝一侧斜疝
17.2400x001 腹腔镜下双侧腹股沟疝无张力修补术
53.0001 单侧腹股沟疝修补术
53.0002 腹腔镜下单侧腹股沟疝修补术
53.0101 单侧腹股沟直疝修补术
53.0203 腹腔镜下单侧腹股沟斜疝修补术
53.0204 腹腔镜下单侧腹股沟斜疝疝囊高位结扎术
53.0302 单侧腹股沟直疝无张力修补术
53.0401 单侧腹股沟斜疝无张力修补术
53.0501 单侧腹股沟疝无张力修补术
53.1200x001 腹腔镜下双侧腹股沟斜疝疝囊高位结扎术
53.1203 腹腔镜下双侧腹股沟斜疝修补术
53.1401 双侧腹股沟直疝无张力修补术
53.1501 双侧腹股沟斜疝无张力修补
53.1701 双侧腹股沟疝无张力修补术
53.2100x001 腹腔镜下单侧股疝无张力修补术
53.2101 单侧股疝无张力修补术",1.1,10597.54,,,3
70,RU15,恶性及增生性疾病的其他治疗，不伴严重合并症或并发症,"Z51.002 恶性肿瘤术后放射治疗
Z51.003 恶性肿瘤放射治疗
Z51.101 手术前恶性肿瘤化学治疗
Z51.102 手术后恶性肿瘤化学治疗
Z51.103 恶性肿瘤维持性化学治疗
Z51.104 姑息性化疗
Z51.200x008 化学治疗
Z51.800x092 恶性肿瘤介入治疗
Z51.800x094 恶性肿瘤内分泌治疗
Z51.800x095 恶性肿瘤免疫治疗
Z51.800x951 恶性肿瘤术前免疫治疗
Z51.801 恶性肿瘤靶向治疗
Z51.804 肿瘤内分泌治疗
Z51.807 恶性肿瘤术后靶向治疗
Z51.810 肿瘤免疫治疗","/
03.3101 腰椎穿刺术
29.1100x002 纤维鼻咽镜检查
33.2400x001 支气管镜下支气管活检
33.2400x002 支气管镜下诊断性支气管肺泡灌洗[BAL]
33.2600x002 经皮针吸肺活检
34.0401 胸腔闭式引流术
34.9101 胸腔穿刺抽液术
34.9104 CT引导下胸腔穿刺术
38.9100 动脉导管插入术
38.9100x601 肝动脉插管术
38.9304 股静脉穿刺置管术
39.9200 静脉注射硬化药
41.3100 骨髓活组织检查
42.2300x001 食管镜检查
42.2400x001 食管镜下活检
44.1401 胃镜下活组织检查
45.1300x004 胃-十二指肠镜检查
45.2301 可曲性光学纤维结肠镜检查
45.2302 电子结肠镜检查
49.0100x004 肛周脓肿切开引流术
54.9100x002 经腹盆腔穿刺引流术
54.9101 腹腔穿刺引流术
77.4904 椎骨活组织检查
86.0701 静脉输液港植入术
86.1100 皮肤和皮下组织的活组织检查
92.1800x002 PET-CT扫描
99.7400 治疗性血小板去除术
99.8500x003 热疗(用于癌症)
99.9900x011 口服免疫抑制剂治疗",0.59,5692.72,,,4
71,FV23,高血压，伴合并症或并发症,"E16.800x102 糖耐量受损伴高血压
I10.x00x002 高血压
I10.x03 高血压1级
I10.x04 高血压2级
I10.x05 高血压3级
I10.x06 高血压危象
I10.x09 原发性高血压
I10.x10 高血压急症
I10.x12 难治性高血压
I10.x14 高血压亚急症
I11.901 高血压性心脏病
I15.200x001 原发性醛固酮增多症性高血压
I15.800x006 阻塞性睡眠呼吸暂停低通气综合征性高血压
I15.900 继发性高血压","/
06.1101 超声引导下经皮甲状腺活组织检查术
16.2100x001 眼底检查
17.912A0 电针治疗
17.91330 悬灸治疗
29.1100x002 纤维鼻咽镜检查
31.4200x003 纤维喉镜检查
31.4201 喉镜检查
38.9302 颈内静脉穿刺中心静脉置管术
45.1300x004 胃-十二指肠镜检查
45.1600x001 胃十二指肠镜下活检
60.1100x002 超声引导下前列腺穿刺活检
89.6700 心脏排出量监测，用氧耗技术
95.0400 麻醉下眼检查",0.62,5966.28,,,8
72,GK25,胃镜治疗操作，不伴严重合并症或并发症,"A09.000x001 肠道感染
A09.004 感染性腹泻
C15.100 胸部食管恶性肿瘤
C15.300 食管上三分之一的恶性肿瘤
C15.802 食管中下段恶性肿瘤
C15.900 食管恶性肿瘤
C16.900 胃恶性肿瘤
C20.x00 直肠恶性肿瘤
C78.600x004 腹膜继发恶性肿瘤
D01.200 直肠原位癌
D12.500 乙状结肠良性肿瘤
D12.600 结肠良性肿瘤
D12.601 家族性息肉病
D13.000 食管良性肿瘤
D13.100 胃良性肿瘤
D13.200 十二指肠良性肿瘤
D17.500x007 回盲部脂肪瘤
K21.001 反流性食管炎
K21.900x003 胃食管反流
K22.102 贲门溃疡
K22.200 食管梗阻
K22.205 食管狭窄
K22.208 手术后食管狭窄
K22.800x011 贲门息肉
K22.807 食管息肉
K22.815 食管黏膜鳞状上皮增生
K25.000x002 急性胃黏膜病变伴出血
K25.400x001 胃溃疡伴出血
K25.400x002 胃窦部溃疡伴出血
K25.900x001 胃溃疡
K26.000 急性十二指肠溃疡伴有出血
K26.400x003 十二指肠糜烂出血
K26.401 十二指肠球部溃疡伴出血
K27.400x002 复合性溃疡伴出血
K27.400x004 消化性溃疡伴出血
K29.701 残胃炎
K31.500 十二指肠梗阻
K31.701 十二指肠息肉
K31.702 十二指肠球部息肉
K31.703 胃息肉
K31.905 胃黏膜病变
K36.x00x004 阑尾残端炎
K44.901 食管裂孔疝
K56.100 肠套叠
K56.700 肠梗阻
K56.701 不完全性肠梗阻
K58.801 肠易激综合征
K62.100 直肠息肉
K62.813 肛门括约肌松弛
K63.500 结肠息肉
K64.811 混合痔
K65.902 自发性腹膜炎
K65.903 腹腔感染
K91.802 残胃吻合口炎
K91.809 食管胃吻合口狭窄
K92.203 十二指肠出血
K92.207 急性上消化道出血
K92.208 上消化道出血
K92.210 消化道出血
R10.400x002 功能性腹痛","42.3301 内镜食管病损切除术
42.3302 内镜食管病损氩离子凝固术
42.3304 内镜食管息肉切除术
42.3306 内镜食管黏膜切除术
42.8101 内镜下食管支架置入术
42.9200x006 内镜下食管球囊扩张成形术
42.9202 内镜下食管扩张术
43.4100x011 胃镜下贲门病损切除术
43.4100x014 胃镜下胃病损切除术
43.4100x015 胃镜下贲门病损电切术
43.4101 内镜下胃病损氩离子凝固术
43.4102 内镜下胃病损套扎治疗术
43.4105 内镜下胃息肉切除术
43.4108 内镜下胃黏膜切除术[EMR]
44.4300x001 胃镜下十二指肠止血术
44.4300x002 胃镜下胃出血止血术
44.4302 内镜下胃钛夹止血术
44.4303 内镜下十二指肠钛夹止血术
45.3001 内镜下十二指肠病损切除术
45.3005 内镜下十二指肠黏膜切除术(EMR)
97.5902 内镜下食管支架取出术
98.0301 内镜下胃内异物去除",0.62,5998.81,,,4
73,IU15,骨病及其他关节病，不伴合并症或并发症,"M05.900 血清反应阳性的类风湿性关节炎
M06.000 血清反应阴性的类风湿性关节炎
M06.900 类风湿性关节炎
M06.906 类风湿性膝关节关节炎
M08.800x091 幼年型特发性关节炎
M10.000x094 原发性痛风
M10.002 痛风性关节炎
M10.003 痛风性滑囊炎
M10.300 肾功能损害引起的痛风
M10.900 痛风
M10.900x093 痛风石
M10.903 痛风结节
M13.000 多关节炎
M13.800x001 变应性关节炎
M13.900 关节炎
M15.000 原发性全身性(骨)关节病
M15.301 创伤后多关节病
M15.900 多关节病
M15.902 全身性骨关节炎
M16.000 原发性双侧髋关节病
M16.101 原发性单侧髋关节病
M16.301 发育异常性单侧髋关节病
M16.900 髋关节病
M16.900x011 髋关节周围炎
M17.000 原发性双侧膝关节病
M17.101 原发性单侧膝关节病
M17.900 膝关节病
M17.900x002 膝关节退行性病变
M17.900x003 双侧膝关节骨性关节病
M17.900x004 单侧膝关节骨性关节病
M19.900 关节病
M19.901 肩关节关节病
M19.902 肘关节关节病
M19.905 踝关节关节病
M24.503 踝关节挛缩
M24.800x052 髋关节撞击综合征
M24.908 腰椎小关节紊乱
M25.301 关节不稳定
M25.411 膝关节积液
M25.413 踝关节积液
M25.501 肩关节痛
M25.502 肘关节痛
M25.504 手骨间关节痛
M25.505 髋关节痛
M25.506 膝关节痛
M25.507 踝关节痛
M25.602 肩关节僵硬
M25.603 肘关节僵硬
M25.606 髋关节僵硬
M25.804 肘关节囊肿
M25.900x061 膝关节肿物
M47.900x091 脊柱骨关节病
M81.000 绝经后骨质疏松
M81.800x091 老年性骨质疏松
M81.900 骨质疏松
M85.000x084 椎骨纤维异常增殖症
M85.600x052 坐骨结节囊肿
M89.818 骨质破坏
M89.823 骨痛
M89.903 肱骨肿物
M89.918 肋骨肿物
M94.100 复发性多软骨炎
N25.002+M90.8* 肾性骨病","/
03.3101 腰椎穿刺术
03.9102 脊神经根阻滞术
04.8101 周围神经阻滞术
06.1101 超声引导下经皮甲状腺活组织检查术
17.912A0 电针治疗
17.91330 悬灸治疗
17.95420 中药熏药治疗
27.2300 唇活组织检查
29.1100x002 纤维鼻咽镜检查
31.4200x003 纤维喉镜检查
33.2400x002 支气管镜下诊断性支气管肺泡灌洗[BAL]
34.0401 胸腔闭式引流术
41.3100 骨髓活组织检查
44.1300x001 胃镜检查
44.1301 超声内镜下胃检查
44.1401 胃镜下活组织检查
45.1300x004 胃-十二指肠镜检查
45.1301 十二指肠镜检查术
45.1600x001 胃十二指肠镜下活检
45.2302 电子结肠镜检查
45.2501 结肠镜下大肠活组织检查
48.2400x002 直肠活检
77.4904 椎骨活组织检查
80.3200 肘关节结构的活组织检查
83.2100 软组织活组织检查
83.9501 超声引导下躯干软组织病损抽吸术
83.9700 腱治疗性药物注入
83.9800x001 软组织治疗性药物局部注射
86.1100 皮肤和皮下组织的活组织检查
86.2800x012 皮肤和皮下组织非切除性清创
89.6700 心脏排出量监测，用氧耗技术
93.5401 石膏夹板固定
96.5100 眼冲洗术
99.2400x001 肾上腺皮质激素类药物注射
99.7100 治疗性血浆去除术
99.7300 治疗性红细胞去除术",0.53,5061.76,,,8
74,TV19,焦虑障碍,"F41.000 惊恐障碍［间歇发作性焦虑］
F41.001 惊恐发作
F41.100 广泛性焦虑障碍
F41.101 焦虑状态
F41.200 混合性焦虑和抑郁障碍
F41.200x002 焦虑抑郁状态
F41.201 焦虑性抑郁症
F41.900 焦虑障碍","/
04.8101 周围神经阻滞术
06.1101 超声引导下经皮甲状腺活组织检查术
17.91330 悬灸治疗
17.95420 中药熏药治疗
18.1100 耳镜检查
29.1100x002 纤维鼻咽镜检查
31.4200x003 纤维喉镜检查
31.4201 喉镜检查
41.3100 骨髓活组织检查
42.2400x001 食管镜下活检
44.1301 超声内镜下胃检查
44.1401 胃镜下活组织检查
45.1300x004 胃-十二指肠镜检查
45.1600x001 胃十二指肠镜下活检
45.2302 电子结肠镜检查",0.88,8473.32,,,11
75,KD13,甲状腺、甲状旁腺大手术，伴合并症或并发症,"C73.x00 甲状腺恶性肿瘤
D34.x00 甲状腺良性肿瘤
D34.x00x003 胸骨后甲状腺良性肿瘤
D44.000x001 甲状腺交界性肿瘤
D44.001 甲状腺肿瘤
E04.101 甲状腺结节
E04.900x001 甲状腺肿
E04.901 胸骨后甲状腺肿
E04.902 结节性甲状腺肿
E04.903 胸骨后结节性甲状腺肿
E05.301 异位甲状腺肿
E06.304 桥本甲状腺炎
E07.901 甲状腺肿物
Q89.203 异位甲状腺","06.2x00 单侧甲状腺叶切除术
06.2x01 腔镜下单侧甲状腺切除术
06.2x02 单侧甲状腺切除伴甲状腺峡部切除术
06.2x03 单侧甲状腺切除伴他叶部分切除术
06.2x04 单侧甲状腺切除伴峡部和其他叶部分切除术
06.3900x003 单侧甲状腺部分切除术
06.3900x004 单侧甲状腺次全切除术
06.3900x012 双侧甲状腺部分切除术
06.3900x013 双侧甲状腺次全切除术
06.3903 异位甲状腺切除术
06.3905 甲状腺峡部切除术
06.3908 腔镜下甲状腺部分切除术
06.4x00 甲状腺全部切除术
06.4x02 腔镜下甲状腺全部切除术
06.5100 胸骨下甲状腺部分切除术
06.5101 胸骨后甲状腺病损切除术
06.5200 胸骨下甲状腺全部切除术",2.6,25008.41,,,8
76,FM31,经皮冠状动脉支架植入，伴严重合并症或并发症,"I20.000 不稳定型心绞痛
I20.801 稳定型心绞痛
I20.803 劳力性心绞痛
I20.900 心绞痛
I21.001 急性前壁心肌梗死
I21.002 急性前侧壁心肌梗死
I21.003 急性前间壁心肌梗死
I21.004 急性广泛前壁心肌梗死
I21.103 急性下壁心肌梗死
I21.200x003 急性后壁心肌梗死
I21.200x016 急性下壁高侧壁心肌梗死
I21.200x019 急性广泛前壁高侧壁心肌梗死
I21.200x021 急性前壁高侧壁心肌梗死
I21.204 急性高侧壁心肌梗死
I21.208 急性下壁正后壁心肌梗死
I21.210 急性侧壁心肌梗死
I21.211 急性前壁下壁心肌梗死
I21.401 急性非ST段抬高型心肌梗死
I21.900 急性心肌梗死
I24.800x007 急性非ST段抬高型急性冠脉综合征
I25.103 冠状动脉粥样硬化性心脏病
I25.500 缺血性心肌病
I50.907 急性心力衰竭
I72.800x111 支气管动脉瘤
R55.x00x002 心源性晕厥","36.0601 冠状动脉药物涂层支架置入术
36.0700 药物洗脱冠状动脉支架置入",3.44,33175.57,,,8
77,SR13,"败血症,伴一般合并症或并发症","A02.100 沙门菌脓毒症
A40.300 肺炎链球菌性脓毒症
A40.800 链球菌性脓毒症，其他的
A40.900 链球菌性脓毒症
A41.000 金黄色葡萄球菌性脓毒症
A41.100x002 表皮葡萄球菌脓毒症
A41.101 凝固酶阴性葡萄球菌脓毒症
A41.200 葡萄球菌性脓毒症
A41.300 流感嗜血杆菌性脓毒症
A41.500x083 革兰阴性杆菌脓毒症
A41.501 大肠杆菌脓毒症
A41.502 铜绿假单胞菌脓毒症
A41.503 克雷伯杆菌脓毒症
A41.504 阴沟肠杆菌脓毒症
A41.505 变形杆菌脓毒症
A41.506 不动杆菌属性脓毒症
A41.801 枯草杆菌脓毒症
A41.805 革兰阳性菌脓毒症
A41.807 肠球菌性脓毒症
A41.900 脓毒症
A41.900x004 内毒素血症
B37.700 念珠菌性脓毒症","/
00.6800x001 肢体动脉血管内压力测量
00.6900x001 血管内压力测量
00.6900x004 肠系膜血管血管内压力测量
03.3101 腰椎穿刺术
04.8101 周围神经阻滞术
17.91110 头针治疗
17.912A0 电针治疗
17.91330 悬灸治疗
17.95420 中药熏药治疗
17.98410 直肠滴注治疗
17.98422 经直肠中药滴入治疗
27.0x08 咽旁间隙切开引流术
29.1100x002 纤维鼻咽镜检查
31.4200x003 纤维喉镜检查
33.2200x003 纤维支气管镜检查
33.2302 电子支气管镜检查
33.2400x002 支气管镜下诊断性支气管肺泡灌洗[BAL]
33.2403 纤维支气管镜检查伴肺泡灌洗术
33.2405 气管镜刷检术
33.2600x002 经皮针吸肺活检
34.0401 胸腔闭式引流术
34.9101 胸腔穿刺抽液术
34.9103 超声引导下胸腔穿刺术
38.9100 动脉导管插入术
38.9301 经外周静脉穿刺中心静脉置管术
38.9302 颈内静脉穿刺中心静脉置管术
38.9303 锁骨下静脉穿刺中心静脉置管术
38.9304 股静脉穿刺置管术
38.9502 为肾透析的临时静脉插管术
38.9700x002 引导下中心静脉置管术
38.9800x001 动脉穿刺术
38.9900x002 静脉穿刺术
40.1100x005 经支气管超声内镜纵隔淋巴结穿刺活检术
41.3100 骨髓活组织检查
41.3800x001 骨髓穿刺术
44.1300x001 胃镜检查
45.1300x004 胃-十二指肠镜检查
45.1301 十二指肠镜检查术
45.1402 内镜下回肠活组织检查
45.1600x001 胃十二指肠镜下活检
45.2302 电子结肠镜检查
50.1100x005 经皮肝穿刺活检
50.9101 经皮肝穿刺引流术
50.9102 肝脓肿穿刺引流术
54.9100x009 超声引导下盆腔穿刺术
54.9101 腹腔穿刺引流术
54.9105 腹腔穿刺术
57.3200x001 膀胱镜检查
57.9400 留置导尿管的置入术
57.9500 留置导尿管的置换术
59.9900x002 输尿管支架取出术
69.0902 宫腔镜诊断性刮宫术
83.9502 超声引导下颈部软组织病损抽吸术
86.0701 静脉输液港植入术
86.1100 皮肤和皮下组织的活组织检查
86.2800x012 皮肤和皮下组织非切除性清创
89.1400 脑电图
89.1900x001 视频脑电图监测
89.3702 肺功能康复评定
89.5400 心电监测
89.6400x001 漂浮导管检查[Swan-Ganz导管插入]
89.6700 心脏排出量监测，用氧耗技术
89.6801 心脏排出量监测（PICCO）
93.3910 穴位贴敷
96.0800x004 鼻空肠营养管置入术
96.3500x001 鼻饲
97.6205 膀胱镜输尿管支架取出术
97.8903 化疗泵取出术
99.0301 输血
99.0401 红细胞输入
99.6000 心肺复苏
99.8301 新生儿蓝光治疗",0.83,7986.41,,,8
78,CB75,角膜、巩膜、结膜手术，不伴合并症或并发症,"H05.901 眼眶肿物
H11.000 翼状胬肉
H11.201 睑球粘连
H11.401 结膜囊肿
H11.805 结膜松弛
H11.901 结膜肿物
H18.901 角膜肿物
S05.300x004 眼球破裂伤
S05.301 角膜裂伤
S05.306 结膜裂伤
S05.601 角膜穿通伤
T15.000 角膜异物","10.3101 结膜病损切除术
10.4900x001 结膜成形术
10.4903 结膜囊成形术
10.5x01 睑球粘连分离术
10.6x00x001 结膜缝合术
10.6x00x002 结膜撕裂修补术
10.9900x001 结膜瓣遮盖术
10.9901 结膜松弛矫正术
11.1x01 角膜切开异物去除术
11.3201 翼状胬肉切除伴自体干细胞移植术
11.3203 翼状胬肉切除伴羊膜植片移植术
11.3900x001 翼状胬肉切除术
11.3901 翼状胬肉切除伴结膜移植术
11.4903 角膜病损切除术
11.5100 角膜裂伤缝合术
11.5900x001 角膜修补术
11.9900x002 自体角膜缘干细胞取材术
98.2200x005 角膜嵌入异物去除",0.36,3449.78,,,2
79,IC25,髋、肩、膝、肘和踝关节置换术，不伴严重合并症或并发症,"C40.201 股骨恶性肿瘤
M05.308 累及全身类风湿性关节炎
M05.800 血清反应阳性的类风湿性关节炎,其他的
M06.800x051 类风湿性髋关节炎
M06.900 类风湿性关节炎
M06.906 类风湿性膝关节关节炎
M16.000 原发性双侧髋关节病
M16.101 原发性单侧髋关节病
M16.200 发育异常导致的双侧髋关节病
M16.301 发育异常性单侧髋关节病
M17.000 原发性双侧膝关节病
M17.101 原发性单侧膝关节病
M17.900x002 膝关节退行性病变
M84.100x051 股骨骨折不连接
M87.002 股骨头无菌性坏死
M87.102 药物性股骨头坏死
M87.203 创伤后股骨头坏死
M87.300 继发性骨坏死，其他的
M87.800x051 股骨头缺血性坏死
Q65.801 先天性髋关节发育不良
S42.200x001 肱骨近端骨折
S42.200x041 肱骨大结节骨折
S52.100x001 桡骨近端骨折
S52.101 桡骨头骨折
S72.000 股骨颈骨折
S72.000x031 股骨颈头下骨折
S72.000x051 股骨颈基底骨折
S72.000x081 股骨头骨折
S72.101 股骨粗隆间骨折
T84.000x004 人工关节置换术后假体功能障碍","81.5100 全髋关节置换
81.5201 人工股骨头置换术
81.5400 全部膝关节置换
81.5400x004 膝关节单髁表面置换术
81.5401 部分膝关节置换术
81.8100 肩关节部分置换
81.8101 人工肱骨头置换术
81.8400x002 人工桡骨头置换术
81.8401 肘关节部分置换术
81.8800 反向全肩关节置换术",3.31,31882.93,,,12
80,SR15,"败血症,不伴合并症或并发症","A02.100 沙门菌脓毒症
A40.300 肺炎链球菌性脓毒症
A40.800 链球菌性脓毒症，其他的
A40.900 链球菌性脓毒症
A41.000 金黄色葡萄球菌性脓毒症
A41.100x002 表皮葡萄球菌脓毒症
A41.101 凝固酶阴性葡萄球菌脓毒症
A41.200 葡萄球菌性脓毒症
A41.300 流感嗜血杆菌性脓毒症
A41.500x083 革兰阴性杆菌脓毒症
A41.501 大肠杆菌脓毒症
A41.502 铜绿假单胞菌脓毒症
A41.503 克雷伯杆菌脓毒症
A41.504 阴沟肠杆菌脓毒症
A41.505 变形杆菌脓毒症
A41.506 不动杆菌属性脓毒症
A41.801 枯草杆菌脓毒症
A41.805 革兰阳性菌脓毒症
A41.807 肠球菌性脓毒症
A41.900 脓毒症
A41.900x004 内毒素血症
B37.700 念珠菌性脓毒症","/
00.6800x001 肢体动脉血管内压力测量
00.6900x001 血管内压力测量
00.6900x004 肠系膜血管血管内压力测量
03.3101 腰椎穿刺术
04.8101 周围神经阻滞术
17.91110 头针治疗
17.912A0 电针治疗
17.91330 悬灸治疗
17.95420 中药熏药治疗
17.98410 直肠滴注治疗
17.98422 经直肠中药滴入治疗
27.0x08 咽旁间隙切开引流术
29.1100x002 纤维鼻咽镜检查
31.4200x003 纤维喉镜检查
33.2200x003 纤维支气管镜检查
33.2302 电子支气管镜检查
33.2400x002 支气管镜下诊断性支气管肺泡灌洗[BAL]
33.2403 纤维支气管镜检查伴肺泡灌洗术
33.2405 气管镜刷检术
33.2600x002 经皮针吸肺活检
34.0401 胸腔闭式引流术
34.9101 胸腔穿刺抽液术
34.9103 超声引导下胸腔穿刺术
38.9100 动脉导管插入术
38.9301 经外周静脉穿刺中心静脉置管术
38.9302 颈内静脉穿刺中心静脉置管术
38.9303 锁骨下静脉穿刺中心静脉置管术
38.9304 股静脉穿刺置管术
38.9502 为肾透析的临时静脉插管术
38.9700x002 引导下中心静脉置管术
38.9800x001 动脉穿刺术
38.9900x002 静脉穿刺术
40.1100x005 经支气管超声内镜纵隔淋巴结穿刺活检术
41.3100 骨髓活组织检查
41.3800x001 骨髓穿刺术
44.1300x001 胃镜检查
45.1300x004 胃-十二指肠镜检查
45.1301 十二指肠镜检查术
45.1402 内镜下回肠活组织检查
45.1600x001 胃十二指肠镜下活检
45.2302 电子结肠镜检查
50.1100x005 经皮肝穿刺活检
50.9101 经皮肝穿刺引流术
50.9102 肝脓肿穿刺引流术
54.9100x009 超声引导下盆腔穿刺术
54.9101 腹腔穿刺引流术
54.9105 腹腔穿刺术
57.3200x001 膀胱镜检查
57.9400 留置导尿管的置入术
57.9500 留置导尿管的置换术
59.9900x002 输尿管支架取出术
69.0902 宫腔镜诊断性刮宫术
83.9502 超声引导下颈部软组织病损抽吸术
86.0701 静脉输液港植入术
86.1100 皮肤和皮下组织的活组织检查
86.2800x012 皮肤和皮下组织非切除性清创
89.1400 脑电图
89.1900x001 视频脑电图监测
89.3702 肺功能康复评定
89.5400 心电监测
89.6400x001 漂浮导管检查[Swan-Ganz导管插入]
89.6700 心脏排出量监测，用氧耗技术
89.6801 心脏排出量监测（PICCO）
93.3910 穴位贴敷
96.0800x004 鼻空肠营养管置入术
96.3500x001 鼻饲
97.6205 膀胱镜输尿管支架取出术
97.8903 化疗泵取出术
99.0301 输血
99.0401 红细胞输入
99.6000 心肺复苏
99.8301 新生儿蓝光治疗",0.32,3103.77,,,5
81,LU11,肾及尿路感染，伴严重合并症或并发症,"N10.x02 急性肾盂肾炎
N11.802 黄色肉芽肿性肾盂肾炎
N12.x02 肾盂肾炎
N13.600 肾积脓
N13.601 肾结石伴有积水和感染
N13.602 输尿管结石伴有积水和感染
N13.603 肾输尿管结石伴有积水和感染
N13.605 输尿管狭窄伴有感染
N15.101 肾脓肿
N15.102 肾周脓肿
N15.900x002 肾周围感染
N15.901 肾感染
N28.839 肾周围炎
N30.000 急性膀胱炎
N30.201 慢性膀胱炎
N34.205 慢性尿道炎
N34.300 尿道综合征
N39.000 泌尿道感染
T83.500x003 导管相关性尿路感染","/
08.1900 眼睑其他诊断性操作
17.91110 头针治疗
17.912A0 电针治疗
17.91330 悬灸治疗
17.95420 中药熏药治疗
29.1100x002 纤维鼻咽镜检查
33.2403 纤维支气管镜检查伴肺泡灌洗术
34.9101 胸腔穿刺抽液术
38.9100 动脉导管插入术
41.3800x001 骨髓穿刺术
42.2300x001 食管镜检查
44.1300x001 胃镜检查
45.1300x004 胃-十二指肠镜检查
45.1301 十二指肠镜检查术
45.1600x001 胃十二指肠镜下活检
45.2302 电子结肠镜检查
56.0x00x017 经尿道输尿管软镜输尿管碎石术
56.0x03x002 经尿道输尿管软镜输尿管/肾盂激光碎石术
56.3100 输尿管镜检查
57.3200x001 膀胱镜检查
57.9400 留置导尿管的置入术
59.9201 肾周穿刺引流术
59.9900x002 输尿管支架取出术
59.9901 输尿管支架置换术
60.1100x002 超声引导下前列腺穿刺活检
86.1100 皮肤和皮下组织的活组织检查
89.6700 心脏排出量监测，用氧耗技术
97.6204 输尿管镜输尿管支架取出术
97.6205 膀胱镜输尿管支架取出术",0.68,6503.57,,,8
82,IU39,骨骼、肌肉、结缔组织恶性病损、病理性骨折,"C41.900x001 骨恶性肿瘤
C49.200x001 下肢结缔组织恶性肿瘤
C49.200x002 下肢软组织恶性肿瘤
C49.200x005 膝部结缔组织和软组织恶性肿瘤
C79.500x001 骨继发恶性肿瘤
C79.500x006 椎体继发恶性肿瘤
C79.500x010 股骨继发恶性肿瘤
C79.500x013 胸骨继发恶性肿瘤
C79.500x021 肋骨继发恶性肿瘤
C79.500x024 盆骨继发恶性肿瘤
C79.500x031 胸椎继发恶性肿瘤
C79.500x032 腰椎继发恶性肿瘤
C79.506 躯干骨继发恶性肿瘤
C79.509 脊柱继发恶性肿瘤
C79.800x836 肌肉继发恶性肿瘤
D48.009 胸骨肿瘤
D48.011 肋骨肿瘤
D48.013 脊柱肿瘤
D48.021 下肢骨肿瘤
D48.903+M90.7* 肿瘤性病理性骨折
M80.000 绝经后骨质疏松伴有病理性骨折
M80.800 骨质疏松伴有病理性骨折，其他的
M80.801 老年性骨质疏松伴病理性骨折
M80.900 骨质疏松伴有病理性骨折","/
04.8101 周围神经阻滞术
06.1101 超声引导下经皮甲状腺活组织检查术
17.912A0 电针治疗
17.91330 悬灸治疗
17.91350 温针灸治疗
17.95420 中药熏药治疗
17.96110 脊柱针刀治疗
34.0401 胸腔闭式引流术
34.9104 CT引导下胸腔穿刺术
41.3100 骨髓活组织检查
44.1300x001 胃镜检查
45.1300x004 胃-十二指肠镜检查
45.2302 电子结肠镜检查
77.4103 肋骨活组织检查
77.4500 股骨活组织检查
77.4701 胫骨活组织检查
77.4900x007 髂骨活检术
77.4901 骨盆活组织检查
77.4904 椎骨活组织检查
78.8100x001 肩胛骨穿刺活组织检查
78.8100x003 肋骨穿刺活组织检查
83.2100 软组织活组织检查
83.9800x001 软组织治疗性药物局部注射
86.0600x004 药物治疗泵置入
86.1100 皮肤和皮下组织的活组织检查
89.6700 心脏排出量监测，用氧耗技术
96.5100 眼冲洗术
97.6205 膀胱镜输尿管支架取出术",0.87,8411.81,,,11
83,EZ11,其他呼吸系统疾病，伴严重合并症或并发症,"E32.001 胸腺增生
E83.104+J99.8* 肺含铁血黄素沉积症
J43.900x001 大疱性肺气肿
J43.901 肺大疱
J43.903 老年性肺气肿
J69.001 吸入性肺炎
J86.004 食管纵隔瘘
J86.007 食管支气管瘘
J95.800x012 手术后气管食管瘘
J98.005 支气管狭窄
J98.009 支气管阻塞
J98.101 肺不张
J98.400x001 肺病
J98.400x016 肺炎性肿物
J98.402 肺不典型增生
J98.409 肺囊肿
J98.410 肺空洞
J98.416 毁损肺
J98.505 纵隔囊肿
J98.507 纵隔肿物
J98.800x001 气管肿物
J98.800x004 大气道狭窄
J98.800x006 气管梗阻
Q33.002 先天性肺囊状腺样畸形
Q33.200 肺分离
R91.x04 孤立性肺结节
T17.901 异物吸入性窒息
U07.100x001 新型冠状病毒肺炎
U07.100x002 新型冠状病毒感染","/
00.6800x001 肢体动脉血管内压力测量
17.91330 悬灸治疗
29.1100x002 纤维鼻咽镜检查
33.2200x003 纤维支气管镜检查
33.2302 电子支气管镜检查
33.2400x001 支气管镜下支气管活检
33.2400x002 支气管镜下诊断性支气管肺泡灌洗[BAL]
33.2403 纤维支气管镜检查伴肺泡灌洗术
33.2600x001 肺穿刺活检
33.2600x002 经皮针吸肺活检
33.2700x001 支气管镜下肺活检
33.2702 超声支气管镜下肺活组织检查
33.9302 肺穿刺引流术
34.0401 胸腔闭式引流术
34.2500 闭合性纵隔[经皮][针吸]活组织检查
38.9100 动脉导管插入术
40.1100x005 经支气管超声内镜纵隔淋巴结穿刺活检术
40.1100x008 肺门淋巴结活检术
41.3100 骨髓活组织检查
44.1301 超声内镜下胃检查
44.1401 胃镜下活组织检查
45.1300x004 胃-十二指肠镜检查
57.9400 留置导尿管的置入术
86.1100 皮肤和皮下组织的活组织检查
89.3701 肺功能测定
89.3702 肺功能康复评定
96.0800x005 鼻十二指肠营养管置入术",1.28,12318.33,,,11
84,BY15,颅脑损伤，不伴合并症或并发症,"S02.001 额骨骨折
S02.002 顶骨骨折
S02.100 颅底骨骨折
S02.101 枕骨骨折
S02.102 颞骨骨折
S02.900x002 颅骨骨折
S02.902 颅骨凹陷性骨折
S02.911 开放性颅骨骨折
S06.000 脑震荡
S06.200x011 弥散性大脑损伤伴出血
S06.200x081 多发性大脑挫裂伤
S06.202 脑挫伤
S06.300x011 局灶性大脑挫伤伴出血
S06.300x031 局灶性大脑挫伤伴血肿
S06.300x081 局灶性大脑挫裂伤
S06.300x082 局灶性小脑挫裂伤
S06.401 创伤性闭合性硬膜外血肿
S06.500 创伤性硬膜下出血
S06.500x002 创伤性硬脑膜下血肿
S06.500x004 急性创伤性硬脑膜下血肿
S06.500x006 亚急性创伤性硬脑膜下血肿
S06.501 创伤性急性硬膜下出血
S06.502 创伤性慢性硬膜下血肿
S06.600 创伤性蛛网膜下出血
S06.600x002 创伤性蛛网膜下腔血肿
S06.700x001 闭合性颅脑损伤轻型
S06.700x002 闭合性颅脑损伤中型
S06.700x003 闭合性颅脑损伤重型
S06.700x004 闭合性颅脑损伤特重型
S06.700x005 开放性颅脑损伤轻型
S06.700x006 开放性颅脑损伤中型
S06.700x007 开放性颅脑损伤重型
S06.700x008 开放性颅脑损伤特重型
S06.800x005 创伤性小脑挫伤
S06.802 创伤性脑出血
S06.804 创伤性颅内出血
S06.900 颅内损伤","/
03.3101 腰椎穿刺术
27.4300x011 唇部皮肤和皮下组织非切除性清创
29.1100x002 纤维鼻咽镜检查
34.9101 胸腔穿刺抽液术
38.9100 动脉导管插入术
41.3100 骨髓活组织检查
45.1300x004 胃-十二指肠镜检查
86.2800x012 皮肤和皮下组织非切除性清创
89.1900x001 视频脑电图监测
93.0800x002 肌电图
93.5300x001 石膏绷带固定
95.4300 听力评估
97.3803 眼部缝线去除
97.8904 缝线去除
99.6000 心肺复苏",0.51,4929.39,,,6
85,PU15,足月儿相关疾病，不伴合并症或并发症,"P05.102 足月小样低体重儿
P15.900 产伤
P23.200 葡萄球菌性先天性肺炎
P23.400 大肠杆菌性先天性肺炎
P23.600 先天性肺炎，其他细菌性病原体引起的
P23.600x002 新生儿流感嗜血杆菌肺炎
P23.900 先天性肺炎
P24.001 新生儿胎粪吸入综合征
P28.800x903 新生儿上呼吸道感染
P36.301 葡萄球菌性新生儿脓毒症
P36.400 大肠杆菌性新生儿脓毒症
P36.900 新生儿的细菌性脓毒症
P36.901 新生儿脓毒症
P38.x01 新生儿脐炎
P39.300 新生儿泌尿道感染
P39.900 特发于围生期的感染
P52.900 胎儿和新生儿的颅内(非创伤性)出血
P55.101 新生儿ABO溶血性黄疸
P55.900 胎儿和新生儿的溶血性疾病
P59.202 婴儿肝炎综合征
P59.801 新生儿病理性黄疸
P59.901 新生儿高胆红素血症
P59.902 新生儿生理性黄疸
P70.400x001 新生儿低血糖症
P76.900 新生儿肠梗阻
P77.x01 新生儿坏死性小肠结肠炎
P78.200x001 新生儿咽下综合征
P78.300x001 新生儿非感染性腹泻
P78.300x002 非感染新生儿性肠炎
P81.901 新生儿脱水热
P91.600 新生儿缺氧缺血性脑病
P96.800x904 高危儿","/
03.3101 腰椎穿刺术
16.2100x001 眼底检查
38.9200 脐静脉导管插入术
89.1301 脑干听觉诱发电位
89.1400 脑电图
89.1900x001 视频脑电图监测
93.9601 吸氧
99.8100 低温(中枢)(局部)
99.8100x001 体表物理降温
99.8300x005 蓝光照射治疗
99.8301 新生儿蓝光治疗",0.54,5186.45,,,4
86,EK23,伴肺水肿和呼吸衰竭的无创呼吸支持技术，伴合并症或并发症,"J80.x01 急性呼吸窘迫综合征
J81.x00x002 急性肺水肿
J96.000 急性呼吸衰竭
J96.100 慢性呼吸衰竭
J96.900x001 呼吸衰竭
J96.900x002 I型呼吸衰竭
J96.900x003 Ⅱ型呼吸衰竭","93.9000 无创机械性通气
93.9000x002 无创呼吸机辅助通气(双水平气道正压[BiPAP])
93.9000x003 无创呼吸机辅助通气(高频通气[HFPPV])",1.69,16260.29,,,12
87,KV13,先天性代谢异常，伴一般合并症或并发症,"E16.803 代谢综合征
E72.201 高氨血症
E77.801 低蛋白血症
E78.500 高脂血症
E79.001 高尿酸血症
E83.500x001 低钙血性惊厥
E88.803 饥饿性酮症","/
06.1101 超声引导下经皮甲状腺活组织检查术
16.2100x001 眼底检查
17.912A0 电针治疗
18.1100 耳镜检查
29.1100x002 纤维鼻咽镜检查
31.4200x003 纤维喉镜检查
38.9100 动脉导管插入术
44.1300x001 胃镜检查
45.1300x004 胃-十二指肠镜检查
45.1301 十二指肠镜检查术
45.1600x001 胃十二指肠镜下活检
45.2302 电子结肠镜检查
86.1100 皮肤和皮下组织的活组织检查
95.1201 眼荧光素血管造影",0.52,4975.57,,,6
88,HC13,胆总管手术，伴合并症或并发症,"C24.003 胆总管恶性肿瘤
C25.900 胰恶性肿瘤
K76.900x002 肝损害
K80.200x001 残余胆囊结石
K80.300x005 胆总管结石伴急性化脓性梗阻性胆管炎
K80.301 胆总管结石伴急性化脓性胆管炎
K80.302 胆总管结石伴胆管炎
K80.303 肝胆管结石伴胆管炎
K80.304 胆总管结石伴急性胆管炎
K80.305 肝内胆管结石伴胆管炎
K80.306 肝外胆管结石伴胆管炎
K80.402 胆总管结石伴急性胆囊炎
K80.404 胆总管结石伴慢性胆囊炎
K80.500x002 胆管结石
K80.501 胆总管结石
K80.503 肝内胆管结石
K83.109 梗阻性黄疸
K83.501 胆管囊肿
K85.101 急性胆源型胰腺炎，轻症
K85.102 急性胆源型胰腺炎，重症","51.4100x001 胆总管切开取石术
51.6300x001 腹腔镜下胆总管病损切除术
51.8800x009 内镜下胆管碎石取石术
51.8801 胆道镜下胆管取石术
51.8802 十二指肠镜下胆总管切开取石术
51.8804 胆道镜下肝内胆管结石取出术
51.8805 腹腔镜-胆道镜联合探查取石术
51.8806 胆道镜下胆管结石取出术",2.74,26345.72,,,12
89,HS25,肝硬化，不伴严重合并症或并发症,"K70.100 酒精性肝炎
K70.300 酒精性肝硬化
K70.301+I98.2* 酒精性肝硬化伴食管静脉曲张
K70.302+I98.3* 酒精性肝硬化伴食管静脉曲张破裂出血
K70.303+I98.2* 酒精性肝硬化伴胃底静脉曲张
K70.304+I98.2* 酒精性肝硬化伴食管胃底静脉曲张
K70.305+I98.3* 酒精性肝硬化伴胃底静脉曲张破裂出血
K70.306+I98.3* 酒精性肝硬化伴食管胃底静脉曲张破裂出血
K70.900 酒精性肝病
K70.901 酒精性肝损害
K72.900x003+G94.3* 肝性脑病
K74.000 肝纤维化
K74.100 肝硬化
K74.300 原发性胆汁型肝硬化
K74.300x007+I98.2* 原发性胆汁型肝硬化伴食管胃底静脉曲张
K74.300x008+I98.3* 原发性胆汁型肝硬化伴食管胃底静脉曲张破裂出血
K74.301+I98.2* 原发性胆汁性肝硬化伴食管静脉曲张
K74.600x002 丙型肝炎肝硬化
K74.600x003 乙型肝炎肝硬化
K74.601 特指肝硬化
K74.602 乙型肝炎后肝硬化失代偿期
K74.603 丙型肝炎后肝硬化失代偿期
K74.604 自身免疫性肝炎后肝硬化失代偿期
K74.605 肝炎后肝硬化失代偿期
K74.607 肝硬化失代偿期
K74.608 肝炎后肝硬化
K74.614 自身免疫性肝硬化
K74.615+I98.3* 肝硬化伴食管静脉曲张破裂出血
K74.616+I98.2* 肝硬化伴食管静脉曲张
K74.617+I98.3* 肝硬化伴食管胃底静脉曲张破裂出血
K74.618+I98.3* 肝硬化伴胃底静脉曲张破裂出血
K74.619+I98.2* 肝硬化伴食管胃底静脉曲张
K74.620+I98.2* 肝硬化伴胃底静脉曲张","/
17.91210 耳针治疗
17.912A0 电针治疗
17.91330 悬灸治疗
17.95420 中药熏药治疗
27.2300 唇活组织检查
29.1100x002 纤维鼻咽镜检查
31.4200x003 纤维喉镜检查
33.2600x002 经皮针吸肺活检
34.0401 胸腔闭式引流术
34.9101 胸腔穿刺抽液术
34.9103 超声引导下胸腔穿刺术
38.9100 动脉导管插入术
38.9300x202 经皮颈静脉肝内门静脉-腔静脉置管术
38.9302 颈内静脉穿刺中心静脉置管术
41.3100 骨髓活组织检查
41.3800x001 骨髓穿刺术
44.1300x001 胃镜检查
44.1301 超声内镜下胃检查
45.1300x004 胃-十二指肠镜检查
45.1301 十二指肠镜检查术
45.1600x001 胃十二指肠镜下活检
45.2302 电子结肠镜检查
50.1100x001 超声引导下肝穿刺活检
54.9100x009 超声引导下盆腔穿刺术
54.9101 腹腔穿刺引流术
54.9105 腹腔穿刺术
60.1100x002 超声引导下前列腺穿刺活检
86.1100 皮肤和皮下组织的活组织检查
89.6700 心脏排出量监测，用氧耗技术
97.0101 鼻-胃管置换",0.81,7788.56,,,8
90,BT33,神经系统的其他感染，伴合并症或并发症,"A52.100x007+G05.0* 梅毒性脑炎
A81.801 朊蛋白病
B02.200x004+G53.0* 拉姆齐-亨特综合征[Ramsy-Hunt综合征]
B02.200x008+G63.0* 带状疱疹性多神经病
B02.201+G53.0* 带状疱疹性坐骨神经痛
B02.202+G53.0* 带状疱疹性神经痛
B02.203+G53.0* 带状疱疹性神经根炎
B02.204+G53.1* 带状疱疹性多脑神经麻痹
B02.206+G53.0* 带状疱疹性肋间神经痛
B02.207+G53.0* 疱疹后三叉神经痛
G03.800x003 肥厚性硬脑膜炎
G03.900 脑膜炎
G04.900x010 脑干脑炎
G04.900x024 急性脑膜脑炎
G04.900x031 脊髓神经根炎
G04.904 中枢神经系统感染
G04.908 脊髓炎
G04.911 脑脊髓炎
G04.913 脑炎
G04.914 脑膜脑炎
G04.919 小脑炎
G04.921 脑干炎
G06.006 颅内感染
G09.x00x002 脑炎后遗症","/
03.3101 腰椎穿刺术
03.9102 脊神经根阻滞术
04.8000 周围神经注射
04.8101 周围神经阻滞术
04.8102 三叉神经阻滞术
04.8104 肋间神经阻滞术
06.0100x001 甲状腺区抽吸引流术
17.912A0 电针治疗
17.91330 悬灸治疗
17.95420 中药熏药治疗
18.1100 耳镜检查
26.1100x001 唾液腺活检
29.1100x002 纤维鼻咽镜检查
31.4200x003 纤维喉镜检查
34.0401 胸腔闭式引流术
38.9100 动脉导管插入术
41.3100 骨髓活组织检查
45.1300x004 胃-十二指肠镜检查
45.1600x001 胃十二指肠镜下活检
45.2302 电子结肠镜检查
83.9800x001 软组织治疗性药物局部注射",0.64,6132.45,,,9
91,RQY,歧义组(MDCR),"C77.501 髂淋巴结继发恶性肿瘤
C77.900x001 淋巴结继发恶性肿瘤
C78.604 恶性腹水
C82.900 滤泡性淋巴瘤
C83.002 结节边缘区淋巴瘤
C83.300 弥漫性大B细胞淋巴瘤
C83.300x006 原发中枢神经系统弥漫大B细胞淋巴瘤
C84.400x001 成熟T细胞淋巴瘤
C88.400 MALT-淋巴瘤
C90.000 多发性骨髓瘤
C90.000x021 多发性骨髓瘤(IgGλ型)
C90.000x022 多发性骨髓瘤(IgGк型)
C90.000x023 多发性骨髓瘤(轻链λ型)
C90.000x027 多发性骨髓瘤(IgAλ型)
C90.000x028 多发性骨髓瘤(IgAк型)
C90.000x034 多发性骨髓瘤(DS分期III期)
C90.000x036 多发性骨髓瘤(ISS分期III期)
C90.200 髓外浆细胞瘤
C91.100 B细胞型慢性淋巴细胞白血病
C92.000 急性髓细胞白血病
C92.100x001 慢性粒细胞性白血病
C92.100x019 慢性髓系白血病，BCR/ABL阳性
C93.100 慢性粒单核细胞白血病
D36.704 躯干部良性肿瘤
D36.705 背部良性肿瘤
D36.710 盆腔良性肿瘤
D46.900 骨髓增生异常综合征
D47.100x008 骨髓增生异常性/骨髓增殖性肿瘤(不能分型)
D47.200x003 单克隆免疫球蛋白沉积病
D47.700x006 原发性系统性淀粉样变性
Z08.000 恶性肿瘤手术后的随诊检查
Z08.200 恶性肿瘤化学治疗后的随诊检查
Z08.700 恶性肿瘤联合治疗后的随诊检查
Z08.900 恶性肿瘤的治疗后的随诊检查
Z51.101 手术前恶性肿瘤化学治疗
Z51.102 手术后恶性肿瘤化学治疗
Z51.103 恶性肿瘤维持性化学治疗
Z51.200x008 化学治疗
Z51.500x001 姑息医疗
Z51.500x003 恶性肿瘤终末期维持治疗
Z51.800x092 恶性肿瘤介入治疗
Z51.800x095 恶性肿瘤免疫治疗
Z51.800x922 恶性肿瘤灌注治疗
Z51.800x951 恶性肿瘤术前免疫治疗
Z51.801 恶性肿瘤靶向治疗
Z51.807 恶性肿瘤术后靶向治疗","01.5936 神经导航下颅内病灶切除术
03.9202 脊髓鞘内注射
20.0902 鼓膜穿刺术
28.2x00x002 扁桃体切除术
29.3908 内镜下鼻咽病损切除术
34.9202 胸膜腔药物注射治疗
39.7200x005 颈动脉栓塞术
39.7211 经导管颈部血管栓塞术
39.7901 经导管肾血管栓塞术
39.7902 经导管支气管动脉栓塞术
39.7905 经导管下肢血管栓塞术
39.9500 血液透析
39.9500x004 血浆置换
39.9500x007 连续性肾脏替代治疗[CRRT]
40.3x00x002 淋巴结区域性切除术
42.8100 食管置入永久性管
42.9202 内镜下食管扩张术
43.4105 内镜下胃息肉切除术
43.4107 内镜下胃黏膜下剥离术[ESD]
45.4200x003 纤维结肠镜下结肠息肉切除术
45.4201 内镜下乙状结肠息肉切除术
45.4302 内镜下结肠病损切除术
45.4307 内镜下结肠黏膜切除术(EMR)
48.3600x002 内镜下直肠病损切除术
48.3602 直肠-乙状结肠镜下直肠息肉切除术
54.2100 腹腔镜检查
54.3x05 盆腔壁病损切除术
54.9702 腹腔穿刺药物注射
54.9903 腹腔镜下盆腔病损切除术（男性）
68.2501 腹腔镜子宫动脉栓塞术
77.6701 胫骨病损切除术
81.6601 经皮椎体球囊扩张成形术
81.9201 关节治疗性物质注射
83.3900x017 软组织病损切除术
86.0100x002 皮肤和皮下组织脓肿抽吸术
86.0500x008 皮下植入装置取出术
86.0502 皮肤和皮下组织异物切开取出术
86.3x03 皮下组织病损切除术
86.3x13 颈部皮下组织病损切除术
88.4403 支气管动脉造影
88.4701 肝动脉造影
88.4707 腹腔动脉造影
93.9000 无创机械性通气
96.0400 气管内插管
99.2500x036 椎管内注射化疗药物
99.2500x038 皮下注射化疗药物
99.2502 动脉注射化疗药物
99.2503 静脉注射化疗药物
99.2504 肌肉注射化疗药物
99.2505 化疗药物灌注
99.2800x005 静脉注射抗肿瘤免疫制剂治疗
99.2800x006 分子靶向治疗
99.2801 抗肿瘤免疫治疗",/,/,,,/
92,BR15,"脑卒中,不伴合并症或并发症","I60.001 颈动脉动脉瘤破裂伴蛛网膜下隙出血
I60.101 大脑中动脉瘤破裂伴蛛网膜下腔出血
I60.201 前交通动脉瘤破裂伴蛛网膜下腔出血
I60.301 后交通动脉瘤破裂伴蛛网膜下腔出血
I60.401 基底动脉瘤破裂伴蛛网膜下腔出血
I60.700x001 脑动脉瘤破裂伴蛛网膜下腔出血
I60.800x004 脑海绵状血管畸形伴蛛网膜下腔出血
I60.800x005 脑干海绵状血管畸形伴蛛网膜下腔出血
I60.800x006 小脑幕下海绵状血管畸形伴蛛网膜下腔出血
I60.900x004 脑实质出血继发蛛网膜下腔出血
I61.000x006 胼胝体出血
I61.004 基底节出血
I61.006 外囊出血
I61.100x001 顶叶出血
I61.100x002 多处脑叶出血
I61.100x003 额叶出血
I61.100x004 额颞叶出血
I61.100x005 枕叶出血
I61.100x006 颞叶出血
I61.100x007 额顶叶脑出血
I61.100x008 顶枕叶脑出血
I61.100x010 额颞顶叶脑出血
I61.100x012 额颞枕叶脑出血
I61.100x013 颞顶叶脑出血
I61.100x014 颞枕叶脑出血
I61.101 脑叶出血
I61.300x002 脑干出血
I61.300x004 中脑出血
I61.400x001 小脑出血
I61.500x002 侧脑室出血
I61.500x008 脑室出血
I61.600x001 多灶性脑出血
I61.801 间脑出血
I61.802 丘脑出血
I61.900x007 脑肿瘤卒中
I61.902 高血压脑出血
I62.000 非创伤性硬膜下出血
I62.001 急性非创伤性硬膜下血肿
I62.003 慢性硬膜下血肿
I62.100 非创伤性硬膜外出血
I63.000 入脑前动脉血栓形成引起的脑梗死
I63.001 基底动脉血栓形成脑梗死
I63.100 入脑前动脉栓塞引起的脑梗死
I63.102 颈动脉栓塞脑梗死
I63.201 颈内动脉狭窄脑梗死
I63.202 颈总动脉狭窄脑梗死
I63.203 颈动脉狭窄脑梗死
I63.204 颈动脉闭塞脑梗死
I63.205 基底动脉闭塞脑梗死
I63.206 基底动脉狭窄脑梗死
I63.207 椎动脉闭塞脑梗死
I63.208 椎动脉狭窄脑梗死
I63.300 大脑动脉血栓形成引起的脑梗死
I63.402 大脑动脉栓塞引起脑梗死
I63.500 大脑动脉的闭塞或狭窄引起的脑梗死
I63.501 大脑动脉狭窄脑梗死
I63.502 大脑动脉闭塞脑梗死
I63.901 脑干梗死
I63.902 大面积脑梗死
I63.903 出血性脑梗死
I63.904 小脑梗死
I63.905 多发性脑梗死
I63.906 基底节脑梗死
I63.907 丘脑梗死","/
00.6800x001 肢体动脉血管内压力测量
03.3101 腰椎穿刺术
04.8101 周围神经阻滞术
06.1101 超声引导下经皮甲状腺活组织检查术
16.2100x001 眼底检查
16.2900 眼眶和眼球的其他诊断性操作
17.91110 头针治疗
17.912A0 电针治疗
17.91330 悬灸治疗
17.95420 中药熏药治疗
17.98410 直肠滴注治疗
29.1100x002 纤维鼻咽镜检查
34.0401 胸腔闭式引流术
34.9101 胸腔穿刺抽液术
38.9100 动脉导管插入术
38.9302 颈内静脉穿刺中心静脉置管术
38.9303 锁骨下静脉穿刺中心静脉置管术
38.9304 股静脉穿刺置管术
38.9800x001 动脉穿刺术
40.1101 颈淋巴结活组织检查
40.1102 锁骨上淋巴结活组织检查
41.3800x001 骨髓穿刺术
44.1402 超声内镜下胃活组织检查
45.1300x004 胃-十二指肠镜检查
57.9400 留置导尿管的置入术
87.2102 脊髓造影
89.6700 心脏排出量监测，用氧耗技术
93.3902 低频脉冲电治疗
93.5402 石膏托固定术
95.4601 前庭功能检查
96.0800x006 经鼻肠营养管置入术
96.3500x001 鼻饲
97.0101 鼻-胃管置换
97.3801 角膜缝线去除
99.0401 红细胞输入",0.94,9044.54,,,9
93,未入组,,,,/,/,,,/
94,BE25,神经介入治疗，不伴严重合并症或并发症,"G45.800x004 锁骨下盗血综合征伴锁骨下动脉狭窄
G45.801 锁骨下动脉盗血综合征
I60.000x002 颈内动脉分叉段动脉瘤破裂伴蛛网膜下腔出血
I60.000x003 颈内动脉眼动脉段动脉瘤破裂伴蛛网膜下腔出血
I60.000x008 颈内动脉背侧动脉瘤破裂伴蛛网膜下腔出血
I60.001 颈动脉动脉瘤破裂伴蛛网膜下隙出血
I60.101 大脑中动脉瘤破裂伴蛛网膜下腔出血
I60.200x003 大脑前动脉近侧段(A1)动脉瘤破裂伴蛛网膜下腔出血
I60.200x005 大脑前动脉远侧段(A2-A5)动脉瘤破裂伴蛛网膜下腔出血
I60.201 前交通动脉瘤破裂伴蛛网膜下腔出血
I60.301 后交通动脉瘤破裂伴蛛网膜下腔出血
I60.401 基底动脉瘤破裂伴蛛网膜下腔出血
I60.500x003 椎动脉动脉瘤破裂伴蛛网膜下腔出血
I60.600x001 大脑后动脉动脉瘤破裂伴蛛网膜下腔出血
I60.600x006 多发颅内动脉瘤破裂伴蛛网膜下腔出血
I60.601 小脑后下动脉动脉瘤破裂伴蛛网膜下隙出血
I63.001 基底动脉血栓形成脑梗死
I63.102 颈动脉栓塞脑梗死
I63.201 颈内动脉狭窄脑梗死
I63.203 颈动脉狭窄脑梗死
I63.204 颈动脉闭塞脑梗死
I63.205 基底动脉闭塞脑梗死
I63.206 基底动脉狭窄脑梗死
I63.207 椎动脉闭塞脑梗死
I63.208 椎动脉狭窄脑梗死
I63.402 大脑动脉栓塞引起脑梗死
I63.501 大脑动脉狭窄脑梗死
I63.502 大脑动脉闭塞脑梗死
I63.902 大面积脑梗死
I63.903 出血性脑梗死
I63.904 小脑梗死
I63.905 多发性脑梗死
I65.001 椎动脉狭窄
I65.002 椎动脉闭塞
I65.200x001 颈动脉狭窄
I65.201 颈内动脉狭窄
I65.202 颈总动脉狭窄
I65.203 颈内动脉闭塞
I66.002 大脑中动脉闭塞
I67.100x005 脑膜动静脉瘘
I67.100x010 颅内多发动脉瘤
I67.100x011 脉络膜前动脉瘤
I67.100x017 颅内巨大动脉瘤
I67.100x019 颈内动脉分叉段动脉瘤
I67.100x020 大脑前-前交通动脉瘤
I67.100x021 大脑前动脉近侧段(A1)动脉瘤
I67.100x030 小脑后下动脉动脉瘤
I67.103 后交通动脉瘤
I67.106 颈内动脉海绵窦瘘
I67.107 前交通动脉瘤
I67.108 大脑中动脉瘤
I67.110 颅内动脉瘤
I72.000 颈动脉瘤伴夹层
I72.000x023 颈内动脉夹层
I72.000x034 颈内动脉海绵窦段动脉瘤
I72.000x035 颈内动脉床突段动脉瘤
I72.000x036 颈内动脉眼动脉段动脉瘤
I72.002 颈内动脉瘤
I72.004 颈内动脉颅内段动脉瘤
I72.005 颈动脉夹层
I72.500x001 基底动脉瘤
I72.600x002 椎动脉动脉瘤
Q28.202 先天性硬脑膜动静脉瘘","00.6101 经皮颈动脉球囊扩张成形术
00.6102 经皮椎动脉球囊扩张成形术
00.6200x005 经皮大脑中动脉球囊扩张成形术
00.6200x006 经皮大脑前动脉球囊扩张成形术
00.6200x007 经皮大脑后动脉球囊扩张成形术
00.6200x008 经皮椎动脉颅内段球囊扩张成形术
00.6200x009 经皮颈内动脉颅内段球囊扩张成形术
00.6201 经皮基底动脉球囊扩张成形术
00.6202 经皮交通动脉血管球囊扩张成形术
00.6300 颈动脉支架经皮置入术
00.6300x006 经皮颈动脉覆膜支架置入术
00.6400x009 经皮椎动脉支架置入术
00.6500x008 经皮颅内动脉支架置入术
00.6500x010 经皮颅内动脉远端保护装置置入术
00.6501 经皮大脑中动脉支架置入术
39.7200x007 硬脑膜动静脉瘘栓塞术（DAVF）
39.7203 经导管颅内动脉瘤栓塞术
39.7205 经导管颅内动脉瘤支架辅助栓塞术
39.7206 经导管颈动脉瘤栓塞术
39.7208 经导管颈动脉瘤支架辅助栓塞术
39.7216 经导管颈内动脉海绵窦瘘栓塞术
39.7400x002 经皮颅内动脉取栓术
39.7401 经导管颅内血管血栓去除术
39.7503 经导管颅内动脉瘤裸弹簧圈栓塞术
39.7506 经导管椎动脉裸弹簧圈栓塞术
39.9008 锁骨下动脉支架置入术",10.23,98535.05,,,11
95,DG15,咽、喉、气管手术，不伴合并症或并发症,"C32.900 喉恶性肿瘤
D10.100 舌良性肿瘤
D10.200x002 舌下良性肿瘤
D10.400 扁桃体良性肿瘤
J38.101 喉息肉
J38.102 声带息肉
J38.300x015 声带鳞状上皮不典型性增生
J38.301 声带白斑
J38.304 声带囊肿
J38.308 声带肿物
J38.311 声带不典型性增生
J38.312 声带肉芽肿
J38.600 喉狭窄
J38.601 喉梗阻
J38.700x017 室带肥厚
J38.704 喉溃疡
J38.705 喉囊肿
J38.708 喉肿物
J38.710 喉肉芽肿
J38.715 会厌囊肿
J39.003 咽旁脓肿
J39.203 鼻咽囊肿
J39.215 咽部囊肿
J39.216 咽喉溃疡
J39.219 咽部肿物
J39.221 咽旁间隙囊肿
J39.224 鼻咽部病变
J39.225 鼻咽淋巴组织增生
J95.501 手术后喉狭窄
K13.603 腭黏膜息肉
Q18.002 先天性鳃裂囊肿
Z43.001 关闭气管造口","29.2x00x001 鳃裂囊肿切除术
29.3900x019 咽旁间隙病损切除术
29.3901 咽部病损切除术
29.3905 支撑喉镜下咽部病损切除术
29.3908 内镜下鼻咽病损切除术
30.0900x016 支撑喉镜下声门病损切除术
30.0900x021 会厌病损切除术
30.0900x039 支撑喉镜下喉病损激光烧灼术
30.0903 内镜下会厌病损切除术
30.0904 内镜下会厌病损激光切除术
30.0905 内镜下声带病损切除术
30.0906 内镜下声带病损激光切除术
30.0911 支撑喉镜下喉病损切除术
30.2903 室带部分切除术
30.2909 垂直喉部分切除术
31.1x00x005 暂时性气管切开术
31.6202 喉气管瘘修补术
31.7201 气管造口闭合术
31.7400 气管造口修复术
31.9202 声带粘连松解术",0.74,7082.55,,,3
96,KT15,内分泌、营养、代谢疾病，不伴严重合并症或并发症,"E03.900 甲状腺功能减退症
E04.000 非毒性弥漫性甲状腺肿
E04.101 甲状腺结节
E04.900x001 甲状腺肿
E05.001 弥漫性甲状腺肿伴甲状腺功能亢进症
E05.003 毒性弥漫性甲状腺肿
E05.200x004 高功能腺瘤伴甲状腺功能亢进症
E05.800x005 亚临床甲状腺功能亢进
E05.900x001 甲状腺功能亢进症
E06.100 亚急性甲状腺炎
E06.200 慢性甲状腺炎伴有短暂性甲状腺毒症
E06.304 桥本甲状腺炎
E07.806 甲状腺病态综合征
E07.901 甲状腺肿物
E15.x00x001 低血糖性昏迷
E16.100x002 高胰岛素血症
E16.109 酒精性低血糖症
E16.200 低血糖
E16.800x104 糖耐量受损伴胰岛素抵抗
E16.800x901 糖耐量受损
E16.801 胰岛素抵抗
E20.900 甲状旁腺功能减退症
E21.000 原发性甲状旁腺功能亢进症
E22.000x005 垂体生长激素瘤
E22.001 肢端肥大症
E23.000 垂体功能减退症
E23.000x007 腺垂体功能减退症
E23.004 席恩综合征
E23.005 垂体性矮小症
E23.006 低促性腺激素性腺功能减退症
E23.009 生长激素缺乏症
E23.010 特发性低促性腺激素性性腺功能减退症
E23.600x001 鞍区病变
E23.600x010 垂体增大
E23.603 空泡蝶鞍综合征
E23.607 垂体囊肿
E23.611 垂体出血
E23.701 垂体肿物
E24.201 医源性库欣综合征
E26.000 原发性醛固酮过多症
E27.401 肾上腺出血
E27.403 继发性肾上腺皮质功能减退症
E27.407 肾上腺皮质功能减退症
E27.800x005 肾上腺增生
E27.800x010 肾上腺结节性增生
E27.800x021 肾上腺病变
E27.901 肾上腺肿物
E30.100 性早熟
E30.103 青春期发育过早
E34.301 矮小症
E89.001 手术后甲状腺功能减退
E89.201 手术后甲状旁腺功能减退
E89.301 手术后垂体功能减退","/
06.0100x001 甲状腺区抽吸引流术
06.1101 超声引导下经皮甲状腺活组织检查术
16.2100x001 眼底检查
29.1100x002 纤维鼻咽镜检查
31.4200x003 纤维喉镜检查
31.4201 喉镜检查
33.2403 纤维支气管镜检查伴肺泡灌洗术
41.3100 骨髓活组织检查
44.1402 超声内镜下胃活组织检查
45.1300x004 胃-十二指肠镜检查
45.1402 内镜下回肠活组织检查
45.2302 电子结肠镜检查
92.0101 甲状腺核素扫描",0.43,4152.46,,,4
97,JB33,其他乳房手术，伴合并症或并发症,"C50.000 乳头和乳晕恶性肿瘤
C50.400 乳房上外象限恶性肿瘤
C50.801 乳腺恶性肿瘤，上部
C50.900 乳房恶性肿瘤
D05.100 乳房导管原位癌
D05.900 乳房的原位癌
D17.100x002 乳房脂肪瘤
D23.502 乳房皮肤良性肿瘤
D24.x00 乳房良性肿瘤
D24.x02 副乳腺良性肿瘤
D36.700x009 腋窝良性肿瘤
D48.600x001 乳房交界性肿瘤
D48.601 乳腺肿瘤
L72.000 表皮囊肿
L82.x00 脂溢性角化病
L91.801 皮肤赘生物
N60.000x001 乳腺囊肿
N60.200 乳房纤维囊性乳腺病
N60.201 乳腺腺病
N60.202 乳腺纤维囊性增生
N60.400 乳管扩张症
N61.x00x014 慢性乳腺炎
N61.x03 乳腺脓肿
N61.x04 乳腺炎
N61.x06 浆细胞性乳腺炎
N61.x07 乳房炎性肿物
N62.x02 男性乳房发育
N63.x00 乳房肿块
N63.x01 乳房结节
N64.501 乳房硬结
N64.503 乳头溢血
N64.504 乳头溢液
N64.900 乳房疾患
Q83.100 副乳房
Q83.100x002 副乳腺腺病
Q85.900x009 乳房错构瘤
R22.202 胸壁肿物","85.2100x003 乳房病损切除术
85.2100x019 乳房腺体区段切除术
85.2100x020 腔镜下乳房病损切除术
85.2101 乳房病损微创旋切术
85.2401 副乳腺切除术
85.2500 乳头切除术",0.8,7699.81,,,4
98,HL13,肝胆胰系统的治疗性操作，伴合并症或并发症,"C22.000 肝细胞癌
C22.001 肝恶性细胞瘤
C22.100 肝内胆管癌
C22.900 肝恶性肿瘤
C23.x00 胆囊恶性肿瘤
C24.000 肝外胆管恶性肿瘤
C24.000x007 肝门胆管恶性肿瘤
C24.002 胆管恶性肿瘤
C24.003 胆总管恶性肿瘤
C24.100 法特壶腹恶性肿瘤
C25.000 胰头恶性肿瘤
C25.100 胰体恶性肿瘤
C25.200 胰尾恶性肿瘤
C25.900 胰恶性肿瘤
C78.700 肝部和肝内胆管继发性恶性肿瘤
C78.808 胆管继发恶性肿瘤
D01.503 法特壶腹原位癌
D18.013 肝血管瘤
I72.809 肝动脉瘤
I81.x00 门静脉血栓形成
K74.617+I98.3* 肝硬化伴食管胃底静脉曲张破裂出血
K76.800x006 肝功能不全
K76.806 多发性肝囊肿
K76.807 肝囊肿
K76.814 肝癌破裂出血
K76.901 肝肿物
K80.000x004 胆囊结石伴慢性胆囊炎急性发作
K80.002 胆囊结石伴急性化脓性胆囊炎
K80.100x001 胆囊结石伴胆囊炎
K80.300x005 胆总管结石伴急性化脓性梗阻性胆管炎
K80.301 胆总管结石伴急性化脓性胆管炎
K80.302 胆总管结石伴胆管炎
K80.303 肝胆管结石伴胆管炎
K80.304 胆总管结石伴急性胆管炎
K80.305 肝内胆管结石伴胆管炎
K80.500x002 胆管结石
K80.501 胆总管结石
K81.002 急性化脓性胆囊炎
K81.007 急性梗阻性化脓性胆囊炎
K83.000 胆管炎
K83.000x007 急性化脓性胆管炎
K83.001 急性胆管炎
K83.005 急性梗阻性胆管炎
K83.107 胆总管狭窄
K83.109 梗阻性黄疸
K83.901 胆管肿物
K83.902 胆总管肿物
K85.101 急性胆源型胰腺炎，轻症
K85.818 急性坏死性胰腺炎，重症
K85.900x002 急性轻症胰腺炎
K85.902 急性重症胰腺炎
K86.809 胰管结石
K91.807 胆漏
K92.800x006 肝癌伴出血
Q44.504 先天性胆管扩张症
Q45.300x902 胰腺分裂症
R93.205 胆管占位性病变","39.7900x033 经皮门静脉取栓术
39.7903 经导管肝动脉栓塞术
44.4400x001 食管-胃底静脉栓塞术
50.2401 CT引导下肝病损射频消融术
50.9402 肝囊肿硬化剂注射术
51.0102 经皮经肝胆囊置管引流术
51.0103 超声引导下胆囊穿刺引流术
51.8402 内镜下胆管扩张术
51.8500x002 内镜下十二指肠乳头肌切开取石术
51.8503 内镜下十二指肠乳头肌切开术(EST)
51.8600x002 内镜下鼻胆管引流术
51.8700x001 内镜下胆道内支架成形术
51.8700x003 内镜下胆管支架置入术
51.9601 经T管胆道镜下胆总管取石术
51.9800x001 超声引导下经皮肝穿刺胆管引流术
51.9800x005 经皮胆道镜下取石术
51.9800x009 经皮胆管引流术
51.9800x012 经皮肝穿刺胆管引流术
51.9804 经皮经肝胆管引流术
52.9300 内镜下胰管支架(管)置入
52.9400 内镜下胰管结石去除术",2.68,25796.37,,,10
99,OF25,早期流产手术操作，不伴严重合并症或并发症,"O02.000x001 胎停育
O02.100 稽留流产
O03.101 不完全性自然流产并发过度出血
O03.400x001 不完全自然流产
O03.900x002 自然流产
O03.901 难免性流产
O04.101 不完全性医疗性流产并发过度出血
O04.400 不完全性医疗性流产，无并发症
O04.401 不完全性药物流产
O04.402 早期不完全性医疗性流产
O04.905 早期人工流产","69.0101 终止妊娠刮宫术
69.0200x003 流产后刮宫术
69.0201 人工流产后刮宫术
69.5101 负压吸引人工流产术
69.5102 超声引导下负压吸引人工流产术
69.5103 宫腔镜电吸人流术
69.5202 流产后电吸刮宫术
69.5901 电吸刮宫术",0.3,2904.5,,,2
100,CB45,"玻璃体、视网膜、脉络膜手术,不伴合并症或并发症","E10.300x053+H36.0* 1型糖尿病性牵拉性视网膜脱离
E11.300x024+H36.0* 2型糖尿病性增殖性前期出血性视网膜病
E11.300x031+H36.0* 2型糖尿病性增殖性视网膜病
E11.300x032+H36.0* 2型糖尿病性增殖性出血性视网膜病
E11.300x034+H36.0* 2型糖尿病性增殖性玻璃体出血性视网膜病
E11.300x036+H36.0* 2型糖尿病性增殖性视网膜牵引性视网膜病
E11.300x045+H36.0* 2型糖尿病性环状的黄斑病性视网膜病
E11.300x053+H36.0* 2型糖尿病性牵拉性视网膜脱离
E11.301+H36.0* 2型糖尿病性视网膜病变
E14.300x034+H36.0* 糖尿病性增殖性玻璃体出血性视网膜病
H20.900x004 葡萄膜炎[色素膜炎]
H21.500x003 虹膜根部离断
H27.100 晶状体脱位
H31.802 脉络膜新生血管
H33.000x005 巨大裂孔性视网膜脱离
H33.000x007 黄斑裂孔性视网膜脱离
H33.001 孔源性视网膜脱离
H33.200x004 渗出性视网膜脱离
H33.304 视网膜裂孔
H33.400 牵引性视网膜脱离
H33.500 视网膜脱离,其他的
H33.500x008 局限性视网膜脱离
H33.503 创伤性视网膜脱离
H34.801 视网膜分支静脉阻塞
H34.802 视网膜静脉阻塞
H34.803 视网膜中心性静脉阻塞
H35.002 视网膜静脉周围炎
H35.200 增生性视网膜病变，其他的
H35.300x011 湿性年龄相关性黄斑变性
H35.303 黄斑裂孔
H35.305 年龄相关性黄斑变性
H35.306 黄斑前膜
H35.800x005 急性视网膜坏死综合征
H35.804 黄斑囊样水肿
H40.500x002 继发性青光眼
H40.501 新生血管性青光眼
H43.100 玻璃体积血
H43.900 玻璃体疾患
H44.000x005 眼内炎
H59.800x009 玻璃体切除术后视网膜脱离
S05.102 创伤性前房积血
S05.200x003 外伤性玻璃体嵌顿
S05.204 角膜穿通伤伴玻璃体嵌顿
S05.500x001 眼内异物
Z48.801 取出眼内硅油","14.2402 视网膜病损激光凝固术
14.4100 巩膜环扎术伴有植入物
14.4900x001 巩膜环扎术
14.7100x001 前入路玻璃体切除术
14.7300x001 前入路玻璃体切割术
14.7401 后入路玻璃体切割术
14.7903 玻璃体药物注射术",0.77,7382.01,,,2
101,HZ35,胰腺其他疾病，不伴严重合并症或并发症,"D13.701 胰岛细胞瘤
D37.706 胰腺肿瘤
K86.100x002 慢性胰腺炎
K86.100x004 高脂血症性胰腺炎
K86.103 慢性自身免疫性胰腺炎
K86.200 胰腺囊肿
K86.300 胰腺假囊肿
K86.809 胰管结石
K86.810 胰瘘
K86.812 胰腺脂肪浸润
K86.901 胰腺肿物
R93.302 胰腺占位性病变","/
17.91110 头针治疗
17.912A0 电针治疗
17.91330 悬灸治疗
17.91350 温针灸治疗
17.98410 直肠滴注治疗
17.98422 经直肠中药滴入治疗
38.9100 动脉导管插入术
38.9302 颈内静脉穿刺中心静脉置管术
38.9800x001 动脉穿刺术
44.1301 超声内镜下胃检查
45.1300x004 胃-十二指肠镜检查
45.1402 内镜下回肠活组织检查
45.2302 电子结肠镜检查
45.2501 结肠镜下大肠活组织检查
52.1101 超声内镜下胰腺细针穿刺活组织检查
52.1900x001 超声内镜下胰腺检查
54.9101 腹腔穿刺引流术",0.69,6687.39,,,6
102,FQY,歧义组(MDCF),"E11.501+I79.2* 2型糖尿病性周围血管病变
I09.900 风湿性心脏病
I10.x00x002 高血压
I10.x05 高血压3级
I10.x14 高血压亚急症
I11.002 高血压心脏病伴心力衰竭
I11.901 高血压性心脏病
I20.000 不稳定型心绞痛
I20.101 变异型心绞痛
I21.001 急性前壁心肌梗死
I21.104 急性下间壁心肌梗死
I21.213 急性多壁心肌梗死
I21.300x004 急性ST段抬高型心肌梗死
I21.401 急性非ST段抬高型心肌梗死
I21.900 急性心肌梗死
I24.901 急性冠脉综合征
I25.102 冠状动脉粥样硬化
I25.103 冠状动脉粥样硬化性心脏病
I26.900x001 肺栓塞
I26.900x003 肺血栓栓塞症
I26.900x010 急性肺栓塞
I27.200x012 肺动脉高压
I27.200x022 重度肺动脉高压
I27.900 肺源性心脏病
I27.900x002 慢性肺源性心脏病
I31.300 心包积液(非炎性)
I33.000x004 感染性心内膜炎
I35.100 主动脉瓣关闭不全
I42.001 扩张型心肌病（充血型心肌病）
I46.100x001 心源性猝死
I46.901 呼吸心跳骤停
I48.900x004 心房颤动[心房纤颤]
I49.001 心室颤动
I50.101 急性左心衰竭
I50.900x017 难治性心力衰竭
I50.907 急性心力衰竭
I51.400 心肌炎
I70.000x006 主动脉弓粥样硬化
I70.001 主动脉钙化
I70.204 下肢动脉硬化闭塞症
I70.213 下肢动脉粥样硬化伴坏疽
I70.214 下肢动脉硬化闭塞症伴坏疽
I70.804 锁骨下动脉粥样硬化
I71.902 降主动脉瘤
I72.600 椎动脉瘤伴夹层
I72.800x061 肠系膜动脉瘤
I74.301 下肢动脉栓塞
I74.801 锁骨下动脉闭塞
I77.000x011 动静脉内瘘血栓形成
I77.102 锁骨下动脉狭窄
I77.113 主动脉弓狭窄
I77.600x001 大动脉炎
I77.603 血管炎
I77.802 腹主动脉溃疡
I83.900x004 下肢静脉曲张
I83.902 下肢静脉曲张破裂
I87.106 上腔静脉综合征
M31.804 系统性血管炎
Q21.102 房间隔缺损(继发孔型)
Q24.501 冠状动脉肌桥
Q28.801 肺血管畸形
R00.001 窦性心动过速
R55.x00x001 晕厥
R55.x00x002 心源性晕厥
R55.x00x006 反射性晕厥
R55.x00x013 血管迷走性晕厥
R55.x00x014 迷走神经性晕厥
R57.000 心源性休克
R57.101 失血性休克
R57.200 脓毒性休克
R94.303 心电图异常
S65.100x001 腕部桡动脉损伤
T82.102 心脏起搏器电极功能异常
T82.400 血管透析导管的机械性并发症","00.6102 经皮椎动脉球囊扩张成形术
08.2200x003 眼睑小病损切除术
08.8101 眼睑裂伤缝合术
09.4100 泪点探通术
09.4200 泪小管探通术
09.4300 鼻泪管探通术
09.7300x004 泪道重建术
10.3300x002 结膜结石取出术
14.2402 视网膜病损激光凝固术
21.0100 控制鼻出血，用前鼻孔填塞
21.0904 内镜下鼻中隔黏膜划痕术
32.0100x004 支气管镜下支气管病损冷冻术
32.2400x001 经皮肺病损射频消融术
34.2000 胸腔镜胸膜活组织检查
37.7600x002 导线[电极]置换术
37.7900x004 循环记录器置入术(心电记录系统植入术)
39.2700x001 为肾透析的动静脉造瘘术
39.5000x032 动静脉造瘘后球囊扩张(用于肾透析)
39.9005 上腔静脉支架置入术
39.9500 血液透析
39.9500x007 连续性肾脏替代治疗[CRRT]
39.9501 血液滤过
40.2900x021 颈淋巴结切除术
42.3200x003 食管病损氩气刀治疗术
42.8100 食管置入永久性管
43.4105 内镜下胃息肉切除术
44.4300x001 胃镜下十二指肠止血术
44.4300x002 胃镜下胃出血止血术
44.4401 十二指肠动脉栓塞术
45.3001 内镜下十二指肠病损切除术
45.4200x003 纤维结肠镜下结肠息肉切除术
45.4201 内镜下乙状结肠息肉切除术
45.4301 内镜下乙状结肠病损切除术
45.4302 内镜下结肠病损切除术
45.4307 内镜下结肠黏膜切除术(EMR)
48.3600x002 内镜下直肠病损切除术
48.3600x004 内镜下直肠黏膜切除术(EMR)
48.3602 直肠-乙状结肠镜下直肠息肉切除术
51.5900x001 超声引导下胆管穿刺引流术
54.9300x012 腹膜透析管调整
59.8x03 经尿道输尿管支架置入术
74.1x01 剖宫产术，子宫下段横切口
77.2900x005 趾骨截骨术
81.9201 关节治疗性物质注射
83.2900x002 手肌腱、血管、神经探查术
84.1701 大腿截断术
86.2200x011 皮肤和皮下坏死组织切除清创术
86.5902 头皮裂伤清创缝合术
86.7503 皮瓣修整术
88.4101 脑血管造影
92.2900x001 放射治疗
93.9000 无创机械性通气
93.9000x002 无创呼吸机辅助通气(双水平气道正压[BiPAP])
93.9000x003 无创呼吸机辅助通气(高频通气[HFPPV])
96.0400 气管内插管
96.7101 呼吸机治疗[小于96小时]
99.2503 静脉注射化疗药物",/,/,,,/
103,IT23,慢性炎症性肌肉骨骼结缔组织疾病，伴合并症或并发症,"I00.x00x004 急性风湿热
L40.501+M07.3* 银屑病性关节炎
M05.200x092 类风湿性血管炎
M05.308 累及全身类风湿性关节炎
M05.800 血清反应阳性的类风湿性关节炎,其他的
M05.900x093 累及内脏的类风湿性关节炎
M06.003 滑膜炎-痤疮-脓疱疹-骨肥厚-骨炎综合征
M06.100 成年型斯蒂尔病
M30.300 黏膜皮肤淋巴结综合征[川崎病]
M31.101 血栓性血小板减少性紫癜
M31.802 ANCA相关性血管炎
M31.900x001 坏死性脉管炎
M32.110+G73.7* 狼疮性肌病
M32.900 系统性红斑狼疮
M33.100x004 成人皮肌炎
M33.101 皮肌炎
M33.200 多肌炎
M34.800x002+G73.7* 系统性硬化症性肌病
M34.900 全身性硬皮病
M34.900x001 系统性硬化症
M35.000 干燥综合征[舍格伦]
M35.004+G73.7* 干燥综合征性肌病
M35.101 混合性结缔组织病
M35.200 贝赫切特[贝切特]病
M35.901 结缔组织病
M45.x00 强直性脊柱炎
M60.900 肌炎
M60.902 肌筋膜炎","/
03.3101 腰椎穿刺术
03.9102 脊神经根阻滞术
04.8101 周围神经阻滞术
06.1101 超声引导下经皮甲状腺活组织检查术
17.91330 悬灸治疗
27.2300 唇活组织检查
29.1100x002 纤维鼻咽镜检查
33.2400x002 支气管镜下诊断性支气管肺泡灌洗[BAL]
33.2403 纤维支气管镜检查伴肺泡灌洗术
33.2600x001 肺穿刺活检
33.2600x002 经皮针吸肺活检
38.9302 颈内静脉穿刺中心静脉置管术
41.3100 骨髓活组织检查
44.1401 胃镜下活组织检查
45.1300x004 胃-十二指肠镜检查
45.1302 胶囊内镜检查术
45.2302 电子结肠镜检查
50.1100x001 超声引导下肝穿刺活检
55.2300x001 超声引导下肾穿刺活检
83.2100 软组织活组织检查
83.9700 腱治疗性药物注入
86.1100 皮肤和皮下组织的活组织检查
97.8900x004 为肾透析的半永久静脉导管拔管",0.86,8271.22,,,8
104,SR18,败血症，伴重症监护,"A02.100 沙门菌脓毒症
A40.300 肺炎链球菌性脓毒症
A40.800 链球菌性脓毒症，其他的
A40.900 链球菌性脓毒症
A41.000 金黄色葡萄球菌性脓毒症
A41.100x002 表皮葡萄球菌脓毒症
A41.101 凝固酶阴性葡萄球菌脓毒症
A41.200 葡萄球菌性脓毒症
A41.300 流感嗜血杆菌性脓毒症
A41.500x083 革兰阴性杆菌脓毒症
A41.501 大肠杆菌脓毒症
A41.502 铜绿假单胞菌脓毒症
A41.503 克雷伯杆菌脓毒症
A41.504 阴沟肠杆菌脓毒症
A41.505 变形杆菌脓毒症
A41.506 不动杆菌属性脓毒症
A41.801 枯草杆菌脓毒症
A41.805 革兰阳性菌脓毒症
A41.807 肠球菌性脓毒症
A41.900 脓毒症
A41.900x004 内毒素血症
B37.700 念珠菌性脓毒症","/
00.6800x001 肢体动脉血管内压力测量
00.6900x001 血管内压力测量
00.6900x004 肠系膜血管血管内压力测量
03.3101 腰椎穿刺术
04.8101 周围神经阻滞术
17.91110 头针治疗
17.912A0 电针治疗
17.91330 悬灸治疗
17.95420 中药熏药治疗
17.98410 直肠滴注治疗
17.98422 经直肠中药滴入治疗
27.0x08 咽旁间隙切开引流术
29.1100x002 纤维鼻咽镜检查
31.4200x003 纤维喉镜检查
33.2200x003 纤维支气管镜检查
33.2302 电子支气管镜检查
33.2400x002 支气管镜下诊断性支气管肺泡灌洗[BAL]
33.2403 纤维支气管镜检查伴肺泡灌洗术
33.2405 气管镜刷检术
33.2600x002 经皮针吸肺活检
34.0401 胸腔闭式引流术
34.9101 胸腔穿刺抽液术
34.9103 超声引导下胸腔穿刺术
38.9100 动脉导管插入术
38.9301 经外周静脉穿刺中心静脉置管术
38.9302 颈内静脉穿刺中心静脉置管术
38.9303 锁骨下静脉穿刺中心静脉置管术
38.9304 股静脉穿刺置管术
38.9502 为肾透析的临时静脉插管术
38.9700x002 引导下中心静脉置管术
38.9800x001 动脉穿刺术
38.9900x002 静脉穿刺术
40.1100x005 经支气管超声内镜纵隔淋巴结穿刺活检术
41.3100 骨髓活组织检查
41.3800x001 骨髓穿刺术
44.1300x001 胃镜检查
45.1300x004 胃-十二指肠镜检查
45.1301 十二指肠镜检查术
45.1402 内镜下回肠活组织检查
45.1600x001 胃十二指肠镜下活检
45.2302 电子结肠镜检查
50.1100x005 经皮肝穿刺活检
50.9101 经皮肝穿刺引流术
50.9102 肝脓肿穿刺引流术
54.9100x009 超声引导下盆腔穿刺术
54.9101 腹腔穿刺引流术
54.9105 腹腔穿刺术
57.3200x001 膀胱镜检查
57.9400 留置导尿管的置入术
57.9500 留置导尿管的置换术
59.9900x002 输尿管支架取出术
69.0902 宫腔镜诊断性刮宫术
83.9502 超声引导下颈部软组织病损抽吸术
86.0701 静脉输液港植入术
86.1100 皮肤和皮下组织的活组织检查
86.2800x012 皮肤和皮下组织非切除性清创
89.1400 脑电图
89.1900x001 视频脑电图监测
89.3702 肺功能康复评定
89.5400 心电监测
89.6400x001 漂浮导管检查[Swan-Ganz导管插入]
89.6700 心脏排出量监测，用氧耗技术
89.6801 心脏排出量监测（PICCO）
93.3910 穴位贴敷
96.0800x004 鼻空肠营养管置入术
96.3500x001 鼻饲
97.6205 膀胱镜输尿管支架取出术
97.8903 化疗泵取出术
99.0301 输血
99.0401 红细胞输入
99.6000 心肺复苏
99.8301 新生儿蓝光治疗",2.7,26015.95,,,11
105,BY13,颅脑损伤，伴一般合并症或并发症,"S02.001 额骨骨折
S02.002 顶骨骨折
S02.100 颅底骨骨折
S02.101 枕骨骨折
S02.102 颞骨骨折
S02.900x002 颅骨骨折
S02.902 颅骨凹陷性骨折
S02.911 开放性颅骨骨折
S06.000 脑震荡
S06.200x011 弥散性大脑损伤伴出血
S06.200x081 多发性大脑挫裂伤
S06.202 脑挫伤
S06.300x011 局灶性大脑挫伤伴出血
S06.300x031 局灶性大脑挫伤伴血肿
S06.300x081 局灶性大脑挫裂伤
S06.300x082 局灶性小脑挫裂伤
S06.401 创伤性闭合性硬膜外血肿
S06.500 创伤性硬膜下出血
S06.500x002 创伤性硬脑膜下血肿
S06.500x004 急性创伤性硬脑膜下血肿
S06.500x006 亚急性创伤性硬脑膜下血肿
S06.501 创伤性急性硬膜下出血
S06.502 创伤性慢性硬膜下血肿
S06.600 创伤性蛛网膜下出血
S06.600x002 创伤性蛛网膜下腔血肿
S06.700x001 闭合性颅脑损伤轻型
S06.700x002 闭合性颅脑损伤中型
S06.700x003 闭合性颅脑损伤重型
S06.700x004 闭合性颅脑损伤特重型
S06.700x005 开放性颅脑损伤轻型
S06.700x006 开放性颅脑损伤中型
S06.700x007 开放性颅脑损伤重型
S06.700x008 开放性颅脑损伤特重型
S06.800x005 创伤性小脑挫伤
S06.802 创伤性脑出血
S06.804 创伤性颅内出血
S06.900 颅内损伤","/
03.3101 腰椎穿刺术
27.4300x011 唇部皮肤和皮下组织非切除性清创
29.1100x002 纤维鼻咽镜检查
34.9101 胸腔穿刺抽液术
38.9100 动脉导管插入术
41.3100 骨髓活组织检查
45.1300x004 胃-十二指肠镜检查
86.2800x012 皮肤和皮下组织非切除性清创
89.1900x001 视频脑电图监测
93.0800x002 肌电图
93.5300x001 石膏绷带固定
95.4300 听力评估
97.3803 眼部缝线去除
97.8904 缝线去除
99.6000 心肺复苏",0.71,6795.76,,,7
106,EB25,肺其他手术，不伴合并症或并发症,"A15.000x002 肺结核(仅痰涂片证实)
A15.201 肺结核瘤，病理(+)
A15.207 空洞型肺结核，病理(+)
A15.601 结核性胸膜炎，病理(+)
A15.605 结核性胸腔积液，病理(+)
A16.500x004 结核性胸膜炎
A16.500x008 结核性胸膜炎(初治)
C34.001 肺门恶性肿瘤
C34.100x003 左肺上叶恶性肿瘤
C34.100x004 右肺上叶恶性肿瘤
C34.201 肺中叶恶性肿瘤
C34.300x003 左肺下叶恶性肿瘤
C34.300x004 右肺下叶恶性肿瘤
C34.800x002 右肺中下叶恶性肿瘤
C34.800x003 左肺上下叶恶性肿瘤
C34.803 肺上下叶恶性肿瘤
C34.900x004 左肺恶性肿瘤
C34.900x005 右肺恶性肿瘤
C38.400 胸膜恶性肿瘤
C78.000 肺部继发性恶性肿瘤
C78.200 胸膜继发性恶性肿瘤
C78.201 恶性胸腔积液
D02.200x002 肺原位癌
D14.300x001 肺良性肿瘤
D38.101 肺肿瘤
J43.900x001 大疱性肺气肿
J43.901 肺大疱
J43.902 肺大疱破裂
J44.000 慢性阻塞性肺病伴有急性下呼吸道感染
J84.102 肺肉芽肿
J84.108 机化性肺炎
J85.100 肺脓肿伴有肺炎
J86.902 包裹性脓胸
J86.903 脓气胸
J94.201 血气胸
J94.804 胸腔积液
J98.011 支气管囊肿
J98.101 肺不张
J98.400x001 肺病
J98.400x013 炎症性损毁肺
J98.400x016 肺炎性肿物
J98.402 肺不典型增生
J98.405 肺炎性假瘤
J98.409 肺囊肿
J98.417 支气管源性囊肿
J98.800x003 气管憩室
Q33.200 肺分离
Q85.901 肺错构瘤
R91.x00x001 肺部阴影
R91.x03 肺占位性病变
R91.x04 孤立性肺结节
S27.301 肺挫伤
S27.302 创伤性肺破裂","32.0900x004 胸腔镜下支气管病损切除术
32.2000x003 胸腔镜下肺部分切除术
32.2001 胸腔镜下肺楔形切除术
32.2002 胸腔镜下肺大疱切除术
32.2400 经皮消融肺的病损或肺组织
32.2400x001 经皮肺病损射频消融术
32.2804 内镜下肺病损电凝切除术
33.4902 胸腔镜下肺修补术
34.2000 胸腔镜胸膜活组织检查
34.2301 胸腔镜下胸壁活组织检查术",3.8,36603.05,,,7
107,BJ15,神经系统其他手术，不伴严重合并症或并发症,"A86.x00 病毒性脑炎
B00.400+G05.1* 疱疹病毒性脑炎
B02.202+G53.0* 带状疱疹性神经痛
B02.207+G53.0* 疱疹后三叉神经痛
D36.100x030 胸部周围神经和自主神经良性肿瘤
D36.100x033 膈部周围神经和自主神经良性肿瘤
D36.112 下肢周围神经和自主神经良性肿瘤
D36.113 臂丛神经良性肿瘤
D36.114 桡神经良性肿瘤
G06.006 颅内感染
G40.900 癫痫
G43.100 偏头痛伴有先兆［典型偏头痛］
G43.100x002 偏头痛性先兆[偏头痛等位症]
G43.900 偏头痛
G44.000 丛集性头痛综合征
G44.000x002 发作性丛集性头痛
G44.003 慢性丛集性头痛
G50.000 三叉神经痛
G50.003 原发性三叉神经痛
G51.000 贝尔面瘫
G51.003 周围性面神经麻痹
G51.301 面肌痉挛
G51.803 面神经炎
G54.801 骶神经根囊肿
G54.900x001 周围神经卡压综合征
G56.000 腕管综合征
G56.100x002 正中神经卡压综合征
G56.200 尺神经损害
G56.202 肘管综合征
G57.001 梨状肌综合征
G90.800x005 胆碱能神经功能亢进
G90.900x002 植物神经功能紊乱
G91.000 交通性脑积水
G91.900 脑积水
G95.800x010 椎管内囊肿
G96.000 脑脊液漏
G96.003 手术后脑脊液漏
I61.004 基底节出血
I61.500x008 脑室出血
I61.802 丘脑出血
M79.207 神经痛
Q85.000 神经纤维瘤病(非恶性)
S06.200x081 多发性大脑挫裂伤
S06.202 脑挫伤
S06.300x011 局灶性大脑挫伤伴出血
S06.300x031 局灶性大脑挫伤伴血肿
S06.401 创伤性闭合性硬膜外血肿
S06.500 创伤性硬膜下出血
S06.501 创伤性急性硬膜下出血
S06.502 创伤性慢性硬膜下血肿
S06.600 创伤性蛛网膜下出血
S06.700x001 闭合性颅脑损伤轻型
S06.700x002 闭合性颅脑损伤中型
S06.700x005 开放性颅脑损伤轻型
S06.700x006 开放性颅脑损伤中型
S06.900 颅内损伤
S54.000x001 前臂尺神经损伤
S64.000x001 腕部尺神经损伤
S64.100x001 腕部正中神经损伤
S64.400x001 指神经损伤
S84.000x002 胫神经损伤","01.0900x009 脑室钻孔引流术
03.3100x001 腰大池引流术
04.0200x007 三叉神经射频毁损术
04.0200x008 三叉神经半月节球囊压迫术
04.0421 指神经探查术
04.0700x045 纵隔神经病损切除术
04.0713 周围神经病损切除术
04.0715 臂丛神经病损切除术
04.0720 桡神经病损切除术
04.2x02 周围神经破坏术
04.3x10 正中神经缝合术
04.3x11 尺神经缝合术
04.3x17 胫神经缝合术
04.4300 腕管松解术
04.4900x042 周围神经松解术
04.4907 正中神经松解术
04.4908 尺神经松解术
04.4911 坐骨神经松解术
04.6x00x014 尺神经前移术
04.7409 尺神经吻合术
04.7412 正中神经吻合术
04.7503 正中神经修复术
05.0x01 胸腔镜下交感神经切断术
05.2100x002 翼腭神经节破坏术
05.2904 胸腔镜下胸交感神经部分切除术
05.3100x006 星状神经节阻滞术
86.5902 头皮裂伤清创缝合术",1.15,11068.98,,,7
108,IH15,肌肉、肌腱手术，不伴合并症或并发症,"A18.031+M01.1* 髋关节结核
A18.800x027+M63.0* 腰大肌结核性脓肿
D18.009 肌内血管瘤
D21.102 手结缔组织良性肿瘤
D21.200x006 下肢结缔组织良性肿瘤
D21.900x013 腱鞘良性肿瘤
D36.715 下肢良性肿瘤
D48.132 上肢结缔组织肿瘤
D48.718 上肢肿瘤
M10.002 痛风性关节炎
M10.900x093 痛风石
M13.900 关节炎
M17.900 膝关节病
M21.302 后天性足下垂
M47.802 混合型颈椎病
M51.100x002+G55.1* 腰椎间盘突出伴神经根病
M51.101+G55.1* 腰椎间盘脱出伴坐骨神经痛
M51.202 腰椎间盘突出
M61.400 肌肉的其他钙化
M62.200x001 骨筋膜室综合征
M62.800x061 腓骨长肌腱滑脱
M62.800x096 肌肉血肿机化
M62.901 肌肉肿物
M65.200 钙化性肌腱炎
M65.300 扳机指
M65.900x093 狭窄性腱鞘炎
M65.910 腱鞘炎
M67.100x041 掌腱膜挛缩
M67.400 腱鞘囊肿
M67.400x031 腕腱鞘囊肿
M72.000 掌腱膜纤维瘤病[迪皮特朗]
M72.600 坏死性筋膜炎
M72.804 指纤维组织瘤样增生
M75.000x001 冻结肩
M75.001 肩周炎
M77.101 肱骨外上髁炎
M79.500x061 小腿软组织异物残留
M86.907 手指骨髓炎
M86.908 掌骨骨髓炎
Q74.010 先天性狭窄性腱鞘炎
S16.x00x001 颈部肌肉损伤
S42.410 开放性肱骨下端骨折
S46.101 二头肌长头肌腱损伤
S46.200x001 肱二头肌肌肉损伤
S46.200x002 肱二头肌肌腱损伤
S46.201 创伤性肱二头肌断裂
S46.300x001 肱三头肌肌肉损伤
S46.802 创伤性三角肌断裂
S46.900x001 肩和上臂肌肉损伤
S51.901 开放性前臂损伤
S52.001 鹰嘴骨折
S52.510 开放性桡骨下端骨折
S56.100x002 前臂指屈肌腱损伤
S56.200x002 前臂屈肌腱损伤
S56.300x002 前臂拇指伸肌腱损伤
S56.400x001 前臂指伸肌损伤
S56.500x001 前臂伸肌损伤
S56.500x002 前臂伸肌腱损伤
S56.500x003 前臂伸肌和肌腱损伤
S56.700x001 前臂多处肌肉和肌腱损伤
S56.801 前臂肌肉和肌腱损伤
S61.701 开放性腕部多发损伤
S61.702 开放性手多发损伤
S61.901 开放性手部损伤
S61.902 手套撕脱伤
S62.210 开放性第一掌骨骨折
S62.301 掌骨骨折
S62.510 开放性拇指骨折
S62.600x031 指骨远节骨折
S62.611 开放性指骨骨折
S62.710 开放性多发性指骨骨折
S63.100 指关节脱位
S66.000x006 腕部拇指长屈肌腱损伤
S66.000x009 手部拇指长屈肌腱损伤
S66.100x003 腕和手指屈肌腱损伤
S66.100x005 腕部指屈肌损伤
S66.100x006 腕部指屈肌腱损伤
S66.100x009 手部指屈肌腱损伤
S66.200x006 腕部拇指伸肌腱损伤
S66.200x007 手部拇指伸肌和肌腱损伤
S66.200x009 手部拇指伸肌腱损伤
S66.300x003 腕和手指伸肌腱损伤
S66.300x006 腕部指伸肌腱损伤
S66.300x009 手部指伸肌腱损伤
S66.600x001 腕和手多处屈肌和肌腱损伤
S66.700x001 腕和手多处伸肌和肌腱损伤
S66.900x003 手部肌肉损伤
S66.900x004 手指肌肉损伤
S68.000x002 拇指不全切断
S68.001 拇指完全切断
S68.100x001 单指不全切断
S76.100x002 股四头肌肌肉损伤
S76.402 大腿肌断裂
S81.901 小腿撕脱伤
S82.010 开放性髌骨骨折
S82.100x081 胫骨近端骨折
S82.100x087 胫骨平台骨折
S82.201 胫腓骨干骨折
S82.210 开放性胫骨骨干骨折
S82.410 开放性腓骨骨折
S86.001 跟腱断裂
S86.200x002 小腿前部肌群肌腱损伤
S86.300x004 腓肠肌断裂
S86.700x002 胫腓肌腱断裂
S91.302 足部皮肤撕裂伤
S91.303 足裂伤
S92.202 足舟状骨骨折
S92.300 跖骨骨折
S92.310 开放性跖骨骨折
S92.410 开放性拇趾骨折
S96.101 足拇长伸肌腱断裂
S96.102 趾伸肌腱断裂
S96.701 踝和足水平多发性肌腱损伤
S96.800x001 踝部胫后肌腱损伤
S96.801 趾肌腱断裂
T79.600x004 上肢骨筋膜室综合征
T79.600x006 下肢骨筋膜室综合征
T84.600x003 内固定装置引起的感染
T84.604 骨折内固定物植入感染
T87.300x001 创伤性神经瘤
T87.601 截肢残端溃疡","82.0101 手部腱鞘松解术
82.2100 手腱鞘病损切除术
82.2101 手部腱鞘囊肿切除术
82.2200 手肌肉病损切除术
82.2900x001 手部软组织病损切除术
82.3301 手部腱鞘切除术
82.3500x001 掌腱膜部分切除术
82.3501 掌腱膜挛缩松解术
82.3601 手部肌肉清创术
82.4400x001 屈腕肌腱缝合术
82.4400x002 屈指肌腱缝合术
82.4500x001 拇长伸肌腱缝合术
82.4500x011 伸指肌腱中央束缝合术
82.4500x013 伸指肌腱缝合术
82.4501 手部伸肌腱缝合术
82.4602 手部肌肉缝合术
82.5301 手部肌腱止点重建术
82.5601 手部肌腱移植术
82.9100x004 手指肌腱松解术
82.9103 手部肌腱粘连松解术
82.9501 手部腱鞘封闭术
83.0201 肌肉筋膜切开减压术
83.0203 肌肉切开异物取出术
83.0204 肌肉切开引流术
83.3200 肌肉病损切除术
83.3200x007 躯干肌肉病损切除术
83.3200x012 下肢肌肉病损切除术
83.4501 肌肉清创术
83.6400x007 前臂肌腱缝合术
83.6400x008 上肢肌腱缝合术
83.6400x009 腕部肌腱缝合术
83.6400x011 下肢肌腱缝合术
83.6400x013 趾肌腱缝合术
83.6401 肌腱缝合术
83.6402 跟腱缝合术
83.6500x012 前臂肌缝合术
83.6500x018 上肢肌肉缝合术
83.6500x020 颈部肌肉缝合术
83.6501 肌肉缝合术
83.7700x022 上肢肌伸肘功能重建伴肌移位术
83.8500x037 肱二头肌腱缩短术
83.8500x055 腓骨长短肌腱缩短术
83.8800x001 跟腱修补术
83.8800x012 足肌腱成形术
83.8800x016 胫前肌腱修补术
83.9100x005 上肢肌腱粘连松解术
83.9105 针刀松解术",0.67,6437.25,,,7
109,GK15,消化系统其他内镜治疗操作，不伴合并症或并发症,"C16.000 贲门恶性肿瘤
C16.200 胃体恶性肿瘤
C16.900 胃恶性肿瘤
C17.000 十二指肠恶性肿瘤
C18.200 升结肠恶性肿瘤
C18.700 乙状结肠恶性肿瘤
C20.x00 直肠恶性肿瘤
D00.100 食管原位癌
D00.200 胃原位癌
D01.000 结肠原位癌
D01.200 直肠原位癌
D12.000 盲肠良性肿瘤
D12.001 回盲部良性肿瘤
D12.200 升结肠良性肿瘤
D12.300 横结肠良性肿瘤
D12.400 降结肠良性肿瘤
D12.500 乙状结肠良性肿瘤
D12.600 结肠良性肿瘤
D12.800 直肠良性肿瘤
D13.000 食管良性肿瘤
D13.100 胃良性肿瘤
D13.101 贲门良性肿瘤
D37.100x002 胃交界性肿瘤
D37.101 胃肿瘤
D37.401 结肠肿瘤
D37.411 盲肠肿瘤
D37.500x001 直肠交界性肿瘤
D37.501 直肠肿瘤
D48.714 腹腔肿瘤
I86.800x014 食管胃底静脉曲张破裂出血
K22.600x001 贲门撕裂症
K22.807 食管息肉
K22.901 食管肿物
K25.000 急性胃溃疡伴有出血
K25.000x002 急性胃黏膜病变伴出血
K25.900x001 胃溃疡
K26.000 急性十二指肠溃疡伴有出血
K26.400x003 十二指肠糜烂出血
K26.401 十二指肠球部溃疡伴出血
K26.900x001 十二指肠溃疡
K31.703 胃息肉
K31.902 胃肿物
K31.905 胃黏膜病变
K55.000x005 缺血性结肠炎
K56.600x008 结肠梗阻
K56.700 肠梗阻
K56.701 不完全性肠梗阻
K61.100 直肠脓肿
K62.100 直肠息肉
K62.805 直肠不典型增生
K62.810 直肠囊肿
K62.903 直肠肿物
K63.305 结肠溃疡
K63.500 结肠息肉
K63.500x084 横结肠息肉
K63.504 多发性结肠息肉
K63.900x001 结肠肿物
K63.901 回盲部肿物
K92.208 上消化道出血
K92.210 消化道出血
K92.901 胃肠功能紊乱
Q45.300x104 胃内异位胰腺
R10.400x002 功能性腹痛","42.3305 内镜食管黏膜下剥离术
42.3307 内镜食管静脉曲张结扎术
43.4100x020 内镜下胃底静脉曲张组织胶注射术
43.4107 内镜下胃黏膜下剥离术[ESD]
45.4300x009 内镜下结肠黏膜下剥离术(ESD)
46.8500x005 内镜下十二指肠支架置入术
48.3600x003 内镜下直肠黏膜下剥离术(ESD)
48.3600x004 内镜下直肠黏膜切除术(EMR)",0.97,9368.16,,,4
110,CD35,"除眼眶外的外眼手术,不伴合并症或并发症","C44.100x002 眼睑恶性肿瘤
H02.000 睑内翻和倒睫
H02.003 睑内翻
H02.100 睑外翻
H02.103 老年性睑外翻
H02.300 眼睑皮肤松弛症
H02.400 上睑下垂
H02.812 眼睑囊肿
H02.813 眼睑新生物
H02.901 眼睑肿物
H04.300x004 泪囊炎
H04.300x005 泪小管炎
H04.303 泪囊脓肿
H04.305 急性泪小管炎
H04.401 慢性泪囊炎
H04.402 慢性泪小管炎
H04.500x004 泪道狭窄
H04.506 泪小点狭窄
H04.509 泪道阻塞
H04.801 泪小管断裂
H05.901 眼眶肿物
H11.000 翼状胬肉
H11.901 结膜肿物
H16.205 暴露性角膜炎
H26.200 并发性白内障
Q10.000 先天性上睑下垂
S01.101 眼睑裂伤
S02.801 眶骨骨折
S05.102 创伤性前房积血
S05.810 泪小管裂伤
T15.101 眼睑异物","08.0903 眼睑粘连松解术
08.0904 眼睑切开异物取出术
08.2000x006 眼睑病损切除术
08.2300x001 眼睑病损板层切除术
08.2500 眼睑病损破坏术
08.3101 上睑下垂额肌瓣悬吊术
08.3200x003 上睑下垂额肌悬吊术
08.3300x001 上睑下垂提上睑肌缩短术
08.3400x001 上睑下垂上直肌提吊术
08.3500 上睑下垂修补术，用睑板法
08.4401 睑内翻矫正伴睑重建术
08.4402 睑外翻矫正伴睑重建术
08.4901 睑外翻矫正术
08.5900x004 内眦成形术
08.6100x004 游离皮瓣移植眼睑重建术
08.7100x001 眼睑非全层伴睑缘重建术
08.7200x001 眼睑板层重建术
08.7300x001 眼睑全层伴睑缘重建术
08.8101 眼睑裂伤缝合术
08.8200x001 眼睑非全层的眼睑裂伤及修补术
08.8400x001 眼睑全层及睑缘裂伤修补术
08.8900x007 眼睑赘皮切除术
08.8902 重睑术
08.9100x001 睫毛电解术
09.4100 泪点探通术
09.4200 泪小管探通术
09.4300 鼻泪管探通术
09.5200 泪小管切开术
09.6x01 泪囊切除术
09.6x04 泪小管切除术
09.7300x004 泪道重建术
09.7301 泪小管吻合术",0.3,2901.81,,,1
111,BU29,神经系统变性疾病,"E83.001 肝豆状核变性
G11.201 遗传性小脑性共济失调[Marie共济失调]
G11.900 遗传性共济失调
G11.900x001 共济失调综合征
G11.901 小脑共济失调
G12.200 运动神经元病
G12.200x005 进行性肌萎缩
G12.201 肌萎缩侧索硬化症(ALS)
G20.x00 帕金森病
G20.x03 帕金森综合征
G21.900 继发性帕金森综合征
G23.101 进行性核上性麻痹
G23.800 基底核变性疾病，其他特指的
G23.802 原发性基底节钙化
G24.201 继发性肌张力障碍
G24.500x002 梅热睑痉挛[Meige综合征]
G24.501 眼睑痉挛-口下颌肌张力障碍
G24.801 发作性肌张力障碍
G24.805 节段型肌张力障碍
G24.900x003 肌张力障碍
G24.902 运动障碍
G25.000 特发性震颤
G25.100 药物性震颤
G25.200x009 姿势性震颤
G25.300 肌阵挛
G25.500 舞蹈症，其他的
G25.501 偏身舞蹈症
G25.600x001 药物性抽搐
G25.800x001 不安腿综合征[不宁腿综合征]
G25.903 基底节病变
G31.101 老年性脑萎缩
G31.200 酒精性神经系统变性
G31.200x001 慢性酒精中毒性神经系统损害
G31.203 酒精中毒性脑病
G31.802 脊髓变性
G31.903 小脑萎缩
G31.904 小脑变性
Q85.100 结节性硬化症
R27.000 共济失调","/
03.3101 腰椎穿刺术
04.8101 周围神经阻滞术
16.2100x001 眼底检查
17.91330 悬灸治疗
29.1100x002 纤维鼻咽镜检查
31.4201 喉镜检查
33.2403 纤维支气管镜检查伴肺泡灌洗术
41.3100 骨髓活组织检查
45.2302 电子结肠镜检查
95.0200 综合性眼检查",0.82,7874.38,,,10
112,LU15,肾及尿路感染，不伴合并症或并发症,"N10.x02 急性肾盂肾炎
N11.802 黄色肉芽肿性肾盂肾炎
N12.x02 肾盂肾炎
N13.600 肾积脓
N13.601 肾结石伴有积水和感染
N13.602 输尿管结石伴有积水和感染
N13.603 肾输尿管结石伴有积水和感染
N13.605 输尿管狭窄伴有感染
N15.101 肾脓肿
N15.102 肾周脓肿
N15.900x002 肾周围感染
N15.901 肾感染
N28.839 肾周围炎
N30.000 急性膀胱炎
N30.201 慢性膀胱炎
N34.205 慢性尿道炎
N34.300 尿道综合征
N39.000 泌尿道感染
T83.500x003 导管相关性尿路感染","/
08.1900 眼睑其他诊断性操作
17.91110 头针治疗
17.912A0 电针治疗
17.91330 悬灸治疗
17.95420 中药熏药治疗
29.1100x002 纤维鼻咽镜检查
33.2403 纤维支气管镜检查伴肺泡灌洗术
34.9101 胸腔穿刺抽液术
38.9100 动脉导管插入术
41.3800x001 骨髓穿刺术
42.2300x001 食管镜检查
44.1300x001 胃镜检查
45.1300x004 胃-十二指肠镜检查
45.1301 十二指肠镜检查术
45.1600x001 胃十二指肠镜下活检
45.2302 电子结肠镜检查
56.0x00x017 经尿道输尿管软镜输尿管碎石术
56.0x03x002 经尿道输尿管软镜输尿管/肾盂激光碎石术
56.3100 输尿管镜检查
57.3200x001 膀胱镜检查
57.9400 留置导尿管的置入术
59.9201 肾周穿刺引流术
59.9900x002 输尿管支架取出术
59.9901 输尿管支架置换术
60.1100x002 超声引导下前列腺穿刺活检
86.1100 皮肤和皮下组织的活组织检查
89.6700 心脏排出量监测，用氧耗技术
97.6204 输尿管镜输尿管支架取出术
97.6205 膀胱镜输尿管支架取出术",0.34,3230.5,,,5
113,FR25,"心力衰竭、休克,不伴合并症或并发症","I11.002 高血压心脏病伴心力衰竭
I13.200x001 高血压性心脏病和肾脏病伴心力衰竭和肾衰竭
I50.000x006 急性右心衰竭
I50.001 右心衰竭
I50.002 全心衰竭
I50.101 急性左心衰竭
I50.103 左心衰竭合并肺水肿
I50.105 慢性左心功能不全
I50.900 心力衰竭
I50.900x002 心功能不全
I50.900x017 难治性心力衰竭
I50.900x018 慢性心功能不全急性加重
I50.907 急性心力衰竭
I50.908 慢性心力衰竭
R57.000 心源性休克
R57.100 血容量不足性休克
R57.101 失血性休克
R57.200 脓毒性休克
R57.900 休克","/
00.6800x001 肢体动脉血管内压力测量
03.9102 脊神经根阻滞术
04.8102 三叉神经阻滞术
17.91110 头针治疗
17.912A0 电针治疗
17.91330 悬灸治疗
17.95420 中药熏药治疗
17.98410 直肠滴注治疗
29.1100x002 纤维鼻咽镜检查
34.0401 胸腔闭式引流术
34.2300 胸壁活组织检查
34.9101 胸腔穿刺抽液术
34.9102 胸腔穿刺抽气术
34.9103 超声引导下胸腔穿刺术
37.0x00x002 心包穿刺引流术
37.0x01 超声引导下心包穿刺引流术
38.9100 动脉导管插入术
38.9301 经外周静脉穿刺中心静脉置管术
38.9302 颈内静脉穿刺中心静脉置管术
38.9303 锁骨下静脉穿刺中心静脉置管术
38.9304 股静脉穿刺置管术
38.9502 为肾透析的临时静脉插管术
40.1103 腋窝淋巴结活组织检查
41.3100 骨髓活组织检查
45.1300x004 胃-十二指肠镜检查
45.1600x001 胃十二指肠镜下活检
45.2302 电子结肠镜检查
54.9101 腹腔穿刺引流术
54.9105 腹腔穿刺术
57.9400 留置导尿管的置入术
86.0400x011 皮肤和皮下组织切开引流术
86.0600x004 药物治疗泵置入
86.1100 皮肤和皮下组织的活组织检查
87.6101 钡餐造影
88.7202 经食道超声心动图
89.3702 肺功能康复评定
89.6400x001 漂浮导管检查[Swan-Ganz导管插入]
89.6700 心脏排出量监测，用氧耗技术
96.5100 眼冲洗术
99.6000 心肺复苏
99.6201 心律电复律",0.75,7240.33,,,7
114,IS25,除前臂、腕、手足外的损伤，不伴合并症或并发症,"M22.200x001 髌股关节病
M22.201 髌骨关节病
M23.303 内侧半月板损伤
M23.308 半月板损伤
M23.811 膝关节粘连
M24.401 复发性肩关节脱位
M94.001 肋骨软骨炎
S22.200 胸骨骨折
S22.300 肋骨骨折
S22.300x011 第一肋骨骨折
S22.400 肋骨多处骨折
S22.400x011 肋骨多发性骨折伴第一肋骨骨折
S22.400x021 两根肋骨骨折不伴第一肋骨骨折
S22.400x031 三根肋骨骨折不伴第一肋骨骨折
S22.400x041 四根以上肋骨骨折不伴第一肋骨骨折
S42.000 锁骨骨折
S42.000x021 锁骨干骨折
S42.000x031 锁骨肩峰端骨折
S42.100 肩胛骨骨折
S42.100x021 肩峰骨折
S42.100x042 肩关节盂骨折
S42.200x001 肱骨近端骨折
S42.200x041 肱骨大结节骨折
S42.202 肱骨外科颈骨折
S42.203 肱骨头骨折
S42.300 肱骨干骨折
S42.400x001 肱骨远端骨折
S42.400x041 肱骨内上髁骨折
S42.400x092 肱骨滑车骨折
S42.401 肱骨髁上骨折
S42.410 开放性肱骨下端骨折
S43.000 肩关节脱位
S43.100 肩锁关节脱位
S43.400x001 肩关节扭伤
S43.400x005 肩关节盂唇损伤
S46.002 肩袖损伤
S46.101 二头肌长头肌腱损伤
S46.800x002 冈上肌肌肉损伤
S46.800x003 冈上肌肌腱损伤
S52.000x001 肘关节骨折
S52.001 鹰嘴骨折
S73.101 髋扭伤
S79.902 髋周软组织损伤
S81.901 小腿撕脱伤
S82.000 髌骨骨折
S82.100x012 胫骨平台伴腓骨骨折
S82.100x081 胫骨近端骨折
S82.100x084 胫骨髁骨折
S82.100x085 胫骨髁间棘骨折
S82.100x087 胫骨平台骨折
S82.100x088 胫骨平台伴髁间骨折
S82.100x089 胫骨结节骨折
S82.101 闭合性胫骨平台骨折
S82.200x011 胫骨干骨折伴腓骨骨折
S82.201 胫腓骨干骨折
S82.300x011 胫骨远端骨折伴腓骨骨折
S82.300x081 胫骨远端骨折
S82.301 胫腓骨下端骨折
S82.310 开放性胫骨下端骨折
S82.311 开放性胫腓骨下端骨折
S82.400x001 腓骨骨折
S82.400x011 腓骨近端骨折
S82.400x012 腓骨头骨折
S82.411 开放性腓骨干骨折
S82.500 内踝骨折
S82.501 胫骨骨折累及踝关节
S82.600 外踝骨折
S82.601 腓骨骨折累及踝关节
S82.800x081 踝骨骨折
S82.800x082 踝关节骨折
S82.801 三踝骨折
S82.802 双踝骨折
S83.100 膝关节脱位
S83.101 膝关节半脱位
S83.200x001 膝半月板撕裂
S83.200x005 膝内侧半月板撕裂
S83.202 膝外侧半月板损伤
S83.400x003 膝关节副韧带损伤
S83.400x012 膝关节外侧副韧带损伤
S83.400x022 膝关节内侧副韧带损伤
S83.500x003 膝关节十字韧带损伤
S83.500x012 膝关节前十字韧带损伤
S83.500x031 膝关节前十字韧带部分断裂
S83.500x032 膝关节前十字韧带完全断裂
S83.600x002 膝关节损伤
S83.601 膝关节扭伤
S83.700x006 膝关节多处韧带损伤
S86.300x004 腓肠肌断裂
S92.100 距骨骨折
S93.200x004 踝距腓前韧带断裂
S93.400x002 踝关节损伤
S93.400x012 踝三角韧带损伤
S93.401 踝关节扭伤
T13.001 下肢血肿
T13.501 下肢肌肉损伤","/
17.912A0 电针治疗
17.91330 悬灸治疗
29.1100x002 纤维鼻咽镜检查
34.0401 胸腔闭式引流术
34.9103 超声引导下胸腔穿刺术
45.1300x004 胃-十二指肠镜检查
86.2800x012 皮肤和皮下组织非切除性清创
93.4407 跟骨牵引术
93.5300x001 石膏绷带固定
93.5401 石膏夹板固定
93.5402 石膏托固定术
93.5403 肢体夹板固定术",0.53,5131.76,,,8
115,DS15,平衡失调及听觉障碍，不伴合并症或并发症,"H81.000 梅尼埃［美尼尔］病
H81.100 良性阵发性眩晕
H81.200 前庭神经元炎
H81.302 耳源性眩晕
H81.303 前庭周围性眩晕
H81.400 中枢性眩晕
H81.800 前庭功能的其他疾患
H81.900 前庭功能疾患
H81.901 眩晕综合征
H90.300 双侧感音神经性听觉丧失
H90.400 单侧感音神经性听觉丧失，对侧听觉不受限制
H90.502 非综合征性耳聋
H91.200 突发特发性听觉丧失
H91.200x001 突发性聋
H93.100 耳鸣
H93.102 神经性耳鸣","/
03.3101 腰椎穿刺术
17.91110 头针治疗
17.91330 悬灸治疗
17.91350 温针灸治疗
17.95420 中药熏药治疗
18.1100 耳镜检查
29.1100x002 纤维鼻咽镜检查
31.4200x003 纤维喉镜检查
45.1300x004 胃-十二指肠镜检查
45.2302 电子结肠镜检查
93.3908 中药贴敷
95.4601 前庭功能检查",0.48,4578.58,,,6
116,EB23,肺其他手术，伴合并症或并发症,"A15.000x002 肺结核(仅痰涂片证实)
A15.201 肺结核瘤，病理(+)
A15.207 空洞型肺结核，病理(+)
A15.601 结核性胸膜炎，病理(+)
A15.605 结核性胸腔积液，病理(+)
A16.500x004 结核性胸膜炎
A16.500x008 结核性胸膜炎(初治)
C34.001 肺门恶性肿瘤
C34.100x003 左肺上叶恶性肿瘤
C34.100x004 右肺上叶恶性肿瘤
C34.201 肺中叶恶性肿瘤
C34.300x003 左肺下叶恶性肿瘤
C34.300x004 右肺下叶恶性肿瘤
C34.800x002 右肺中下叶恶性肿瘤
C34.800x003 左肺上下叶恶性肿瘤
C34.803 肺上下叶恶性肿瘤
C34.900x004 左肺恶性肿瘤
C34.900x005 右肺恶性肿瘤
C38.400 胸膜恶性肿瘤
C78.000 肺部继发性恶性肿瘤
C78.200 胸膜继发性恶性肿瘤
C78.201 恶性胸腔积液
D02.200x002 肺原位癌
D14.300x001 肺良性肿瘤
D38.101 肺肿瘤
J43.900x001 大疱性肺气肿
J43.901 肺大疱
J43.902 肺大疱破裂
J44.000 慢性阻塞性肺病伴有急性下呼吸道感染
J84.102 肺肉芽肿
J84.108 机化性肺炎
J85.100 肺脓肿伴有肺炎
J86.902 包裹性脓胸
J86.903 脓气胸
J94.201 血气胸
J94.804 胸腔积液
J98.011 支气管囊肿
J98.101 肺不张
J98.400x001 肺病
J98.400x013 炎症性损毁肺
J98.400x016 肺炎性肿物
J98.402 肺不典型增生
J98.405 肺炎性假瘤
J98.409 肺囊肿
J98.417 支气管源性囊肿
J98.800x003 气管憩室
Q33.200 肺分离
Q85.901 肺错构瘤
R91.x00x001 肺部阴影
R91.x03 肺占位性病变
R91.x04 孤立性肺结节
S27.301 肺挫伤
S27.302 创伤性肺破裂","32.0900x004 胸腔镜下支气管病损切除术
32.2000x003 胸腔镜下肺部分切除术
32.2001 胸腔镜下肺楔形切除术
32.2002 胸腔镜下肺大疱切除术
32.2400 经皮消融肺的病损或肺组织
32.2400x001 经皮肺病损射频消融术
32.2804 内镜下肺病损电凝切除术
33.4902 胸腔镜下肺修补术
34.2000 胸腔镜胸膜活组织检查
34.2301 胸腔镜下胸壁活组织检查术",4.21,40575.1,,,11
117,GK13,消化系统其他内镜治疗操作，伴合并症或并发症,"C16.000 贲门恶性肿瘤
C16.200 胃体恶性肿瘤
C16.900 胃恶性肿瘤
C17.000 十二指肠恶性肿瘤
C18.200 升结肠恶性肿瘤
C18.700 乙状结肠恶性肿瘤
C20.x00 直肠恶性肿瘤
D00.100 食管原位癌
D00.200 胃原位癌
D01.000 结肠原位癌
D01.200 直肠原位癌
D12.000 盲肠良性肿瘤
D12.001 回盲部良性肿瘤
D12.200 升结肠良性肿瘤
D12.300 横结肠良性肿瘤
D12.400 降结肠良性肿瘤
D12.500 乙状结肠良性肿瘤
D12.600 结肠良性肿瘤
D12.800 直肠良性肿瘤
D13.000 食管良性肿瘤
D13.100 胃良性肿瘤
D13.101 贲门良性肿瘤
D37.100x002 胃交界性肿瘤
D37.101 胃肿瘤
D37.401 结肠肿瘤
D37.411 盲肠肿瘤
D37.500x001 直肠交界性肿瘤
D37.501 直肠肿瘤
D48.714 腹腔肿瘤
I86.800x014 食管胃底静脉曲张破裂出血
K22.600x001 贲门撕裂症
K22.807 食管息肉
K22.901 食管肿物
K25.000 急性胃溃疡伴有出血
K25.000x002 急性胃黏膜病变伴出血
K25.900x001 胃溃疡
K26.000 急性十二指肠溃疡伴有出血
K26.400x003 十二指肠糜烂出血
K26.401 十二指肠球部溃疡伴出血
K26.900x001 十二指肠溃疡
K31.703 胃息肉
K31.902 胃肿物
K31.905 胃黏膜病变
K55.000x005 缺血性结肠炎
K56.600x008 结肠梗阻
K56.700 肠梗阻
K56.701 不完全性肠梗阻
K61.100 直肠脓肿
K62.100 直肠息肉
K62.805 直肠不典型增生
K62.810 直肠囊肿
K62.903 直肠肿物
K63.305 结肠溃疡
K63.500 结肠息肉
K63.500x084 横结肠息肉
K63.504 多发性结肠息肉
K63.900x001 结肠肿物
K63.901 回盲部肿物
K92.208 上消化道出血
K92.210 消化道出血
K92.901 胃肠功能紊乱
Q45.300x104 胃内异位胰腺
R10.400x002 功能性腹痛","42.3305 内镜食管黏膜下剥离术
42.3307 内镜食管静脉曲张结扎术
43.4100x020 内镜下胃底静脉曲张组织胶注射术
43.4107 内镜下胃黏膜下剥离术[ESD]
45.4300x009 内镜下结肠黏膜下剥离术(ESD)
46.8500x005 内镜下十二指肠支架置入术
48.3600x003 内镜下直肠黏膜下剥离术(ESD)
48.3600x004 内镜下直肠黏膜切除术(EMR)",1.26,12088.71,,,6
118,LS13,肾炎及肾病，伴一般合并症或并发症,"D69.005+N08.2* 肾型过敏性紫癜
E85.411+N29.8* 淀粉样变肾损害
I12.900x003 高血压性肾病
M31.701+N08.5* ANCA相关性肾炎
M32.101+N08.5* 狼疮性肾炎
M35.006+N16.4* 干燥综合征性肾小管间质肾炎
M35.007+N16.4* 干燥综合征性肾盂肾炎
N02.101 IgA肾病，局灶和节段性肾小球损害
N02.701 新月体性IgA肾病
N02.801 IgA肾病
N03.000 慢性肾炎综合征伴有轻微的肾小球异常
N03.100 慢性肾炎综合征伴有局灶性和节段性肾小球损害
N03.503 膜性增生性肾小球肾炎
N03.900 慢性肾炎综合征
N03.900x003 慢性肾炎
N03.900x004 隐匿型肾小球肾炎
N03.900x006 慢性肾病
N03.901 慢性肾小球肾炎
N04.001 肾病综合征伴微小病变性肾小球肾炎
N04.101 肾病综合征伴局灶硬化性肾小球肾炎
N04.102 肾病综合征伴节段硬化性肾小球肾炎
N04.200x001 肾病综合征伴膜性肾小球肾炎
N04.300x001 肾病综合征伴膜增值性肾小球肾炎
N04.300x003 肾病综合征伴膜性增殖性IgA肾病
N04.400x001 肾病综合征伴毛细血管增殖性肾炎
N04.900 肾病综合征
N05.000x001 肾小球微小病变
N05.101 局灶性肾炎
N05.201 膜性肾病
N05.301 系膜增生性肾小球肾炎
N05.501 膜增殖性肾小球肾炎
N05.701 新月体形肾小球肾炎
N05.900 肾炎综合征
N05.900x002 肾小球肾炎
N13.801 梗阻性肾病
N25.802 肾小管酸中毒
N25.803 肾小管酸中毒Ⅰ型
N28.817 失盐综合征","/
03.3101 腰椎穿刺术
27.2300 唇活组织检查
29.1100x002 纤维鼻咽镜检查
33.2400x002 支气管镜下诊断性支气管肺泡灌洗[BAL]
34.0401 胸腔闭式引流术
34.9103 超声引导下胸腔穿刺术
38.9100 动脉导管插入术
44.1300x001 胃镜检查
45.1300x004 胃-十二指肠镜检查
45.2302 电子结肠镜检查
55.2300x001 超声引导下肾穿刺活检
55.2301 肾穿刺活组织检查
55.2302 内镜下肾盂活组织检查
57.9400 留置导尿管的置入术
97.8900x004 为肾透析的半永久静脉导管拔管",0.66,6319.65,,,7
119,IC35,除置换/翻修外的髋、肩、膝、肘、踝和足部关节的修复、重建手术，不伴严重合并症或并发症,"M05.900 血清反应阳性的类风湿性关节炎
M16.101 原发性单侧髋关节病
M17.000 原发性双侧膝关节病
M17.101 原发性单侧膝关节病
M17.900x002 膝关节退行性病变
M19.901 肩关节关节病
M20.100x002 后天性(足母)外翻
M21.400 后天性扁平足[平足]
M22.000 复发性髌骨脱位
M22.200x001 髌股关节病
M22.201 髌骨关节病
M22.400 髌骨软骨软化
M23.201 陈旧性前十字韧带损伤
M23.303 内侧半月板损伤
M23.306 外侧半月板损伤
M23.308 半月板损伤
M23.800x011 陈旧性膝前十字韧带断裂
M23.800x095 陈旧性膝关节软骨损伤
M24.401 复发性肩关节脱位
M24.800x052 髋关节撞击综合征
M65.901 肩关节滑膜炎
M75.000x001 冻结肩
M75.103 肩袖自发性破裂
M75.302 冈上肌肌腱钙化
M75.400 肩撞击综合征
M87.900x071 距骨骨坏死
Q66.803 先天性马蹄足
S42.100 肩胛骨骨折
S42.100x042 肩关节盂骨折
S43.400x005 肩关节盂唇损伤
S46.002 肩袖损伤
S53.200x001 桡侧副韧带断裂
S72.000 股骨颈骨折
S72.000x031 股骨颈头下骨折
S76.102 髌韧带损伤
S82.000x002 髌骨软骨骨折
S82.100x087 胫骨平台骨折
S83.000 髌骨脱位
S83.001 髌骨半脱位
S83.200x001 膝半月板撕裂
S83.200x005 膝内侧半月板撕裂
S83.200x006 膝外侧半月板撕裂
S83.201 膝内侧半月板损伤
S83.202 膝外侧半月板损伤
S83.400x022 膝关节内侧副韧带损伤
S83.500x003 膝关节十字韧带损伤
S83.500x012 膝关节前十字韧带损伤
S83.500x022 膝关节后十字韧带损伤
S83.500x031 膝关节前十字韧带部分断裂
S83.500x032 膝关节前十字韧带完全断裂
S83.500x042 膝关节后十字韧带完全断裂
S93.200x002 踝部韧带断裂
S93.200x004 踝距腓前韧带断裂
T84.502 膝关节假体植入感染","77.2800x002 跖骨截骨术
77.2900x006 跟骨截骨术
78.4600x003 膝关节镜下髌骨成形术
81.1100 踝融合术
81.1800 距下关节关节制动术
81.2300x004 肩关节镜下盂唇固定术
81.4000x004 髋关节镜下髋关节成形术
81.4000x005 髋关节镜下盂唇修补术
81.4000x006 髋关节镜下软骨成形术
81.4501 膝关节前交叉韧带重建术
81.4502 膝关节后交叉韧带重建术
81.4503 关节镜膝关节交叉韧带重建术
81.4504 关节镜膝关节前交叉韧带重建术
81.4505 关节镜膝关节后交叉韧带重建术
81.4600x001 副韧带修补术
81.4601 关节镜膝关节副韧带修补术
81.4700x005 膝关节镜下半月板成形术
81.4700x013 膝关节镜下半月板缝合术
81.4700x015 膝关节镜下软骨成形术
81.8300x008 肩关节镜下肩袖修补术
81.8301 肩峰成形术
81.9300x010 肘关节韧带修补术
81.9400x001 踝关节韧带修补术
81.9400x006 踝关节镜下韧带修补术
81.9500x001 髌韧带缝合术
81.9600x009 关节软骨修复术
81.9600x032 膝关节镜下髌韧带重建术",2.73,26323.07,,,8
120,GQY,歧义组(MDCG),"A09.004 感染性腹泻
C15.000 颈部食管恶性肿瘤
C15.100 胸部食管恶性肿瘤
C15.100x002 食管胸上段恶性肿瘤
C15.100x003 食管胸中段恶性肿瘤
C15.100x004 食管胸下段恶性肿瘤
C15.300 食管上三分之一的恶性肿瘤
C15.400 食管中三分之一的恶性肿瘤
C15.500 食管下三分之一的恶性肿瘤
C15.800x002 食管颈部及胸部恶性肿瘤
C15.801 食管中上段恶性肿瘤
C15.802 食管中下段恶性肿瘤
C15.900 食管恶性肿瘤
C15.900x003 食管多处恶性肿瘤
C16.000 贲门恶性肿瘤
C16.002 食管胃连接处恶性肿瘤
C16.200 胃体恶性肿瘤
C16.301 胃窦恶性肿瘤
C16.400 幽门恶性肿瘤
C16.500 胃小弯恶性肿瘤
C16.900 胃恶性肿瘤
C16.903 残胃恶性肿瘤
C17.000 十二指肠恶性肿瘤
C18.001 回盲部恶性肿瘤
C18.100 阑尾恶性肿瘤
C18.200 升结肠恶性肿瘤
C18.300 结肠肝曲恶性肿瘤
C18.400 横结肠恶性肿瘤
C18.600 降结肠恶性肿瘤
C18.700 乙状结肠恶性肿瘤
C18.900 结肠恶性肿瘤
C19.x00 直肠乙状结肠连接处恶性肿瘤
C20.x00 直肠恶性肿瘤
C21.100 肛管恶性肿瘤
C76.200 腹部恶性肿瘤
C78.600x004 腹膜继发恶性肿瘤
C79.809 腹腔继发恶性肿瘤
D01.405 十二指肠原位癌
D17.702 腹膜后脂肪瘤
D37.607 壶腹部肿瘤
I72.800x063 肠系膜动脉夹层
I72.801 肠系膜上动脉夹层动脉瘤
I72.815 腹腔动脉瘤破裂
K21.900x003 胃食管反流
K22.102 贲门溃疡
K25.400x001 胃溃疡伴出血
K26.000 急性十二指肠溃疡伴有出血
K26.400x003 十二指肠糜烂出血
K26.401 十二指肠球部溃疡伴出血
K27.503 上消化道穿孔
K31.609 手术后十二指肠瘘
K35.300 急性阑尾炎伴局限性腹膜炎
K55.006 肠系膜动脉栓塞
K55.007 肠系膜静脉血栓形成伴肠坏死
K55.008 肠系膜动脉血栓形成
K55.102 肠系膜上动脉狭窄
K55.202 肠血管发育不良
K55.300 小肠血管发育不良
K56.700 肠梗阻
K56.701 不完全性肠梗阻
K61.300 坐骨直肠窝脓肿
K63.108 小肠穿孔
K63.210 手术后肠吻合口瘘
K65.000 急性腹膜炎
K65.016 细菌性腹膜炎
K65.902 自发性腹膜炎
K65.903 腹腔感染
K66.102 腹膜后血肿
K66.805 腹膜后囊肿
K91.819 手术后胃肠吻合口狭窄
K92.203 十二指肠出血
K92.204 肠出血
K92.206 结肠出血
K92.207 急性上消化道出血
K92.208 上消化道出血
K92.209 下消化道出血
K92.210 消化道出血
K92.800x001 食管癌伴出血
K92.901 胃肠功能紊乱","07.2102 腹腔镜肾上腺病损切除术
38.0600x001 肠系膜上动脉血栓切除术
38.0601 肠系膜动脉取栓术
39.5000x032 动静脉造瘘后球囊扩张(用于肾透析)
39.7100x004 腹主动脉栓塞术
39.7900x017 结肠动脉栓塞术
39.7900x019 髂动脉栓塞术
39.7900x020 肾动脉栓塞术
39.7900x028 经皮肠系膜上动脉取栓术
39.7900x029 经皮肠系膜上静脉取栓术
39.7900x058 经皮肠系膜上动脉栓塞术
39.7900x059 经皮肠系膜下动脉栓塞术
39.7902 经导管支气管动脉栓塞术
39.7903 经导管肝动脉栓塞术
39.7906 经导管髂内动脉栓塞术
39.9001 肠系膜上动脉支架置入术
39.9500 血液透析
39.9500x007 连续性肾脏替代治疗[CRRT]
39.9900 血管其他手术
46.7901 肠穿孔修补术
51.0103 超声引导下胆囊穿刺引流术
51.8700x003 内镜下胆管支架置入术
51.9800x001 超声引导下经皮肝穿刺胆管引流术
51.9800x012 经皮肝穿刺胆管引流术
52.6x03 腹腔镜下胰十二指肠切除术
54.9800 腹膜透析
55.0106 腹腔镜下肾囊肿去顶术
55.4x03 腹腔镜下肾部分切除术
55.9201 肾穿刺引流术
58.6x00x003 经内镜尿道结石取出术
59.8x03 经尿道输尿管支架置入术
65.6300 腹腔镜双侧卵巢和输卵管切除术
77.6900x058 坐骨病损切除术
81.6601 经皮椎体球囊扩张成形术
88.4705 肠系膜上动脉造影
88.4706 肠系膜下动脉造影
88.5500 单根导管的冠状动脉造影术
92.2400x003 调强适形放射治疗[IMRT]
92.2400x005 容积弧形调强放射治疗[VMAT]
93.9000 无创机械性通气
93.9000x002 无创呼吸机辅助通气(双水平气道正压[BiPAP])
96.0400 气管内插管
96.7101 呼吸机治疗[小于96小时]
99.2503 静脉注射化疗药物
99.2505 化疗药物灌注
99.2800x005 静脉注射抗肿瘤免疫制剂治疗
99.2800x006 分子靶向治疗
99.2801 抗肿瘤免疫治疗",/,/,,,/
121,BX23,脑神经/周围神经疾病，伴合并症或并发症,"E10.401+G63.2* 1型糖尿病性周围神经病
E11.400 2型糖尿病伴有神经的并发症
E11.400x140+G59.0* 2型糖尿病性动眼神经麻痹
E11.400x150+G59.0* 2型糖尿病性外展神经麻痹
E11.401+G63.2* 2型糖尿病性周围神经病
E11.402+G99.0* 2型糖尿病性自主神经病变
E53.800x003+G32.0* 侧索联合变性病
G50.000 三叉神经痛
G50.001 眶上神经痛
G50.003 原发性三叉神经痛
G50.004 继发性三叉神经痛
G51.000 贝尔面瘫
G51.003 周围性面神经麻痹
G51.301 面肌痉挛
G51.803 面神经炎
G51.900 面神经疾患
G52.101 舌咽神经痛
G52.204 喉返神经炎
G52.800x004 枕神经痛
G52.901 脑神经炎
G54.000x001 臂丛神经损害
G54.900x001 周围神经卡压综合征
G56.000 腕管综合征
G56.200 尺神经损害
G56.202 肘管综合征
G56.300 桡神经损害
G57.001 梨状肌综合征
G57.200 股神经损害
G58.001 肋间神经痛
G58.800x001 膈神经麻痹
G60.003 腓骨肌萎缩
G60.802 感觉性周围神经病
G61.000 吉兰-巴雷［格林-巴利］综合征
G61.003 吉兰-巴雷综合征脱髓鞘型
G61.801 慢性炎症性脱髓鞘性多发性神经病
G62.800x008 轴索性周围神经病
G62.901 周围神经病
G83.400 马尾综合征
G90.800x004 β受体亢进综合征[β受体过敏综合征]
G90.900x002 植物神经功能紊乱
H49.000 第三［动眼］神经麻痹
H49.100 第四［滑车］神经麻痹
H49.200 第六［展］神经麻痹
M79.207 神经痛
M79.208 神经炎
S14.300 臂丛损伤
S64.100x001 腕部正中神经损伤
S84.800x001 腓总神经损伤","/
03.3101 腰椎穿刺术
03.9102 脊神经根阻滞术
04.8101 周围神经阻滞术
04.8102 三叉神经阻滞术
04.8104 肋间神经阻滞术
04.8106 股神经阻滞术
06.1101 超声引导下经皮甲状腺活组织检查术
17.91110 头针治疗
17.912A0 电针治疗
17.91330 悬灸治疗
29.1100x002 纤维鼻咽镜检查
31.4200x003 纤维喉镜检查
33.2403 纤维支气管镜检查伴肺泡灌洗术
38.9502 为肾透析的临时静脉插管术
41.3100 骨髓活组织检查
41.3800x001 骨髓穿刺术
45.1300x004 胃-十二指肠镜检查
45.1600x001 胃十二指肠镜下活检
85.1100x001 乳房穿刺活检
86.1100 皮肤和皮下组织的活组织检查
95.0400 麻醉下眼检查
95.1201 眼荧光素血管造影",0.75,7271.18,,,10
122,FR28,心力衰竭、休克，伴重症监护,"I11.002 高血压心脏病伴心力衰竭
I13.200x001 高血压性心脏病和肾脏病伴心力衰竭和肾衰竭
I50.000x006 急性右心衰竭
I50.001 右心衰竭
I50.002 全心衰竭
I50.101 急性左心衰竭
I50.103 左心衰竭合并肺水肿
I50.105 慢性左心功能不全
I50.900 心力衰竭
I50.900x002 心功能不全
I50.900x017 难治性心力衰竭
I50.900x018 慢性心功能不全急性加重
I50.907 急性心力衰竭
I50.908 慢性心力衰竭
R57.000 心源性休克
R57.100 血容量不足性休克
R57.101 失血性休克
R57.200 脓毒性休克
R57.900 休克","/
00.6800x001 肢体动脉血管内压力测量
03.9102 脊神经根阻滞术
04.8102 三叉神经阻滞术
17.91110 头针治疗
17.912A0 电针治疗
17.91330 悬灸治疗
17.95420 中药熏药治疗
17.98410 直肠滴注治疗
29.1100x002 纤维鼻咽镜检查
34.0401 胸腔闭式引流术
34.2300 胸壁活组织检查
34.9101 胸腔穿刺抽液术
34.9102 胸腔穿刺抽气术
34.9103 超声引导下胸腔穿刺术
37.0x00x002 心包穿刺引流术
37.0x01 超声引导下心包穿刺引流术
38.9100 动脉导管插入术
38.9301 经外周静脉穿刺中心静脉置管术
38.9302 颈内静脉穿刺中心静脉置管术
38.9303 锁骨下静脉穿刺中心静脉置管术
38.9304 股静脉穿刺置管术
38.9502 为肾透析的临时静脉插管术
40.1103 腋窝淋巴结活组织检查
41.3100 骨髓活组织检查
45.1300x004 胃-十二指肠镜检查
45.1600x001 胃十二指肠镜下活检
45.2302 电子结肠镜检查
54.9101 腹腔穿刺引流术
54.9105 腹腔穿刺术
57.9400 留置导尿管的置入术
86.0400x011 皮肤和皮下组织切开引流术
86.0600x004 药物治疗泵置入
86.1100 皮肤和皮下组织的活组织检查
87.6101 钡餐造影
88.7202 经食道超声心动图
89.3702 肺功能康复评定
89.6400x001 漂浮导管检查[Swan-Ganz导管插入]
89.6700 心脏排出量监测，用氧耗技术
96.5100 眼冲洗术
99.6000 心肺复苏
99.6201 心律电复律",1.76,16953.86,,,9
123,PU13,足月儿相关疾病，伴合并症或并发症,"P05.102 足月小样低体重儿
P15.900 产伤
P23.200 葡萄球菌性先天性肺炎
P23.400 大肠杆菌性先天性肺炎
P23.600 先天性肺炎，其他细菌性病原体引起的
P23.600x002 新生儿流感嗜血杆菌肺炎
P23.900 先天性肺炎
P24.001 新生儿胎粪吸入综合征
P28.800x903 新生儿上呼吸道感染
P36.301 葡萄球菌性新生儿脓毒症
P36.400 大肠杆菌性新生儿脓毒症
P36.900 新生儿的细菌性脓毒症
P36.901 新生儿脓毒症
P38.x01 新生儿脐炎
P39.300 新生儿泌尿道感染
P39.900 特发于围生期的感染
P52.900 胎儿和新生儿的颅内(非创伤性)出血
P55.101 新生儿ABO溶血性黄疸
P55.900 胎儿和新生儿的溶血性疾病
P59.202 婴儿肝炎综合征
P59.801 新生儿病理性黄疸
P59.901 新生儿高胆红素血症
P59.902 新生儿生理性黄疸
P70.400x001 新生儿低血糖症
P76.900 新生儿肠梗阻
P77.x01 新生儿坏死性小肠结肠炎
P78.200x001 新生儿咽下综合征
P78.300x001 新生儿非感染性腹泻
P78.300x002 非感染新生儿性肠炎
P81.901 新生儿脱水热
P91.600 新生儿缺氧缺血性脑病
P96.800x904 高危儿","/
03.3101 腰椎穿刺术
16.2100x001 眼底检查
38.9200 脐静脉导管插入术
89.1301 脑干听觉诱发电位
89.1400 脑电图
89.1900x001 视频脑电图监测
93.9601 吸氧
99.8100 低温(中枢)(局部)
99.8100x001 体表物理降温
99.8300x005 蓝光照射治疗
99.8301 新生儿蓝光治疗",0.72,6904.74,,,5
124,FV25,高血压，不伴合并症或并发症,"E16.800x102 糖耐量受损伴高血压
I10.x00x002 高血压
I10.x03 高血压1级
I10.x04 高血压2级
I10.x05 高血压3级
I10.x06 高血压危象
I10.x09 原发性高血压
I10.x10 高血压急症
I10.x12 难治性高血压
I10.x14 高血压亚急症
I11.901 高血压性心脏病
I15.200x001 原发性醛固酮增多症性高血压
I15.800x006 阻塞性睡眠呼吸暂停低通气综合征性高血压
I15.900 继发性高血压","/
06.1101 超声引导下经皮甲状腺活组织检查术
16.2100x001 眼底检查
17.912A0 电针治疗
17.91330 悬灸治疗
29.1100x002 纤维鼻咽镜检查
31.4200x003 纤维喉镜检查
31.4201 喉镜检查
38.9302 颈内静脉穿刺中心静脉置管术
45.1300x004 胃-十二指肠镜检查
45.1600x001 胃十二指肠镜下活检
60.1100x002 超声引导下前列腺穿刺活检
89.6700 心脏排出量监测，用氧耗技术
95.0400 麻醉下眼检查",0.31,2988.56,,,5
125,GR13,消化系统恶性肿瘤，伴一般合并症或并发症,"C15.000 颈部食管恶性肿瘤
C15.100 胸部食管恶性肿瘤
C15.100x002 食管胸上段恶性肿瘤
C15.100x003 食管胸中段恶性肿瘤
C15.100x004 食管胸下段恶性肿瘤
C15.300 食管上三分之一的恶性肿瘤
C15.400 食管中三分之一的恶性肿瘤
C15.500 食管下三分之一的恶性肿瘤
C15.800x003 食管胸部及腹部恶性肿瘤
C15.801 食管中上段恶性肿瘤
C15.802 食管中下段恶性肿瘤
C15.900 食管恶性肿瘤
C16.000 贲门恶性肿瘤
C16.002 食管胃连接处恶性肿瘤
C16.100 胃底恶性肿瘤
C16.200 胃体恶性肿瘤
C16.301 胃窦恶性肿瘤
C16.400 幽门恶性肿瘤
C16.500 胃小弯恶性肿瘤
C16.800 胃交搭跨越恶性肿瘤的损害
C16.801 贲门胃底恶性肿瘤
C16.803 胃窦胃体恶性肿瘤
C16.900 胃恶性肿瘤
C17.000 十二指肠恶性肿瘤
C17.900 小肠恶性肿瘤
C18.001 回盲部恶性肿瘤
C18.100 阑尾恶性肿瘤
C18.200 升结肠恶性肿瘤
C18.300 结肠肝曲恶性肿瘤
C18.400 横结肠恶性肿瘤
C18.500 结肠脾曲恶性肿瘤
C18.600 降结肠恶性肿瘤
C18.700 乙状结肠恶性肿瘤
C18.900 结肠恶性肿瘤
C19.x00 直肠乙状结肠连接处恶性肿瘤
C20.x00 直肠恶性肿瘤
C21.100 肛管恶性肿瘤
C26.000 肠道部位的恶性肿瘤
C26.900 消化系统部位不明确的恶性肿瘤
C26.901 胃肠道恶性肿瘤
C48.000 腹膜后腔恶性肿瘤
C48.200 腹膜恶性肿瘤
C76.200 腹部恶性肿瘤
C77.208 肠周淋巴结继发恶性肿瘤
C78.600x004 腹膜继发恶性肿瘤
C78.601 腹膜后继发恶性肿瘤
C78.801 食管继发恶性肿瘤
C79.809 腹腔继发恶性肿瘤
D01.000 结肠原位癌
D01.200 直肠原位癌","/
17.912A0 电针治疗
17.98410 直肠滴注治疗
33.2600x002 经皮针吸肺活检
34.0401 胸腔闭式引流术
38.9301 经外周静脉穿刺中心静脉置管术
38.9302 颈内静脉穿刺中心静脉置管术
38.9304 股静脉穿刺置管术
38.9900x901 股静脉穿刺术
40.1101 颈淋巴结活组织检查
41.3100 骨髓活组织检查
42.2300x002 超声内镜下食管检查
42.2400x001 食管镜下活检
44.1300x001 胃镜检查
44.1301 超声内镜下胃检查
44.1401 胃镜下活组织检查
44.1402 超声内镜下胃活组织检查
45.1300x004 胃-十二指肠镜检查
45.1301 十二指肠镜检查术
45.1600x001 胃十二指肠镜下活检
45.2301 可曲性光学纤维结肠镜检查
45.2302 电子结肠镜检查
45.2501 结肠镜下大肠活组织检查
48.2300x003 超声内镜下直肠检查
48.2400x002 直肠活检
48.2401 直肠乙状结肠镜下直肠活组织检查
48.8101 直肠周围脓肿切开引流术
50.1100x005 经皮肝穿刺活检
52.1100x001 胰腺穿刺活检
54.2400x002 腹腔病损穿刺活检
54.2400x003 髂部病损穿刺活检
54.2400x006 盆腔病损穿刺活检
54.2403 经皮腹膜活组织检查
54.2404 经皮腹膜后活组织检查
54.9100x009 超声引导下盆腔穿刺术
54.9101 腹腔穿刺引流术
54.9105 腹腔穿刺术
57.3300 闭合性[经尿道]膀胱活组织检查
57.9400 留置导尿管的置入术
86.0600x004 药物治疗泵置入
86.0701 静脉输液港植入术
89.5400 心电监测
96.0700x001 胃插管减压
96.0800x004 鼻空肠营养管置入术
99.0301 输血
99.6000 心肺复苏
99.8500x003 热疗(用于癌症)",0.94,9091,,,8
126,KS13,糖尿病，伴合并症或并发症,"E10.101 1型糖尿病性酮症酸中毒
E10.600x051 1型糖尿病伴血糖控制不佳
E10.900 1型糖尿病
E11.000 2型糖尿病伴有昏迷
E11.000x001 2型糖尿病性高渗性高血糖状态昏迷
E11.000x006 2型糖尿病性酮症酸中毒和乳酸性酸中毒并昏迷
E11.001 2型糖尿病性高渗性昏迷
E11.002 2型糖尿病性低血糖性昏迷
E11.003 2型糖尿病性酮症酸中毒昏迷
E11.100x051 2型糖尿病性酮症酸中毒和乳酸性酸中毒
E11.101 2型糖尿病性酮症酸中毒
E11.102 2型糖尿病性乳酸酸中毒
E11.103 2型糖尿病性酮症
E11.600x043 2型糖尿病性低血糖症
E11.600x051 2型糖尿病伴血糖控制不佳
E11.700x024 2型糖尿病性内脏脂肪沉积增加
E11.700x033 2型糖尿病伴多个并发症
E11.800 2型糖尿病伴有并发症
E11.900 2型糖尿病
E14.100 糖尿病伴有酮症酸中毒
E14.600x051 糖尿病伴血糖控制不佳
E14.900x001 糖尿病
R73.002 糖尿病前期","/
00.6800x001 肢体动脉血管内压力测量
04.8101 周围神经阻滞术
06.1101 超声引导下经皮甲状腺活组织检查术
17.912A0 电针治疗
17.91330 悬灸治疗
17.95420 中药熏药治疗
17.98422 经直肠中药滴入治疗
24.0x02 牙龈切开引流术
27.2300 唇活组织检查
29.1100x002 纤维鼻咽镜检查
31.4201 喉镜检查
38.9100 动脉导管插入术
38.9303 锁骨下静脉穿刺中心静脉置管术
38.9800x001 动脉穿刺术
42.2400x001 食管镜下活检
45.1300x004 胃-十二指肠镜检查
45.1600x001 胃十二指肠镜下活检
45.2302 电子结肠镜检查
54.9105 腹腔穿刺术
57.9400 留置导尿管的置入术",0.68,6539.38,,,8
127,RM15,恶性及增生性疾病的介入、消融治疗，不伴严重合并症或并发症,"Z51.102 手术后恶性肿瘤化学治疗
Z51.800x092 恶性肿瘤介入治疗
Z51.800x097 恶性肿瘤射频治疗","32.2400x001 经皮肺病损射频消融术
39.7900x019 髂动脉栓塞术
39.7900x020 肾动脉栓塞术
39.7903 经导管肝动脉栓塞术
39.7904 经导管脾动脉栓塞术
39.7906 经导管髂内动脉栓塞术
50.2401 CT引导下肝病损射频消融术
68.2500x001 子宫动脉栓塞术
99.2501 动脉化疗栓塞",2.37,22846.42,,,6
128,LF11,肾透析相关手术，伴严重合并症或并发症,"N18.400 慢性肾脏病4期
N18.500 慢性肾脏病5期
N18.902 慢性肾衰竭
T82.800x003 人工动静脉瘘闭塞
T82.800x004 人工动静脉瘘狭窄
T82.800x005 人工动静脉瘘血栓形成
T82.800x008 肾透析的人工血管血栓形成
T86.102 移植肾功能不全
Z49.000x002 为肾透析的静脉插管
Z49.101 血液透析","38.0300x003 上肢血管切开探查术
38.9501 为肾透析半永久静脉插管术
39.2700x001 为肾透析的动静脉造瘘术
39.4200x001 为肾透析的动静脉瘘修补术
39.4900x004 动静脉造瘘术后人工血管血栓切除术
39.5000x025 上肢静脉球囊扩张成形术
39.5000x032 动静脉造瘘后球囊扩张(用于肾透析)
39.5300x016 人工动静脉瘘修补术
54.9300x004 腹膜透析腹腔法置管术
54.9300x005 腹膜透析腹腔镜法置管术
54.9300x009 腹膜透析置管腹腔镜法复位术",1.8,17376.14,,,11
129,BT35,神经系统的其他感染，不伴合并症或并发症,"A52.100x007+G05.0* 梅毒性脑炎
A81.801 朊蛋白病
B02.200x004+G53.0* 拉姆齐-亨特综合征[Ramsy-Hunt综合征]
B02.200x008+G63.0* 带状疱疹性多神经病
B02.201+G53.0* 带状疱疹性坐骨神经痛
B02.202+G53.0* 带状疱疹性神经痛
B02.203+G53.0* 带状疱疹性神经根炎
B02.204+G53.1* 带状疱疹性多脑神经麻痹
B02.206+G53.0* 带状疱疹性肋间神经痛
B02.207+G53.0* 疱疹后三叉神经痛
G03.800x003 肥厚性硬脑膜炎
G03.900 脑膜炎
G04.900x010 脑干脑炎
G04.900x024 急性脑膜脑炎
G04.900x031 脊髓神经根炎
G04.904 中枢神经系统感染
G04.908 脊髓炎
G04.911 脑脊髓炎
G04.913 脑炎
G04.914 脑膜脑炎
G04.919 小脑炎
G04.921 脑干炎
G06.006 颅内感染
G09.x00x002 脑炎后遗症","/
03.3101 腰椎穿刺术
03.9102 脊神经根阻滞术
04.8000 周围神经注射
04.8101 周围神经阻滞术
04.8102 三叉神经阻滞术
04.8104 肋间神经阻滞术
06.0100x001 甲状腺区抽吸引流术
17.912A0 电针治疗
17.91330 悬灸治疗
17.95420 中药熏药治疗
18.1100 耳镜检查
26.1100x001 唾液腺活检
29.1100x002 纤维鼻咽镜检查
31.4200x003 纤维喉镜检查
34.0401 胸腔闭式引流术
38.9100 动脉导管插入术
41.3100 骨髓活组织检查
45.1300x004 胃-十二指肠镜检查
45.1600x001 胃十二指肠镜下活检
45.2302 电子结肠镜检查
83.9800x001 软组织治疗性药物局部注射",0.49,4702.37,,,8
130,IE33,除股骨以外的下肢骨手术，伴一般合并症或并发症,"D16.304 趾骨良性肿瘤
M10.900x093 痛风石
M20.100x002 后天性(足母)外翻
M20.301 后天性踇内翻
M77.300 跟骨骨刺
M84.100x062 胫骨骨折不连接
M84.100x073 踝关节骨折不连接
M86.607 足慢性化脓性骨髓炎
M86.914 足部骨髓炎
M86.915 趾骨骨髓炎
M86.916 跟骨骨髓炎
M87.204 创伤后趾骨坏死
M89.813 足副舟骨痛
M89.910 腓骨肿物
Q66.600 足的其他先天性外翻变形
Q70.900x002 并趾
S32.000x011 腰椎骨折L1
S82.000 髌骨骨折
S82.010 开放性髌骨骨折
S82.100x011 胫骨近端骨折伴腓骨骨折
S82.100x012 胫骨平台伴腓骨骨折
S82.100x084 胫骨髁骨折
S82.100x085 胫骨髁间棘骨折
S82.100x087 胫骨平台骨折
S82.100x088 胫骨平台伴髁间骨折
S82.100x089 胫骨结节骨折
S82.101 闭合性胫骨平台骨折
S82.110 开放性胫骨上端骨折
S82.200x011 胫骨干骨折伴腓骨骨折
S82.200x081 胫骨干骨折
S82.201 胫腓骨干骨折
S82.210 开放性胫骨骨干骨折
S82.211 开放性胫骨骨折
S82.212 开放性胫腓骨干骨折
S82.300x011 胫骨远端骨折伴腓骨骨折
S82.300x081 胫骨远端骨折
S82.300x083 Pilon骨折
S82.301 胫腓骨下端骨折
S82.310 开放性胫骨下端骨折
S82.311 开放性胫腓骨下端骨折
S82.400x001 腓骨骨折
S82.401 腓骨干骨折
S82.410 开放性腓骨骨折
S82.500 内踝骨折
S82.501 胫骨骨折累及踝关节
S82.510 开放性内踝骨折
S82.600 外踝骨折
S82.601 腓骨骨折累及踝关节
S82.610 开放性外踝骨折
S82.710 开放性多发性小腿骨折
S82.800x082 踝关节骨折
S82.801 三踝骨折
S82.802 双踝骨折
S82.811 开放性三踝骨折
S92.000 跟骨骨折
S92.202 足舟状骨骨折
S92.203 楔状骨骨折(足)
S92.300 跖骨骨折
S92.300x003 跖骨基底骨折
S92.310 开放性跖骨骨折
S92.400 拇趾骨折
S92.410 开放性拇趾骨折
S92.500x001 趾骨骨折
S92.510 开放性特指趾骨骨折
S92.700 足多处骨折
S92.710 开放性多发性足骨折
S93.300x031 跗跖关节骨折脱位[Lisfranc骨折脱位]
T84.604 骨折内固定物植入感染","77.1701 胫骨切开引流术
77.2900x005 趾骨截骨术
77.3907 趾骨切断术
77.5100 ??囊肿切除术伴软组织矫正术和第一跖骨切开术
77.6702 腓骨病损切除术
77.6802 跖骨病损切除术
77.6900x007 跟骨病损切除术
77.6903 趾骨病损切除术
77.8900x028 副舟骨切除术
77.8904 趾骨部分切除术
78.1701 胫骨外固定术
78.3701 胫骨延长术
78.4802 跖骨成形术
78.5700x011 膝关节镜下后交叉韧带止点撕脱骨折固定术
78.5700x012 膝关节镜下胫骨髁间棘骨折固定术
79.0603 踝关节骨折闭合性复位术
79.0700x002 距骨骨折闭合复位术
79.1600x004 胫骨骨折闭合复位髓内针内固定术
79.1600x006 胫骨骨折闭合复位螺钉内固定术
79.1600x008 踝关节骨折闭合复位钢针内固定术
79.1600x012 胫骨骨折闭合复位钢板内固定术
79.1601 胫骨骨折闭合复位内固定术
79.1700x005 跖骨骨折闭合复位钢针内固定术
79.1700x009 跟骨骨折闭合复位钢针内固定术
79.1700x010 跟骨骨折闭合复位螺钉内固定术
79.1700x013 跟骨骨折闭合复位内固定术
79.1702 跖骨骨折闭合复位内固定术
79.1800x002 趾骨骨折闭合复位钢针内固定术
79.1900x005 髌骨骨折闭合复位空心钉内固定术
79.2601 胫骨骨折切开复位术
79.2603 踝关节骨折切开复位术
79.2801 趾骨骨折切开复位术
79.3600x009 踝关节骨折切开复位钢板内固定术
79.3600x010 踝关节骨折切开复位螺钉内固定术
79.3600x012 踝关节骨折切开复位钢针内固定术
79.3600x013 胫骨骨折切开复位钢板内固定术
79.3600x014 胫骨骨折切开复位螺钉内固定术
79.3600x015 胫骨骨折切开复位髓内针内固定术
79.3600x016 胫骨骨折切开复位钢针内固定术
79.3600x017 腓骨骨折切开复位钢板内固定术
79.3600x020 膝关节镜下前交叉韧带止点撕脱骨折复位固定术
79.3601 胫骨骨折切开复位内固定术
79.3602 腓骨骨折切开复位内固定术
79.3603 踝关节骨折切开复位内固定术
79.3604 髌骨骨折切开复位内固定术
79.3700x013 跟骨骨折切开复位钢板内固定术
79.3700x014 跟骨骨折切开复位螺钉内固定术
79.3700x015 跖骨骨折切开复位螺钉内固定术
79.3700x017 跖骨骨折切开复位钢针内固定术
79.3700x019 跖骨骨折切开复位钢板内固定术
79.3700x021 跟骨骨折切开复位内固定术
79.3700x022 楔骨骨折切开复位内固定术
79.3701 跗骨骨折切开复位内固定术
79.3702 跖骨骨折切开复位内固定术
79.3800x004 趾骨骨折切开复位钢针内固定术
79.3900x001 髌骨骨折切开复位张力带钢丝内固定术
79.3900x002 髌骨骨折切开复位螺钉内固定术
79.6600x001 踝骨开放性骨折清创术
79.6601 胫骨开放性骨折清创术
79.6702 跖骨开放性骨折清创术
79.6800 趾开放性骨折部位的清创术
84.1501 小腿截断术
86.8502 并趾矫正术",2.38,22888.8,,,14
131,DT15,中耳炎及上呼吸道感染，不伴合并症或并发症,"B08.501 疱疹性咽峡炎
H66.000 急性化脓性中耳炎
H66.301 慢性化脓性中耳炎
H66.400 化脓性中耳炎
H66.900x002 急性中耳炎
H70.000 急性乳突炎
H71.x00 中耳胆脂瘤
J01.900 急性鼻窦炎
J01.900x003 急性鼻窦脓肿
J03.000 链球菌性扁桃体炎
J03.900 急性扁桃体炎
J03.901 急性化脓性扁桃体炎
J06.900 急性上呼吸道感染
J10.100x001 已知病毒的流行性感冒
J11.100x001 未知病毒的流感性感冒
J31.000 慢性鼻炎
J31.001 肥大性鼻炎
J31.100 慢性鼻咽炎
J32.803 慢性多鼻窦炎
J32.900 慢性鼻窦炎
J32.906 鼻窦肿物
J35.000 慢性扁桃体炎
J39.001 咽后脓肿
J39.003 咽旁脓肿
J39.216 咽喉溃疡
J39.220 咽旁间隙感染","/
17.91330 悬灸治疗
18.1100 耳镜检查
27.0x08 咽旁间隙切开引流术
28.0x01 咽后组织切开引流术
28.0x03 咽旁切开引流术
28.1101 扁桃体活组织检查
29.1100x002 纤维鼻咽镜检查
29.1203 内镜下鼻咽活组织检查
31.4200x003 纤维喉镜检查
33.2403 纤维支气管镜检查伴肺泡灌洗术
41.3100 骨髓活组织检查
42.2400x001 食管镜下活检
45.1300x004 胃-十二指肠镜检查
89.1400 脑电图
89.1900x001 视频脑电图监测",0.21,2068.9,,,4
132,LS15,肾炎及肾病，不伴合并症或并发症,"D69.005+N08.2* 肾型过敏性紫癜
E85.411+N29.8* 淀粉样变肾损害
I12.900x003 高血压性肾病
M31.701+N08.5* ANCA相关性肾炎
M32.101+N08.5* 狼疮性肾炎
M35.006+N16.4* 干燥综合征性肾小管间质肾炎
M35.007+N16.4* 干燥综合征性肾盂肾炎
N02.101 IgA肾病，局灶和节段性肾小球损害
N02.701 新月体性IgA肾病
N02.801 IgA肾病
N03.000 慢性肾炎综合征伴有轻微的肾小球异常
N03.100 慢性肾炎综合征伴有局灶性和节段性肾小球损害
N03.503 膜性增生性肾小球肾炎
N03.900 慢性肾炎综合征
N03.900x003 慢性肾炎
N03.900x004 隐匿型肾小球肾炎
N03.900x006 慢性肾病
N03.901 慢性肾小球肾炎
N04.001 肾病综合征伴微小病变性肾小球肾炎
N04.101 肾病综合征伴局灶硬化性肾小球肾炎
N04.102 肾病综合征伴节段硬化性肾小球肾炎
N04.200x001 肾病综合征伴膜性肾小球肾炎
N04.300x001 肾病综合征伴膜增值性肾小球肾炎
N04.300x003 肾病综合征伴膜性增殖性IgA肾病
N04.400x001 肾病综合征伴毛细血管增殖性肾炎
N04.900 肾病综合征
N05.000x001 肾小球微小病变
N05.101 局灶性肾炎
N05.201 膜性肾病
N05.301 系膜增生性肾小球肾炎
N05.501 膜增殖性肾小球肾炎
N05.701 新月体形肾小球肾炎
N05.900 肾炎综合征
N05.900x002 肾小球肾炎
N13.801 梗阻性肾病
N25.802 肾小管酸中毒
N25.803 肾小管酸中毒Ⅰ型
N28.817 失盐综合征","/
03.3101 腰椎穿刺术
27.2300 唇活组织检查
29.1100x002 纤维鼻咽镜检查
33.2400x002 支气管镜下诊断性支气管肺泡灌洗[BAL]
34.0401 胸腔闭式引流术
34.9103 超声引导下胸腔穿刺术
38.9100 动脉导管插入术
44.1300x001 胃镜检查
45.1300x004 胃-十二指肠镜检查
45.2302 电子结肠镜检查
55.2300x001 超声引导下肾穿刺活检
55.2301 肾穿刺活组织检查
55.2302 内镜下肾盂活组织检查
57.9400 留置导尿管的置入术
97.8900x004 为肾透析的半永久静脉导管拔管",0.51,4875.76,,,5
133,DG25,扁桃体和/或腺样体切除手术，不伴严重合并症或并发症,"D10.400 扁桃体良性肿瘤
J35.000 慢性扁桃体炎
J35.100 扁桃体肥大
J35.200 腺样体肥大
J35.803 扁桃体囊肿
J35.805 扁桃体息肉","28.2x00x002 扁桃体切除术
28.2x03 扁桃体等离子切除术
28.2x04 内镜下扁桃体切除术
28.3x01 扁桃体伴腺样体切除术
28.6x00x001 鼻内镜下经鼻腺样体切除术
28.6x00x002 腺样体切除术
28.6x00x005 鼻内镜下腺样体消融术
28.6x02 内镜下腺样体切除术
28.9201 扁桃体病损切除术",0.9,8679.49,,,4
134,HT23,急性胰腺炎，伴合并症或并发症,"K85.000 特发性急性胰腺炎
K85.001 急性特发性胰腺炎，轻症
K85.100 胆汁型急性胰腺炎
K85.101 急性胆源型胰腺炎，轻症
K85.200 酒精性急性胰腺炎
K85.201 急性酒精性胰腺炎，轻症
K85.803 急性复发性胰腺炎，轻症
K85.807 急性水肿性胰腺炎，轻症
K85.900 急性胰腺炎
K85.900x002 急性轻症胰腺炎
K85.900x003 慢性胰腺炎急性发作","/
17.91110 头针治疗
17.912A0 电针治疗
17.91330 悬灸治疗
17.98410 直肠滴注治疗
17.98422 经直肠中药滴入治疗
18.1100 耳镜检查
38.9100 动脉导管插入术
38.9302 颈内静脉穿刺中心静脉置管术
44.1300x001 胃镜检查
44.1301 超声内镜下胃检查
44.1401 胃镜下活组织检查
45.1300x004 胃-十二指肠镜检查
45.1600x001 胃十二指肠镜下活检
45.2302 电子结肠镜检查
45.2501 结肠镜下大肠活组织检查
52.1900x001 超声内镜下胰腺检查
54.9101 腹腔穿刺引流术
59.9901 输尿管支架置换术",0.81,7830.35,,,7
135,GS13,胃肠出血，伴一般合并症或并发症,"I85.000x001 食管静脉曲张破裂出血
I86.401 胃底静脉曲张伴出血
I86.800x014 食管胃底静脉曲张破裂出血
K22.804 食管出血
K55.900x004 缺血性肠病伴出血
K91.800x102 残胃炎伴出血
K91.800x103 残胃溃疡伴出血
K92.000 呕血
K92.200x001 便血
K92.202 残胃出血
K92.204 肠出血
K92.206 结肠出血
K92.207 急性上消化道出血
K92.208 上消化道出血
K92.209 下消化道出血
K92.210 消化道出血
K92.800x001 食管癌伴出血
K92.800x002 胃癌伴出血
K92.800x007 直肠癌伴出血","/
17.91110 头针治疗
17.912A0 电针治疗
17.91330 悬灸治疗
17.95420 中药熏药治疗
17.98410 直肠滴注治疗
34.9101 胸腔穿刺抽液术
34.9103 超声引导下胸腔穿刺术
38.9100 动脉导管插入术
38.9301 经外周静脉穿刺中心静脉置管术
38.9302 颈内静脉穿刺中心静脉置管术
38.9303 锁骨下静脉穿刺中心静脉置管术
38.9304 股静脉穿刺置管术
38.9800x001 动脉穿刺术
38.9900x501 锁骨下静脉穿刺术
41.3100 骨髓活组织检查
42.2300x001 食管镜检查
44.1300x001 胃镜检查
44.1301 超声内镜下胃检查
44.1401 胃镜下活组织检查
45.1300x004 胃-十二指肠镜检查
45.1301 十二指肠镜检查术
45.1302 胶囊内镜检查术
45.1600x001 胃十二指肠镜下活检
45.2302 电子结肠镜检查
45.2501 结肠镜下大肠活组织检查
48.2400x002 直肠活检
57.9400 留置导尿管的置入术
86.0701 静脉输液港植入术
89.3200 食管压力测定
89.6400x001 漂浮导管检查[Swan-Ganz导管插入]
89.6700 心脏排出量监测，用氧耗技术
99.0301 输血
99.0401 红细胞输入
99.0500 输入血小板
99.6000 心肺复苏",0.78,7550.13,,,7
136,DC45,口腔颌面头颈肿瘤切除术，不伴合并症或并发症,"C04.000 口底前部恶性肿瘤
C05.100 软腭恶性肿瘤
C07.x00 腮腺恶性肿瘤
C08.000 下颌下腺恶性肿瘤
C11.001 鼻咽顶恶性肿瘤
C11.801 鼻咽多壁恶性肿瘤
C11.900 鼻咽恶性肿瘤
C13.100x001 杓状会厌褶恶性肿瘤
C13.900 下咽恶性肿瘤
C32.000 声门恶性肿瘤
C32.001 声带恶性肿瘤
C32.100 声门上恶性肿瘤
C32.101 会厌恶性肿瘤
C32.900 喉恶性肿瘤
C41.000x018 颅骨恶性肿瘤
C41.007 颞骨恶性肿瘤
C44.000 唇皮肤恶性肿瘤
C44.200x001 耳部皮肤恶性肿瘤
C44.201 外耳道皮肤恶性肿瘤
C44.300 面部皮肤恶性肿瘤
C44.300x005 颞部皮肤恶性肿瘤
C44.302 额部皮肤恶性肿瘤
C44.305 颌下皮肤恶性肿瘤
C44.400x004 头皮恶性肿瘤
C76.000x007 颌下恶性肿瘤
C79.502 颅骨继发恶性肿瘤
D02.002 声带原位癌
D02.302 鼻旁窦原位癌
D04.200x001 耳皮肤原位癌
D04.300x002 面皮肤原位癌
D10.300x005 悬雍垂良性肿瘤
D10.300x007 颌下良性肿瘤
D10.303 腭良性肿瘤
D10.400 扁桃体良性肿瘤
D10.500x001 口咽良性肿瘤
D10.700 咽下部良性肿瘤
D10.900 咽良性肿瘤
D11.000 腮腺良性肿瘤
D11.701 下颌下腺良性肿瘤
D14.000x007 上颌窦良性肿瘤
D14.000x009 蝶窦良性肿瘤
D14.001 鼻旁窦良性肿瘤
D14.100 喉良性肿瘤
D14.101 会厌良性肿瘤
D14.102 声带良性肿瘤
D16.400x018 颅骨良性肿瘤
D16.404 颞骨良性肿瘤
D16.406 额骨良性肿瘤
D17.000x003 头部脂肪瘤
D17.001 面部脂肪瘤
D18.000x505 唇部血管瘤
D18.000x506 外耳道血管瘤
D18.000x507 喉部血管瘤
D18.004 颈部血管瘤
D22.000 唇黑素细胞痣
D22.200x002 耳部黑色素痣
D22.201 外耳道黑素细胞痣
D23.200x002 耳廓良性肿瘤
D23.200x003 耳皮肤良性肿瘤
D23.201 外耳道良性肿瘤
D36.703 颈部良性肿瘤
D37.011 腮腺肿瘤
D38.001 喉肿瘤","01.6x00 颅骨病损的切除术
18.2900x003 耳廓病损切除术
18.2900x009 外耳道病损切除术
18.2901 外耳病损切除术
18.3100 外耳病损根治性切除术
18.3900x005 耳廓部分切除术
22.4202 内镜下额窦病损切除术
22.6001 鼻窦病损切除术
22.6002 内镜下鼻窦病损切除术
22.6403 内镜下蝶窦病损切除术
26.2901 腮腺病损切除术
26.2904 颌下腺病损切除术
26.3100x008 腮腺深叶切除术
26.3100x009 腮腺浅叶切除术
26.3101 腮腺部分切除术
26.3102 腮腺叶切除术
26.3201 腮腺切除术
26.3203 颌下腺切除术
27.4200 唇病损广泛切除术
27.4301 唇病损切除术
27.4900x007 口底病损切除术
27.4902 颌下区病损切除术
28.2x00x002 扁桃体切除术
28.2x04 内镜下扁桃体切除术
29.3900x007 支撑喉镜下鼻咽病损切除术
29.3901 咽部病损切除术
29.3902 咽旁病损切除术
29.3905 支撑喉镜下咽部病损切除术
29.3906 支撑喉镜下咽部病损激光切除术
29.3908 内镜下鼻咽病损切除术
30.0900x039 支撑喉镜下喉病损激光烧灼术
30.0903 内镜下会厌病损切除术
30.0904 内镜下会厌病损激光切除术
30.0905 内镜下声带病损切除术
30.0906 内镜下声带病损激光切除术
30.0911 支撑喉镜下喉病损切除术
30.1x00 半喉切除术
30.2100x002 支撑喉镜下会厌切除术
30.2900x003 喉部分切除术
30.2909 垂直喉部分切除术
30.3x01 全喉扩大切除术
38.6201 颈部血管瘤切除术
86.4x01 头.面.颈皮肤病损根治切除术",0.93,8978.08,,,4
137,FR55,冠状动脉粥样硬化/血栓/闭塞，不伴合并症或并发症,"I24.901 急性冠脉综合征
I25.100x003 冠状动脉狭窄
I25.102 冠状动脉粥样硬化
I25.103 冠状动脉粥样硬化性心脏病
I25.600x001 隐匿性冠状动脉粥样硬化性心脏病","/
00.6800x001 肢体动脉血管内压力测量
03.9102 脊神经根阻滞术
04.8101 周围神经阻滞术
06.1101 超声引导下经皮甲状腺活组织检查术
17.912A0 电针治疗
17.91330 悬灸治疗
27.2300 唇活组织检查
29.1100x002 纤维鼻咽镜检查
31.4200x003 纤维喉镜检查
33.2400x002 支气管镜下诊断性支气管肺泡灌洗[BAL]
34.0401 胸腔闭式引流术
38.9100 动脉导管插入术
38.9301 经外周静脉穿刺中心静脉置管术
38.9302 颈内静脉穿刺中心静脉置管术
38.9304 股静脉穿刺置管术
38.9800x001 动脉穿刺术
40.1102 锁骨上淋巴结活组织检查
41.3100 骨髓活组织检查
44.1401 胃镜下活组织检查
45.1300x004 胃-十二指肠镜检查
45.1600 食管胃十二指肠镜检查[EGD]伴活组织检查
45.1600x001 胃十二指肠镜下活检
45.2302 电子结肠镜检查
45.2501 结肠镜下大肠活组织检查
89.6700 心脏排出量监测，用氧耗技术
99.6000 心肺复苏",0.56,5378.53,,,6
138,GB33,小肠、大肠（含直肠）的大手术，伴一般合并症或并发症,"C18.000 盲肠恶性肿瘤
C18.001 回盲部恶性肿瘤
C18.100 阑尾恶性肿瘤
C18.200 升结肠恶性肿瘤
C18.300 结肠肝曲恶性肿瘤
C18.400 横结肠恶性肿瘤
C18.500 结肠脾曲恶性肿瘤
C18.600 降结肠恶性肿瘤
C18.700 乙状结肠恶性肿瘤
C18.801 降结肠乙状结肠恶性肿瘤
C18.900 结肠恶性肿瘤
C19.x00 直肠乙状结肠连接处恶性肿瘤
C20.x00 直肠恶性肿瘤
C21.801 直肠肛管恶性肿瘤
C79.809 腹腔继发恶性肿瘤
D01.000 结肠原位癌
D12.001 回盲部良性肿瘤
D12.100 阑尾良性肿瘤
D12.200 升结肠良性肿瘤
D12.300 横结肠良性肿瘤
D12.400 降结肠良性肿瘤
D12.500 乙状结肠良性肿瘤
D12.600 结肠良性肿瘤
D12.800 直肠良性肿瘤
D37.401 结肠肿瘤
D37.409 乙状结肠肿瘤
D37.501 直肠肿瘤
K27.503 上消化道穿孔
K31.500 十二指肠梗阻
K35.300 急性阑尾炎伴局限性腹膜炎
K35.301 急性阑尾炎伴腹膜脓肿
K38.801 阑尾黏液囊肿
K40.312 嵌顿性腹股沟疝
K52.911 盲肠炎
K55.004 肠坏死
K56.200 肠扭转
K56.203 结肠扭转
K56.500x003 粘连性肠梗阻
K56.600x008 结肠梗阻
K56.604 机械性肠梗阻
K56.700 肠梗阻
K56.700x003 完全性肠梗阻
K57.304 结肠憩室炎
K59.003 慢传输型便秘
K62.800x010 直肠穿孔
K63.102 回肠穿孔
K63.103 结肠穿孔
K63.105 乙状结肠穿孔
K63.108 小肠穿孔
K63.202 腹壁盲肠瘘
K63.900x003 肠系膜肿物
S36.400 小肠损伤
S36.402 创伤性空肠破裂","17.3200 腹腔镜盲肠切除术
17.3200x001 腹腔镜下盲肠部分切除术
17.3200x002 腹腔镜下回盲部切除术
17.3300 腹腔镜右半结肠切除术
17.3400 腹腔镜横结肠切除术
17.3401 腹腔镜横结肠部分切除术
17.3500 腹腔镜左半结肠切除术
17.3500x001 腹腔镜下降结肠部分切除术
17.3600 腹腔镜乙状结肠切除术
17.3600x001 腹腔镜下乙状结肠部分切除术
17.3900x002 腹腔镜下结肠部分切除术
45.7200x004 盲肠部分切除术
45.7300x007 右半结肠切除术
45.7302 右半结肠根治性切除术
45.7400x003 横结肠切除术
45.7500 左半结肠切除术
45.7501 左半结肠根治性切除术
45.7600x008 乙状结肠切除术
45.7601 乙状结肠部分切除术
45.7901 结肠部分切除术
45.8100x001 腹腔镜下结肠次全切除术
45.8200 开放性腹内全结肠切除术
46.1000 结肠造口术
46.1000x007 腹腔镜下结肠造口术
46.2001 腹腔镜回肠造口术
46.2300x001 回肠永久性造口术
46.7303 腹腔镜小肠裂伤修补术
46.8100x001 腹腔镜下小肠扭转复位术
48.5100 腹腔镜下腹会阴直肠切除术
48.6201 腹腔镜下直肠前切除伴结肠造口术
48.6300x001 腹腔镜下经括约肌间直肠前切除术（ISR）
48.6300x003 腹腔镜下超低位直肠前切除术
48.6302 腹腔镜下直肠前切除术
48.6303 腹腔镜低位直肠前切除术
48.6900x004 经肛门直肠病损根治术
48.6909 腹腔镜下直肠部分切除术",5.12,49269.69,,,15
139,IQY,歧义组(MDCI),"C49.101 肩结缔组织和软组织恶性肿瘤
C49.200x002 下肢软组织恶性肿瘤
C49.300x003 胸部结缔组织恶性肿瘤
C49.500 盆腔结缔组织和软组织恶性肿瘤
C79.500x001 骨继发恶性肿瘤
D18.000x846 锁骨血管瘤
D18.000x861 踝关节血管瘤
D18.009 肌内血管瘤
D21.200x006 下肢结缔组织良性肿瘤
D21.300 胸部结缔组织和其他软组织良性肿瘤
D21.900x013 腱鞘良性肿瘤
M00.900x011 感染性肩关节炎
M05.900 血清反应阳性的类风湿性关节炎
M10.002 痛风性关节炎
M10.900 痛风
M15.000 原发性全身性(骨)关节病
M16.900 髋关节病
M17.000 原发性双侧膝关节病
M17.101 原发性单侧膝关节病
M17.900 膝关节病
M17.900x002 膝关节退行性病变
M20.100x002 后天性(足母)外翻
M24.800x052 髋关节撞击综合征
M25.501 肩关节痛
M31.101 血栓性血小板减少性紫癜
M31.802 ANCA相关性血管炎
M32.900 系统性红斑狼疮
M34.900 全身性硬皮病
M35.000 干燥综合征[舍格伦]
M35.901 结缔组织病
M43.006 腰椎滑脱
M46.403 腰椎椎间盘炎
M46.500x091 椎体感染
M47.201 神经根型颈椎病
M47.801 颈椎关节强硬
M47.802 混合型颈椎病
M48.002 颈椎椎管狭窄
M48.005 腰椎椎管狭窄
M50.201 颈椎间盘突出
M51.100x002+G55.1* 腰椎间盘突出伴神经根病
M51.101+G55.1* 腰椎间盘脱出伴坐骨神经痛
M51.202 腰椎间盘突出
M54.504 腰背肌筋膜炎
M60.008 腰大肌脓肿
M62.803 横纹肌溶解症
M65.905 髋关节滑膜炎
M67.400 腱鞘囊肿
M71.200x001 腘窝囊肿
M72.600 坏死性筋膜炎
M75.001 肩周炎
M75.103 肩袖自发性破裂
M79.509 足软组织异物残留
M79.600x051 下肢疼痛
M79.900x001 肢体肿物
M80.801 老年性骨质疏松伴病理性骨折
M80.900 骨质疏松伴有病理性骨折
M81.000 绝经后骨质疏松
M81.900 骨质疏松
M86.608 慢性骨髓炎
M86.905 尺骨骨髓炎
M86.913 胫骨骨髓炎
M86.916 跟骨骨髓炎
Q76.401 先天性寰枕畸形
S12.000x002 寰椎骨折
S22.300 肋骨骨折
S22.400x031 三根肋骨骨折不伴第一肋骨骨折
S22.400x041 四根以上肋骨骨折不伴第一肋骨骨折
S32.500x002 耻骨分支骨折
S32.702 多发性腰椎骨折
S42.000 锁骨骨折
S42.100 肩胛骨骨折
S42.200x041 肱骨大结节骨折
S51.901 开放性前臂损伤
S52.101 桡骨头骨折
S52.211 开放性尺骨骨折
S52.500x001 桡骨远端骨折
S56.801 前臂肌肉和肌腱损伤
S61.702 开放性手多发损伤
S61.901 开放性手部损伤
S61.902 手套撕脱伤
S62.510 开放性拇指骨折
S66.300x009 手部指伸肌腱损伤
S68.000x002 拇指不全切断
S68.001 拇指完全切断
S68.100x001 单指不全切断
S72.101 股骨粗隆间骨折
S72.310 开放性股骨干骨折
S72.400x012 股骨内髁骨折
S76.402 大腿肌断裂
S81.901 小腿撕脱伤
S82.000 髌骨骨折
S83.600x002 膝关节损伤
S91.301 开放性足损伤
S91.302 足部皮肤撕裂伤
S91.303 足裂伤
S92.400 拇趾骨折
S92.500x001 趾骨骨折
S96.101 足拇长伸肌腱断裂
T12.x00 下肢骨折
T79.800x002 创伤性下肢坏死
T85.713 颅骨人工骨板植入感染
Z47.000x002 取出内固定装置
Z47.001 取除骨折内固定装置","01.2504 颅骨死骨切除术
01.5935 小脑扁桃体部分切除术
04.4916 腓神经松解术
05.3100x006 星状神经节阻滞术
08.8102 眉裂伤缝合术
09.4100 泪点探通术
10.3300x002 结膜结石取出术
13.6900x002 激光后囊切开术[YAG]
21.3201 鼻部皮肤病损切除术
32.2001 胸腔镜下肺楔形切除术
39.7902 经导管支气管动脉栓塞术
39.9500 血液透析
39.9500x004 血浆置换
42.3301 内镜食管病损切除术
43.4105 内镜下胃息肉切除术
43.4108 内镜下胃黏膜切除术[EMR]
44.4300x002 胃镜下胃出血止血术
45.4200x003 纤维结肠镜下结肠息肉切除术
45.4201 内镜下乙状结肠息肉切除术
45.4300x008 结肠镜下结肠病损电凝术
45.4301 内镜下乙状结肠病损切除术
45.4302 内镜下结肠病损切除术
45.4307 内镜下结肠黏膜切除术(EMR)
48.3200x001 直肠-乙状结肠镜下直肠病损电切术
48.3600x002 内镜下直肠病损切除术
48.3600x004 内镜下直肠黏膜切除术(EMR)
48.3601 直肠息肉切除术
48.3602 直肠-乙状结肠镜下直肠息肉切除术
49.3900x015 肛门皮肤和皮下坏死组织切除清创术
50.2401 CT引导下肝病损射频消融术
51.8802 十二指肠镜下胆总管切开取石术
54.9104 腹膜后穿刺引流术
54.9300x011 腹膜透析管置入术
86.0100x002 皮肤和皮下组织脓肿抽吸术
86.0100x003 皮肤和皮下组织血肿抽吸术
86.0502 皮肤和皮下组织异物切开取出术
86.0902 皮肤窦道切开术
86.2200x011 皮肤和皮下坏死组织切除清创术
86.2201 皮肤伤口切除性清创术
86.3x15 皮肤及皮下血管瘤切除术
86.4x03 肢体皮肤病损根治切除术
86.5902 头皮裂伤清创缝合术
86.6101 手全厚皮片游离移植术
86.6304 下肢全厚皮片移植术
86.6906 下肢植皮术
86.7300x003 手带蒂皮瓣移植术
86.7300x004 手游离皮瓣移植术
86.7400x032 皮下蒂皮瓣移植术
86.7501 皮瓣清创术
86.7503 皮瓣修整术
86.8901 皮肤V-Y缝合术
88.4101 脑血管造影
88.5500 单根导管的冠状动脉造影术
88.5600 用两根导管的冠状动脉造影术
88.6600x002 下肢静脉造影
92.2400x003 调强适形放射治疗[IMRT]
92.2800 放射性核素注射或滴入
93.9000 无创机械性通气
96.0400 气管内插管
98.2202 非切开眼睑异物取出术
99.2500x038 皮下注射化疗药物
99.2503 静脉注射化疗药物
99.2800x005 静脉注射抗肿瘤免疫制剂治疗
99.2800x006 分子靶向治疗
99.2801 抗肿瘤免疫治疗",/,/,,,/
140,LU13,肾及尿路感染，伴一般合并症或并发症,"N10.x02 急性肾盂肾炎
N11.802 黄色肉芽肿性肾盂肾炎
N12.x02 肾盂肾炎
N13.600 肾积脓
N13.601 肾结石伴有积水和感染
N13.602 输尿管结石伴有积水和感染
N13.603 肾输尿管结石伴有积水和感染
N13.605 输尿管狭窄伴有感染
N15.101 肾脓肿
N15.102 肾周脓肿
N15.900x002 肾周围感染
N15.901 肾感染
N28.839 肾周围炎
N30.000 急性膀胱炎
N30.201 慢性膀胱炎
N34.205 慢性尿道炎
N34.300 尿道综合征
N39.000 泌尿道感染
T83.500x003 导管相关性尿路感染","/
08.1900 眼睑其他诊断性操作
17.91110 头针治疗
17.912A0 电针治疗
17.91330 悬灸治疗
17.95420 中药熏药治疗
29.1100x002 纤维鼻咽镜检查
33.2403 纤维支气管镜检查伴肺泡灌洗术
34.9101 胸腔穿刺抽液术
38.9100 动脉导管插入术
41.3800x001 骨髓穿刺术
42.2300x001 食管镜检查
44.1300x001 胃镜检查
45.1300x004 胃-十二指肠镜检查
45.1301 十二指肠镜检查术
45.1600x001 胃十二指肠镜下活检
45.2302 电子结肠镜检查
56.0x00x017 经尿道输尿管软镜输尿管碎石术
56.0x03x002 经尿道输尿管软镜输尿管/肾盂激光碎石术
56.3100 输尿管镜检查
57.3200x001 膀胱镜检查
57.9400 留置导尿管的置入术
59.9201 肾周穿刺引流术
59.9900x002 输尿管支架取出术
59.9901 输尿管支架置换术
60.1100x002 超声引导下前列腺穿刺活检
86.1100 皮肤和皮下组织的活组织检查
89.6700 心脏排出量监测，用氧耗技术
97.6204 输尿管镜输尿管支架取出术
97.6205 膀胱镜输尿管支架取出术",0.53,5068.82,,,7
141,HU15,急性胆道疾病，不伴合并症或并发症,"K75.805 肝胆管炎
K75.806 非酒精性脂肪性肝炎
K80.000x004 胆囊结石伴慢性胆囊炎急性发作
K80.002 胆囊结石伴急性化脓性胆囊炎
K80.100x001 胆囊结石伴胆囊炎
K80.200x003 胆囊结石
K80.300x005 胆总管结石伴急性化脓性梗阻性胆管炎
K80.301 胆总管结石伴急性化脓性胆管炎
K80.302 胆总管结石伴胆管炎
K80.303 肝胆管结石伴胆管炎
K80.304 胆总管结石伴急性胆管炎
K80.305 肝内胆管结石伴胆管炎
K80.306 肝外胆管结石伴胆管炎
K80.400 胆管结石伴有胆囊炎
K80.500x002 胆管结石
K80.501 胆总管结石
K81.000 急性胆囊炎
K81.002 急性化脓性胆囊炎
K81.006 慢性胆囊炎急性发作
K81.900 胆囊炎
K83.000 胆管炎
K83.000x007 急性化脓性胆管炎
K83.000x012 IgG4相关性胆管炎
K83.001 急性胆管炎
K83.005 急性梗阻性胆管炎
K83.009 淤积性胆管炎
K83.012 硬化性胆管炎
K83.013 原发性胆管炎
K83.019 胆道感染
K83.109 梗阻性黄疸","/
06.1101 超声引导下经皮甲状腺活组织检查术
17.912A0 电针治疗
17.91330 悬灸治疗
17.95420 中药熏药治疗
29.1100x002 纤维鼻咽镜检查
31.4200x003 纤维喉镜检查
38.9100 动脉导管插入术
38.9301 经外周静脉穿刺中心静脉置管术
38.9302 颈内静脉穿刺中心静脉置管术
38.9303 锁骨下静脉穿刺中心静脉置管术
41.3100 骨髓活组织检查
42.2400x001 食管镜下活检
44.1300x001 胃镜检查
44.1301 超声内镜下胃检查
44.1401 胃镜下活组织检查
45.1300x004 胃-十二指肠镜检查
45.1301 十二指肠镜检查术
45.1600x001 胃十二指肠镜下活检
45.2302 电子结肠镜检查
52.1900x001 超声内镜下胰腺检查
54.9100x002 经腹盆腔穿刺引流术
54.9101 腹腔穿刺引流术
87.5401 胆管造影
88.9700x006 核磁共振胰胆管造影(MRCP)
99.8301 新生儿蓝光治疗",0.38,3651.58,,,4
142,HR15,肝胆胰系统恶性肿瘤，不伴严重合并症或并发症,"C22.000 肝细胞癌
C22.100 肝内胆管癌
C22.700 肝恶性肿瘤，其他特指的
C22.900 肝恶性肿瘤
C23.x00 胆囊恶性肿瘤
C24.000x007 肝门胆管恶性肿瘤
C24.002 胆管恶性肿瘤
C24.003 胆总管恶性肿瘤
C24.100 法特壶腹恶性肿瘤
C24.900 胆道恶性肿瘤
C25.000 胰头恶性肿瘤
C25.100 胰体恶性肿瘤
C25.200 胰尾恶性肿瘤
C25.701 胰颈恶性肿瘤
C25.800x001 胰头和胰颈及胰体恶性肿瘤
C25.801 胰体胰尾部恶性肿瘤
C25.802 胰颈胰体部恶性肿瘤
C25.803 胰头胰颈部恶性肿瘤
C25.900 胰恶性肿瘤
C78.700 肝部和肝内胆管继发性恶性肿瘤","/
17.912A0 电针治疗
29.1100x002 纤维鼻咽镜检查
33.2600x001 肺穿刺活检
34.0401 胸腔闭式引流术
34.9101 胸腔穿刺抽液术
38.9100 动脉导管插入术
38.9301 经外周静脉穿刺中心静脉置管术
38.9303 锁骨下静脉穿刺中心静脉置管术
38.9304 股静脉穿刺置管术
40.1101 颈淋巴结活组织检查
45.1300x004 胃-十二指肠镜检查
45.1600x001 胃十二指肠镜下活检
45.2301 可曲性光学纤维结肠镜检查
45.2302 电子结肠镜检查
50.1100x001 超声引导下肝穿刺活检
50.1100x005 经皮肝穿刺活检
52.1100x001 胰腺穿刺活检
52.1101 超声内镜下胰腺细针穿刺活组织检查
52.1900x001 超声内镜下胰腺检查
54.2401 经皮腹腔肿物活组织检查
54.2404 经皮腹膜后活组织检查
54.9101 腹腔穿刺引流术
54.9105 腹腔穿刺术
86.0600x004 药物治疗泵置入
86.0601 输注泵置入术
86.0701 静脉输液港植入术
89.5400 心电监测
96.0200 口咽导气管置入
97.0101 鼻-胃管置换",0.91,8793.66,,,8
143,LF15,肾透析相关手术，不伴严重合并症或并发症,"N18.400 慢性肾脏病4期
N18.500 慢性肾脏病5期
N18.902 慢性肾衰竭
T82.800x003 人工动静脉瘘闭塞
T82.800x004 人工动静脉瘘狭窄
T82.800x005 人工动静脉瘘血栓形成
T82.800x008 肾透析的人工血管血栓形成
T86.102 移植肾功能不全
Z49.000x002 为肾透析的静脉插管
Z49.101 血液透析","38.0300x003 上肢血管切开探查术
38.9501 为肾透析半永久静脉插管术
39.2700x001 为肾透析的动静脉造瘘术
39.4200x001 为肾透析的动静脉瘘修补术
39.4900x004 动静脉造瘘术后人工血管血栓切除术
39.5000x025 上肢静脉球囊扩张成形术
39.5000x032 动静脉造瘘后球囊扩张(用于肾透析)
39.5300x016 人工动静脉瘘修补术
54.9300x004 腹膜透析腹腔法置管术
54.9300x005 腹膜透析腹腔镜法置管术
54.9300x009 腹膜透析置管腹腔镜法复位术",1.37,13221.09,,,6
144,KE19,减重手术,"E16.803 代谢综合征
E66.900 肥胖症
E79.001 高尿酸血症
E88.901 代谢障碍",43.8200 腹腔镜垂直（袖状）胃切除术,4.88,47037,,,6
145,OE15,异位妊娠手术，不伴严重合并症或并发症,"O00.000 腹腔妊娠
O00.100 输卵管妊娠
O00.101 输卵管妊娠流产
O00.102 输卵管妊娠破裂
O00.104 输卵管壶腹部妊娠
O00.105 输卵管壶腹部妊娠流产
O00.106 输卵管壶腹部妊娠破裂
O00.107 输卵管间质部妊娠
O00.109 输卵管间质部妊娠破裂
O00.200 卵巢妊娠
O00.201 卵巢妊娠破裂
O00.803 宫颈妊娠
O00.807 子宫瘢痕处妊娠
O00.809 子宫角妊娠
O00.900 异位妊娠","65.2501 腹腔镜卵巢病损切除术
66.0103 腹腔镜输卵管妊娠切开去除术
66.4x02 腹腔镜单侧输卵管切除术
66.5102 腹腔镜双侧输卵管切除术
66.6200x003 输卵管部分切除伴输卵管妊娠物去除术
66.6200x004 腹腔镜下输卵管部分切除伴输卵管妊娠物去除术
66.6201 腹腔镜输卵管切除伴输卵管妊娠去除术
74.3x00x012 腹腔镜下卵巢切开胚胎清除术
74.3x00x016 宫腔镜下子宫颈娠清除术
74.3x00x017 宫腔镜下子宫角妊娠清除术
74.3x00x018 宫腔镜下子宫瘢痕妊娠清除术
74.3x04 子宫瘢痕妊娠清除术
74.3x05 腹腔镜腹腔妊娠清除术
74.3x06 腹腔镜子宫角妊娠清除术
74.3x08 腹腔镜子宫瘢痕妊娠清除术",0.95,9172.33,,,3
146,KD15,甲状腺、甲状旁腺大手术，不伴合并症或并发症,"C73.x00 甲状腺恶性肿瘤
D34.x00 甲状腺良性肿瘤
D34.x00x003 胸骨后甲状腺良性肿瘤
D44.000x001 甲状腺交界性肿瘤
D44.001 甲状腺肿瘤
E04.101 甲状腺结节
E04.900x001 甲状腺肿
E04.901 胸骨后甲状腺肿
E04.902 结节性甲状腺肿
E04.903 胸骨后结节性甲状腺肿
E05.301 异位甲状腺肿
E06.304 桥本甲状腺炎
E07.901 甲状腺肿物
Q89.203 异位甲状腺","06.2x00 单侧甲状腺叶切除术
06.2x01 腔镜下单侧甲状腺切除术
06.2x02 单侧甲状腺切除伴甲状腺峡部切除术
06.2x03 单侧甲状腺切除伴他叶部分切除术
06.2x04 单侧甲状腺切除伴峡部和其他叶部分切除术
06.3900x003 单侧甲状腺部分切除术
06.3900x004 单侧甲状腺次全切除术
06.3900x012 双侧甲状腺部分切除术
06.3900x013 双侧甲状腺次全切除术
06.3903 异位甲状腺切除术
06.3905 甲状腺峡部切除术
06.3908 腔镜下甲状腺部分切除术
06.4x00 甲状腺全部切除术
06.4x02 腔镜下甲状腺全部切除术
06.5100 胸骨下甲状腺部分切除术
06.5101 胸骨后甲状腺病损切除术
06.5200 胸骨下甲状腺全部切除术",2.21,21319.75,,,7
147,FJ19,心血管系统其他手术,"D15.101 心房良性肿瘤
I48.000 阵发性心房颤动
I48.100 持续性心房颤动
I48.900x003 心房扑动
I48.900x004 心房颤动[心房纤颤]
I51.901 心脏肿物","37.3104 胸腔镜下心包病损切除术
37.3701 胸腔镜下心房病损切除术
37.3704 胸腔镜下心脏病损切除术
37.9000x001 经皮左心耳封堵术",13.25,127610.81,,,11
148,IE53,上肢骨手术，伴一般合并症或并发症,"M84.100x021 肱骨骨折不连接
M84.100x031 尺骨骨折不连接
S42.000 锁骨骨折
S42.000x021 锁骨干骨折
S42.000x031 锁骨肩峰端骨折
S42.100 肩胛骨骨折
S42.100x021 肩峰骨折
S42.100x042 肩关节盂骨折
S42.200x001 肱骨近端骨折
S42.200x041 肱骨大结节骨折
S42.200x092 肱骨近端多发性骨折
S42.202 肱骨外科颈骨折
S42.203 肱骨头骨折
S42.300 肱骨干骨折
S42.400x001 肱骨远端骨折
S42.400x042 肱骨外上髁骨折
S42.400x093 肱骨小头骨折
S42.401 肱骨髁上骨折
S42.403 肱骨髁间骨折
S42.404 肱骨内髁骨折
S42.410 开放性肱骨下端骨折
S52.000x001 肘关节骨折
S52.000x002 尺骨近端骨折
S52.000x021 尺骨冠突骨折
S52.001 鹰嘴骨折
S52.010 开放性尺骨上端骨折
S52.011 开放性鹰嘴骨折
S52.100x001 桡骨近端骨折
S52.101 桡骨头骨折
S52.200 尺骨干骨折
S52.300 桡骨干骨折
S52.300x011 盖氏骨折
S52.310 开放性桡骨干骨折
S52.400x001 桡尺骨骨干骨折
S52.500x001 桡骨远端骨折
S52.500x021 巴顿骨折
S52.600x001 尺骨远端骨折伴桡骨远端骨折
S52.600x002 尺骨茎突骨折伴桡骨远端骨折
S52.610 开放性尺骨桡骨远端骨折
S52.804 尺骨下端骨折
S52.811 开放性桡骨骨折
Z47.000x002 取出内固定装置","78.1301 桡骨外固定术
78.4101 肩胛骨成形术
79.0100x001 肱骨骨折闭合复位术
79.0201 桡骨骨折闭合性复位术
79.1100x002 肱骨骨折闭合复位钢针内固定术
79.1100x003 肱骨骨折闭合复位螺钉内固定术
79.1100x004 肱骨骨折闭合复位髓内针内固定术
79.1200x004 桡骨骨折闭合复位钢针内固定术
79.1200x007 尺骨骨折闭合复位髓内针内固定术
79.1200x008 桡骨骨折闭合复位髓内针内固定术
79.1200x010 桡骨骨折闭合复位钢板内固定术
79.1201 桡骨骨折闭合复位内固定术
79.3100x005 肱骨骨折切开复位钢板内固定术
79.3100x006 肱骨骨折切开复位螺钉内固定术
79.3100x007 肱骨骨折切开复位髓内针内固定术
79.3101 肱骨骨折切开复位内固定术
79.3200x001 尺骨骨折切开复位钢板内固定术
79.3200x009 尺骨骨折切开复位螺钉内固定术
79.3200x010 尺骨骨折切开复位钢针内固定术
79.3200x011 桡骨骨折切开复位钢板内固定术
79.3200x012 桡骨骨折切开复位螺钉内固定术
79.3200x013 桡骨骨折切开复位髓内针内固定术
79.3200x014 桡骨骨折切开复位钢针内固定术
79.3201 桡骨骨折切开复位内固定术
79.3202 尺骨骨折切开复位内固定术
79.3900x028 肩胛骨骨折切开复位螺钉内固定术
79.3900x030 肩胛骨骨折切开复位钢针内固定术
79.3900x042 锁骨骨折切开复位钢针内固定术
79.3900x044 肩胛骨骨折切开复位钢板内固定术
79.3900x051 锁骨骨折切开复位钢板内固定术
79.3902 肩胛骨骨折切开复位内固定术
79.3904 锁骨骨折切开复位内固定术",2.04,19614.51,,,11
149,ZZ15,多发性重要创伤无手术，不伴严重合并症或并发症,"S02.100 颅底骨骨折
S02.911 开放性颅骨骨折
S06.200x011 弥散性大脑损伤伴出血
S06.200x031 多发性大脑内出血
S06.200x081 多发性大脑挫裂伤
S06.202 脑挫伤
S06.300x011 局灶性大脑挫伤伴出血
S06.300x021 局灶性小脑挫伤伴出血
S06.300x031 局灶性大脑挫伤伴血肿
S06.300x081 局灶性大脑挫裂伤
S06.401 创伤性闭合性硬膜外血肿
S06.500 创伤性硬膜下出血
S06.500x002 创伤性硬脑膜下血肿
S06.500x004 急性创伤性硬脑膜下血肿
S06.500x006 亚急性创伤性硬脑膜下血肿
S06.501 创伤性急性硬膜下出血
S06.502 创伤性慢性硬膜下血肿
S06.600 创伤性蛛网膜下出血
S06.600x002 创伤性蛛网膜下腔血肿
S06.800x004 创伤性小脑血肿
S06.800x005 创伤性小脑挫伤
S06.801 创伤性小脑出血
S06.900 颅内损伤
S06.910 开放性颅内损伤
S12.000x002 寰椎骨折
S12.200x051 颈椎骨折C7
S12.700 颈椎多处骨折
S13.100x032 颈椎脱位C3/C4
S13.102 寰枢椎半脱位
S14.002 颈部脊髓震荡
S14.101 颈部脊髓损伤
S22.000x003 胸椎压缩性骨折
S22.000x007 胸椎横突骨折
S22.000x021 胸椎骨折T3/T4
S22.000x031 胸椎骨折T5/T6
S22.000x041 胸椎骨折T7/T8
S22.000x051 胸椎骨折T9/T10
S22.000x061 胸椎骨折T11/T12
S22.100 胸椎多处骨折
S22.300 肋骨骨折
S22.400 肋骨多处骨折
S22.400x011 肋骨多发性骨折伴第一肋骨骨折
S22.400x021 两根肋骨骨折不伴第一肋骨骨折
S22.400x031 三根肋骨骨折不伴第一肋骨骨折
S22.400x041 四根以上肋骨骨折不伴第一肋骨骨折
S26.000x001 创伤性心包积血
S27.000 创伤性气胸
S27.100 创伤性血胸
S27.200 创伤性血气胸
S27.301 肺挫伤
S32.000x002 腰椎压缩性骨折
S32.000x011 腰椎骨折L1
S32.000x021 腰椎骨折L2
S32.000x031 腰椎骨折L3
S32.000x051 腰椎骨折L5
S32.300 髂骨骨折
S32.400 髋臼骨折
S32.701 多发性骨盆骨折
S32.702 多发性腰椎骨折
S32.802 骨盆骨折
S36.000 脾损伤
S36.002 创伤性脾破裂
S36.100x001 肝损伤
S36.100x011 肝挫伤
S36.100x013 创伤性肝血肿
S36.102 创伤性肝破裂
S37.001 创伤性肾破裂
S37.002 肾挫伤
S42.200x001 肱骨近端骨折
S42.200x041 肱骨大结节骨折
S42.202 肱骨外科颈骨折
S42.300 肱骨干骨折
S52.001 鹰嘴骨折
S52.101 桡骨头骨折
S52.300 桡骨干骨折
S52.500x001 桡骨远端骨折
S52.600x001 尺骨远端骨折伴桡骨远端骨折
S52.600x002 尺骨茎突骨折伴桡骨远端骨折
S62.100x021 三角骨骨折
S62.100x071 钩骨骨折
S72.000 股骨颈骨折
S72.101 股骨粗隆间骨折
S72.400x012 股骨内髁骨折
S72.900 股骨骨折
S82.000 髌骨骨折
S82.100x012 胫骨平台伴腓骨骨折
S82.100x081 胫骨近端骨折
S82.100x087 胫骨平台骨折
S82.100x088 胫骨平台伴髁间骨折
S82.300x011 胫骨远端骨折伴腓骨骨折
S82.400x001 腓骨骨折
S82.400x012 腓骨头骨折
S82.600 外踝骨折
S82.800x082 踝关节骨折","/
00.6800x001 肢体动脉血管内压力测量
03.3101 腰椎穿刺术
24.0x02 牙龈切开引流术
29.1100x002 纤维鼻咽镜检查
33.2403 纤维支气管镜检查伴肺泡灌洗术
34.0401 胸腔闭式引流术
34.9103 超声引导下胸腔穿刺术
38.9100 动脉导管插入术
54.9105 腹腔穿刺术
86.2800x012 皮肤和皮下组织非切除性清创
93.4400x003 股骨牵引
93.4404 股骨髁上牵引
93.4406 胫骨结节牵引
93.4600x001 皮牵引
93.5300x001 石膏绷带固定
93.5401 石膏夹板固定
93.5402 石膏托固定术
95.0400 麻醉下眼检查
97.1400x001 外固定置换",0.78,7541.85,,,8
150,IE35,除股骨以外的下肢骨手术，不伴合并症或并发症,"D16.304 趾骨良性肿瘤
M10.900x093 痛风石
M20.100x002 后天性(足母)外翻
M20.301 后天性踇内翻
M77.300 跟骨骨刺
M84.100x062 胫骨骨折不连接
M84.100x073 踝关节骨折不连接
M86.607 足慢性化脓性骨髓炎
M86.914 足部骨髓炎
M86.915 趾骨骨髓炎
M86.916 跟骨骨髓炎
M87.204 创伤后趾骨坏死
M89.813 足副舟骨痛
M89.910 腓骨肿物
Q66.600 足的其他先天性外翻变形
Q70.900x002 并趾
S32.000x011 腰椎骨折L1
S82.000 髌骨骨折
S82.010 开放性髌骨骨折
S82.100x011 胫骨近端骨折伴腓骨骨折
S82.100x012 胫骨平台伴腓骨骨折
S82.100x084 胫骨髁骨折
S82.100x085 胫骨髁间棘骨折
S82.100x087 胫骨平台骨折
S82.100x088 胫骨平台伴髁间骨折
S82.100x089 胫骨结节骨折
S82.101 闭合性胫骨平台骨折
S82.110 开放性胫骨上端骨折
S82.200x011 胫骨干骨折伴腓骨骨折
S82.200x081 胫骨干骨折
S82.201 胫腓骨干骨折
S82.210 开放性胫骨骨干骨折
S82.211 开放性胫骨骨折
S82.212 开放性胫腓骨干骨折
S82.300x011 胫骨远端骨折伴腓骨骨折
S82.300x081 胫骨远端骨折
S82.300x083 Pilon骨折
S82.301 胫腓骨下端骨折
S82.310 开放性胫骨下端骨折
S82.311 开放性胫腓骨下端骨折
S82.400x001 腓骨骨折
S82.401 腓骨干骨折
S82.410 开放性腓骨骨折
S82.500 内踝骨折
S82.501 胫骨骨折累及踝关节
S82.510 开放性内踝骨折
S82.600 外踝骨折
S82.601 腓骨骨折累及踝关节
S82.610 开放性外踝骨折
S82.710 开放性多发性小腿骨折
S82.800x082 踝关节骨折
S82.801 三踝骨折
S82.802 双踝骨折
S82.811 开放性三踝骨折
S92.000 跟骨骨折
S92.202 足舟状骨骨折
S92.203 楔状骨骨折(足)
S92.300 跖骨骨折
S92.300x003 跖骨基底骨折
S92.310 开放性跖骨骨折
S92.400 拇趾骨折
S92.410 开放性拇趾骨折
S92.500x001 趾骨骨折
S92.510 开放性特指趾骨骨折
S92.700 足多处骨折
S92.710 开放性多发性足骨折
S93.300x031 跗跖关节骨折脱位[Lisfranc骨折脱位]
T84.604 骨折内固定物植入感染","77.1701 胫骨切开引流术
77.2900x005 趾骨截骨术
77.3907 趾骨切断术
77.5100 ??囊肿切除术伴软组织矫正术和第一跖骨切开术
77.6702 腓骨病损切除术
77.6802 跖骨病损切除术
77.6900x007 跟骨病损切除术
77.6903 趾骨病损切除术
77.8900x028 副舟骨切除术
77.8904 趾骨部分切除术
78.1701 胫骨外固定术
78.3701 胫骨延长术
78.4802 跖骨成形术
78.5700x011 膝关节镜下后交叉韧带止点撕脱骨折固定术
78.5700x012 膝关节镜下胫骨髁间棘骨折固定术
79.0603 踝关节骨折闭合性复位术
79.0700x002 距骨骨折闭合复位术
79.1600x004 胫骨骨折闭合复位髓内针内固定术
79.1600x006 胫骨骨折闭合复位螺钉内固定术
79.1600x008 踝关节骨折闭合复位钢针内固定术
79.1600x012 胫骨骨折闭合复位钢板内固定术
79.1601 胫骨骨折闭合复位内固定术
79.1700x005 跖骨骨折闭合复位钢针内固定术
79.1700x009 跟骨骨折闭合复位钢针内固定术
79.1700x010 跟骨骨折闭合复位螺钉内固定术
79.1700x013 跟骨骨折闭合复位内固定术
79.1702 跖骨骨折闭合复位内固定术
79.1800x002 趾骨骨折闭合复位钢针内固定术
79.1900x005 髌骨骨折闭合复位空心钉内固定术
79.2601 胫骨骨折切开复位术
79.2603 踝关节骨折切开复位术
79.2801 趾骨骨折切开复位术
79.3600x009 踝关节骨折切开复位钢板内固定术
79.3600x010 踝关节骨折切开复位螺钉内固定术
79.3600x012 踝关节骨折切开复位钢针内固定术
79.3600x013 胫骨骨折切开复位钢板内固定术
79.3600x014 胫骨骨折切开复位螺钉内固定术
79.3600x015 胫骨骨折切开复位髓内针内固定术
79.3600x016 胫骨骨折切开复位钢针内固定术
79.3600x017 腓骨骨折切开复位钢板内固定术
79.3600x020 膝关节镜下前交叉韧带止点撕脱骨折复位固定术
79.3601 胫骨骨折切开复位内固定术
79.3602 腓骨骨折切开复位内固定术
79.3603 踝关节骨折切开复位内固定术
79.3604 髌骨骨折切开复位内固定术
79.3700x013 跟骨骨折切开复位钢板内固定术
79.3700x014 跟骨骨折切开复位螺钉内固定术
79.3700x015 跖骨骨折切开复位螺钉内固定术
79.3700x017 跖骨骨折切开复位钢针内固定术
79.3700x019 跖骨骨折切开复位钢板内固定术
79.3700x021 跟骨骨折切开复位内固定术
79.3700x022 楔骨骨折切开复位内固定术
79.3701 跗骨骨折切开复位内固定术
79.3702 跖骨骨折切开复位内固定术
79.3800x004 趾骨骨折切开复位钢针内固定术
79.3900x001 髌骨骨折切开复位张力带钢丝内固定术
79.3900x002 髌骨骨折切开复位螺钉内固定术
79.6600x001 踝骨开放性骨折清创术
79.6601 胫骨开放性骨折清创术
79.6702 跖骨开放性骨折清创术
79.6800 趾开放性骨折部位的清创术
84.1501 小腿截断术
86.8502 并趾矫正术",1.98,19076.05,,,11
151,KS15,糖尿病，不伴合并症或并发症,"E10.101 1型糖尿病性酮症酸中毒
E10.600x051 1型糖尿病伴血糖控制不佳
E10.900 1型糖尿病
E11.000 2型糖尿病伴有昏迷
E11.000x001 2型糖尿病性高渗性高血糖状态昏迷
E11.000x006 2型糖尿病性酮症酸中毒和乳酸性酸中毒并昏迷
E11.001 2型糖尿病性高渗性昏迷
E11.002 2型糖尿病性低血糖性昏迷
E11.003 2型糖尿病性酮症酸中毒昏迷
E11.100x051 2型糖尿病性酮症酸中毒和乳酸性酸中毒
E11.101 2型糖尿病性酮症酸中毒
E11.102 2型糖尿病性乳酸酸中毒
E11.103 2型糖尿病性酮症
E11.600x043 2型糖尿病性低血糖症
E11.600x051 2型糖尿病伴血糖控制不佳
E11.700x024 2型糖尿病性内脏脂肪沉积增加
E11.700x033 2型糖尿病伴多个并发症
E11.800 2型糖尿病伴有并发症
E11.900 2型糖尿病
E14.100 糖尿病伴有酮症酸中毒
E14.600x051 糖尿病伴血糖控制不佳
E14.900x001 糖尿病
R73.002 糖尿病前期","/
00.6800x001 肢体动脉血管内压力测量
04.8101 周围神经阻滞术
06.1101 超声引导下经皮甲状腺活组织检查术
17.912A0 电针治疗
17.91330 悬灸治疗
17.95420 中药熏药治疗
17.98422 经直肠中药滴入治疗
24.0x02 牙龈切开引流术
27.2300 唇活组织检查
29.1100x002 纤维鼻咽镜检查
31.4201 喉镜检查
38.9100 动脉导管插入术
38.9303 锁骨下静脉穿刺中心静脉置管术
38.9800x001 动脉穿刺术
42.2400x001 食管镜下活检
45.1300x004 胃-十二指肠镜检查
45.1600x001 胃十二指肠镜下活检
45.2302 电子结肠镜检查
54.9105 腹腔穿刺术
57.9400 留置导尿管的置入术",0.43,4149.86,,,7
152,IS23,除前臂、腕、手足外的损伤，伴一般合并症或并发症,"M22.200x001 髌股关节病
M22.201 髌骨关节病
M23.303 内侧半月板损伤
M23.308 半月板损伤
M23.811 膝关节粘连
M24.401 复发性肩关节脱位
M94.001 肋骨软骨炎
S22.200 胸骨骨折
S22.300 肋骨骨折
S22.300x011 第一肋骨骨折
S22.400 肋骨多处骨折
S22.400x011 肋骨多发性骨折伴第一肋骨骨折
S22.400x021 两根肋骨骨折不伴第一肋骨骨折
S22.400x031 三根肋骨骨折不伴第一肋骨骨折
S22.400x041 四根以上肋骨骨折不伴第一肋骨骨折
S42.000 锁骨骨折
S42.000x021 锁骨干骨折
S42.000x031 锁骨肩峰端骨折
S42.100 肩胛骨骨折
S42.100x021 肩峰骨折
S42.100x042 肩关节盂骨折
S42.200x001 肱骨近端骨折
S42.200x041 肱骨大结节骨折
S42.202 肱骨外科颈骨折
S42.203 肱骨头骨折
S42.300 肱骨干骨折
S42.400x001 肱骨远端骨折
S42.400x041 肱骨内上髁骨折
S42.400x092 肱骨滑车骨折
S42.401 肱骨髁上骨折
S42.410 开放性肱骨下端骨折
S43.000 肩关节脱位
S43.100 肩锁关节脱位
S43.400x001 肩关节扭伤
S43.400x005 肩关节盂唇损伤
S46.002 肩袖损伤
S46.101 二头肌长头肌腱损伤
S46.800x002 冈上肌肌肉损伤
S46.800x003 冈上肌肌腱损伤
S52.000x001 肘关节骨折
S52.001 鹰嘴骨折
S73.101 髋扭伤
S79.902 髋周软组织损伤
S81.901 小腿撕脱伤
S82.000 髌骨骨折
S82.100x012 胫骨平台伴腓骨骨折
S82.100x081 胫骨近端骨折
S82.100x084 胫骨髁骨折
S82.100x085 胫骨髁间棘骨折
S82.100x087 胫骨平台骨折
S82.100x088 胫骨平台伴髁间骨折
S82.100x089 胫骨结节骨折
S82.101 闭合性胫骨平台骨折
S82.200x011 胫骨干骨折伴腓骨骨折
S82.201 胫腓骨干骨折
S82.300x011 胫骨远端骨折伴腓骨骨折
S82.300x081 胫骨远端骨折
S82.301 胫腓骨下端骨折
S82.310 开放性胫骨下端骨折
S82.311 开放性胫腓骨下端骨折
S82.400x001 腓骨骨折
S82.400x011 腓骨近端骨折
S82.400x012 腓骨头骨折
S82.411 开放性腓骨干骨折
S82.500 内踝骨折
S82.501 胫骨骨折累及踝关节
S82.600 外踝骨折
S82.601 腓骨骨折累及踝关节
S82.800x081 踝骨骨折
S82.800x082 踝关节骨折
S82.801 三踝骨折
S82.802 双踝骨折
S83.100 膝关节脱位
S83.101 膝关节半脱位
S83.200x001 膝半月板撕裂
S83.200x005 膝内侧半月板撕裂
S83.202 膝外侧半月板损伤
S83.400x003 膝关节副韧带损伤
S83.400x012 膝关节外侧副韧带损伤
S83.400x022 膝关节内侧副韧带损伤
S83.500x003 膝关节十字韧带损伤
S83.500x012 膝关节前十字韧带损伤
S83.500x031 膝关节前十字韧带部分断裂
S83.500x032 膝关节前十字韧带完全断裂
S83.600x002 膝关节损伤
S83.601 膝关节扭伤
S83.700x006 膝关节多处韧带损伤
S86.300x004 腓肠肌断裂
S92.100 距骨骨折
S93.200x004 踝距腓前韧带断裂
S93.400x002 踝关节损伤
S93.400x012 踝三角韧带损伤
S93.401 踝关节扭伤
T13.001 下肢血肿
T13.501 下肢肌肉损伤","/
17.912A0 电针治疗
17.91330 悬灸治疗
29.1100x002 纤维鼻咽镜检查
34.0401 胸腔闭式引流术
34.9103 超声引导下胸腔穿刺术
45.1300x004 胃-十二指肠镜检查
86.2800x012 皮肤和皮下组织非切除性清创
93.4407 跟骨牵引术
93.5300x001 石膏绷带固定
93.5401 石膏夹板固定
93.5402 石膏托固定术
93.5403 肢体夹板固定术",0.63,6072.5,,,8
153,CB29,玻璃体、视网膜、脉络膜联合晶状体手术,"E11.300x031+H36.0* 2型糖尿病性增殖性视网膜病
E11.300x034+H36.0* 2型糖尿病性增殖性玻璃体出血性视网膜病
E11.300x047+H36.0* 2型糖尿病性视网膜增厚性视网膜病
E11.300x053+H36.0* 2型糖尿病性牵拉性视网膜脱离
E11.301+H36.0* 2型糖尿病性视网膜病变
H25.900 老年性白内障
H26.100 外伤性白内障
H26.200 并发性白内障
H27.000 无晶状体
H27.100 晶状体脱位
H33.000x006 脉络膜脱离型视网膜脱离
H33.000x007 黄斑裂孔性视网膜脱离
H33.001 孔源性视网膜脱离
H33.200x004 渗出性视网膜脱离
H33.500 视网膜脱离,其他的
H34.100 视网膜中央动脉阻塞
H34.801 视网膜分支静脉阻塞
H34.802 视网膜静脉阻塞
H35.300x011 湿性年龄相关性黄斑变性
H35.303 黄斑裂孔
H35.306 黄斑前膜
H40.501 新生血管性青光眼
H43.001 玻璃体疝
H43.100 玻璃体积血
H43.900 玻璃体疾患
H44.000x005 眼内炎
H59.800x009 玻璃体切除术后视网膜脱离
H59.800x013 玻璃体内晶状体皮质残留
S05.200x003 外伤性玻璃体嵌顿
S05.204 角膜穿通伤伴玻璃体嵌顿
S05.500x001 眼内异物
S05.806 创伤性晶状体脱位
T15.800x001 眼球异物
T85.202 人工晶体移位
Z48.801 取出眼内硅油","12.6400x003 滤帘切除术[小梁切除术]
13.4100x001 白内障超声乳化抽吸术
14.2402 视网膜病损激光凝固术
14.7100x001 前入路玻璃体切除术
14.7300x001 前入路玻璃体切割术
14.7401 后入路玻璃体切割术
14.7903 玻璃体药物注射术",1.53,14734.95,,,2
154,HT25,急性胰腺炎，不伴合并症或并发症,"K85.000 特发性急性胰腺炎
K85.001 急性特发性胰腺炎，轻症
K85.100 胆汁型急性胰腺炎
K85.101 急性胆源型胰腺炎，轻症
K85.200 酒精性急性胰腺炎
K85.201 急性酒精性胰腺炎，轻症
K85.803 急性复发性胰腺炎，轻症
K85.807 急性水肿性胰腺炎，轻症
K85.900 急性胰腺炎
K85.900x002 急性轻症胰腺炎
K85.900x003 慢性胰腺炎急性发作","/
17.91110 头针治疗
17.912A0 电针治疗
17.91330 悬灸治疗
17.98410 直肠滴注治疗
17.98422 经直肠中药滴入治疗
18.1100 耳镜检查
38.9100 动脉导管插入术
38.9302 颈内静脉穿刺中心静脉置管术
44.1300x001 胃镜检查
44.1301 超声内镜下胃检查
44.1401 胃镜下活组织检查
45.1300x004 胃-十二指肠镜检查
45.1600x001 胃十二指肠镜下活检
45.2302 电子结肠镜检查
45.2501 结肠镜下大肠活组织检查
52.1900x001 超声内镜下胰腺检查
54.9101 腹腔穿刺引流术
59.9901 输尿管支架置换术",0.63,6080.92,,,6
155,DS13,平衡失调及听觉障碍，伴合并症或并发症,"H81.000 梅尼埃［美尼尔］病
H81.100 良性阵发性眩晕
H81.200 前庭神经元炎
H81.302 耳源性眩晕
H81.303 前庭周围性眩晕
H81.400 中枢性眩晕
H81.800 前庭功能的其他疾患
H81.900 前庭功能疾患
H81.901 眩晕综合征
H90.300 双侧感音神经性听觉丧失
H90.400 单侧感音神经性听觉丧失，对侧听觉不受限制
H90.502 非综合征性耳聋
H91.200 突发特发性听觉丧失
H91.200x001 突发性聋
H93.100 耳鸣
H93.102 神经性耳鸣","/
03.3101 腰椎穿刺术
17.91110 头针治疗
17.91330 悬灸治疗
17.91350 温针灸治疗
17.95420 中药熏药治疗
18.1100 耳镜检查
29.1100x002 纤维鼻咽镜检查
31.4200x003 纤维喉镜检查
45.1300x004 胃-十二指肠镜检查
45.2302 电子结肠镜检查
93.3908 中药贴敷
95.4601 前庭功能检查",0.58,5570.47,,,6
156,NB19,女性生殖系统重建手术,"N81.101 阴道前壁脱垂
N81.201 Ⅰ度子宫脱垂
N81.202 Ⅱ度子宫脱垂
N81.203 宫颈脱垂
N81.300 完全性子宫阴道脱垂
N81.301 Ⅲ度子宫脱垂
N81.400 子宫阴道脱垂
N81.600 直肠膨出
N81.601 阴道后壁脱垂
N81.602 阴道后壁脱垂伴直肠膨出
N81.801 陈旧性会阴裂伤
N81.802 阴道前后壁脱垂
N81.803 阴道松弛
N85.001 子宫内膜单纯性增生
N90.601 阴唇肥大
N99.800x010 子宫切口憩室
N99.807 阴道残端出血
Q52.700x003 先天性阴唇肥厚
Q52.702 女性外阴发育异常","69.2200x007 腹腔镜下子宫-骶韧带高位悬吊术
69.2200x008 腹腔镜下子宫-骶棘韧带固定术
69.2200x009 腹腔镜下子宫-骶前固定术
69.2200x010 经阴道子宫-骶棘韧带固定术
69.2200x016 腹腔镜下阴道-骶韧带高位悬吊术
69.2200x017 腹腔镜下阴道-骶棘韧带固定术
69.2200x018 腹腔镜下阴道-骶前固定术
69.2200x019 经阴道阴道-骶棘韧带固定术
69.2200x022 阴道-骶棘韧带固定术
69.2210 腹腔镜高位宫骶韧带悬吊术
69.2212 腹腔镜子宫悬吊术
69.4903 腹腔镜子宫修补术
70.5001 阴道前后壁修补术
70.5200 直肠膨出修补术
70.5201 阴道后壁修补术
70.5305 全盆底重建术
70.7700x004 腹腔镜下阴道悬吊术
70.7903 阴道缩窄术
70.7905 阴道残端缝合术
71.7900x001 会阴陈旧性产科裂伤修补术
71.7900x008 小阴唇成形术
71.7900x011 前盆底重建术
71.7900x013 阴唇成形术
71.7901 外阴成形术
71.7904 会阴陈旧性裂伤修补术",1.82,17485,,,7
157,BE21,神经介入治疗，伴严重合并症或并发症,"G45.800x004 锁骨下盗血综合征伴锁骨下动脉狭窄
G45.801 锁骨下动脉盗血综合征
I60.000x002 颈内动脉分叉段动脉瘤破裂伴蛛网膜下腔出血
I60.000x003 颈内动脉眼动脉段动脉瘤破裂伴蛛网膜下腔出血
I60.000x008 颈内动脉背侧动脉瘤破裂伴蛛网膜下腔出血
I60.001 颈动脉动脉瘤破裂伴蛛网膜下隙出血
I60.101 大脑中动脉瘤破裂伴蛛网膜下腔出血
I60.200x003 大脑前动脉近侧段(A1)动脉瘤破裂伴蛛网膜下腔出血
I60.200x005 大脑前动脉远侧段(A2-A5)动脉瘤破裂伴蛛网膜下腔出血
I60.201 前交通动脉瘤破裂伴蛛网膜下腔出血
I60.301 后交通动脉瘤破裂伴蛛网膜下腔出血
I60.401 基底动脉瘤破裂伴蛛网膜下腔出血
I60.500x003 椎动脉动脉瘤破裂伴蛛网膜下腔出血
I60.600x001 大脑后动脉动脉瘤破裂伴蛛网膜下腔出血
I60.600x006 多发颅内动脉瘤破裂伴蛛网膜下腔出血
I60.601 小脑后下动脉动脉瘤破裂伴蛛网膜下隙出血
I63.001 基底动脉血栓形成脑梗死
I63.102 颈动脉栓塞脑梗死
I63.201 颈内动脉狭窄脑梗死
I63.203 颈动脉狭窄脑梗死
I63.204 颈动脉闭塞脑梗死
I63.205 基底动脉闭塞脑梗死
I63.206 基底动脉狭窄脑梗死
I63.207 椎动脉闭塞脑梗死
I63.208 椎动脉狭窄脑梗死
I63.402 大脑动脉栓塞引起脑梗死
I63.501 大脑动脉狭窄脑梗死
I63.502 大脑动脉闭塞脑梗死
I63.902 大面积脑梗死
I63.903 出血性脑梗死
I63.904 小脑梗死
I63.905 多发性脑梗死
I65.001 椎动脉狭窄
I65.002 椎动脉闭塞
I65.200x001 颈动脉狭窄
I65.201 颈内动脉狭窄
I65.202 颈总动脉狭窄
I65.203 颈内动脉闭塞
I66.002 大脑中动脉闭塞
I67.100x005 脑膜动静脉瘘
I67.100x010 颅内多发动脉瘤
I67.100x011 脉络膜前动脉瘤
I67.100x017 颅内巨大动脉瘤
I67.100x019 颈内动脉分叉段动脉瘤
I67.100x020 大脑前-前交通动脉瘤
I67.100x021 大脑前动脉近侧段(A1)动脉瘤
I67.100x030 小脑后下动脉动脉瘤
I67.103 后交通动脉瘤
I67.106 颈内动脉海绵窦瘘
I67.107 前交通动脉瘤
I67.108 大脑中动脉瘤
I67.110 颅内动脉瘤
I72.000 颈动脉瘤伴夹层
I72.000x023 颈内动脉夹层
I72.000x034 颈内动脉海绵窦段动脉瘤
I72.000x035 颈内动脉床突段动脉瘤
I72.000x036 颈内动脉眼动脉段动脉瘤
I72.002 颈内动脉瘤
I72.004 颈内动脉颅内段动脉瘤
I72.005 颈动脉夹层
I72.500x001 基底动脉瘤
I72.600x002 椎动脉动脉瘤
Q28.202 先天性硬脑膜动静脉瘘","00.6101 经皮颈动脉球囊扩张成形术
00.6102 经皮椎动脉球囊扩张成形术
00.6200x005 经皮大脑中动脉球囊扩张成形术
00.6200x006 经皮大脑前动脉球囊扩张成形术
00.6200x007 经皮大脑后动脉球囊扩张成形术
00.6200x008 经皮椎动脉颅内段球囊扩张成形术
00.6200x009 经皮颈内动脉颅内段球囊扩张成形术
00.6201 经皮基底动脉球囊扩张成形术
00.6202 经皮交通动脉血管球囊扩张成形术
00.6300 颈动脉支架经皮置入术
00.6300x006 经皮颈动脉覆膜支架置入术
00.6400x009 经皮椎动脉支架置入术
00.6500x008 经皮颅内动脉支架置入术
00.6500x010 经皮颅内动脉远端保护装置置入术
00.6501 经皮大脑中动脉支架置入术
39.7200x007 硬脑膜动静脉瘘栓塞术（DAVF）
39.7203 经导管颅内动脉瘤栓塞术
39.7205 经导管颅内动脉瘤支架辅助栓塞术
39.7206 经导管颈动脉瘤栓塞术
39.7208 经导管颈动脉瘤支架辅助栓塞术
39.7216 经导管颈内动脉海绵窦瘘栓塞术
39.7400x002 经皮颅内动脉取栓术
39.7401 经导管颅内血管血栓去除术
39.7503 经导管颅内动脉瘤裸弹簧圈栓塞术
39.7506 经导管椎动脉裸弹簧圈栓塞术
39.9008 锁骨下动脉支架置入术",12.2,117510.89,,,14
158,GU23,其他消化道溃疡，伴一般合并症或并发症,"K22.100 食管溃疡
K22.103 食管糜烂
K25.000 急性胃溃疡伴有出血
K25.000x002 急性胃黏膜病变伴出血
K25.400x001 胃溃疡伴出血
K25.400x002 胃窦部溃疡伴出血
K25.401 幽门溃疡伴出血
K25.700 慢性胃溃疡不伴有出血或穿孔
K25.900x001 胃溃疡
K26.000 急性十二指肠溃疡伴有出血
K26.001 急性十二指肠球部溃疡并出血
K26.400 慢性十二指肠溃疡伴有出血
K26.400x003 十二指肠糜烂出血
K26.401 十二指肠球部溃疡伴出血
K26.900x001 十二指肠溃疡
K26.900x002 十二指肠球部溃疡
K27.000 急性消化性溃疡伴有出血
K27.400x002 复合性溃疡伴出血
K27.400x004 消化性溃疡伴出血
K27.900x001 多发性复合性溃疡
K27.900x002 复合性溃疡
K27.901 消化性溃疡
K28.400x002 吻合口溃疡伴出血
K28.900x001 吻合口溃疡
K63.302 小肠溃疡
K63.305 结肠溃疡
K63.307 直肠乙状结肠溃疡","/
17.91330 悬灸治疗
38.9100 动脉导管插入术
38.9302 颈内静脉穿刺中心静脉置管术
38.9800x001 动脉穿刺术
38.9900x501 锁骨下静脉穿刺术
41.3100 骨髓活组织检查
42.2300x001 食管镜检查
42.2400x001 食管镜下活检
44.1300x001 胃镜检查
44.1401 胃镜下活组织检查
45.1300x004 胃-十二指肠镜检查
45.1301 十二指肠镜检查术
45.1302 胶囊内镜检查术
45.1600x001 胃十二指肠镜下活检
45.2302 电子结肠镜检查
45.2501 结肠镜下大肠活组织检查
50.1100x001 超声引导下肝穿刺活检
96.0800x004 鼻空肠营养管置入术",0.72,6899.65,,,7
159,GU25,其他消化道溃疡，不伴合并症或并发症,"K22.100 食管溃疡
K22.103 食管糜烂
K25.000 急性胃溃疡伴有出血
K25.000x002 急性胃黏膜病变伴出血
K25.400x001 胃溃疡伴出血
K25.400x002 胃窦部溃疡伴出血
K25.401 幽门溃疡伴出血
K25.700 慢性胃溃疡不伴有出血或穿孔
K25.900x001 胃溃疡
K26.000 急性十二指肠溃疡伴有出血
K26.001 急性十二指肠球部溃疡并出血
K26.400 慢性十二指肠溃疡伴有出血
K26.400x003 十二指肠糜烂出血
K26.401 十二指肠球部溃疡伴出血
K26.900x001 十二指肠溃疡
K26.900x002 十二指肠球部溃疡
K27.000 急性消化性溃疡伴有出血
K27.400x002 复合性溃疡伴出血
K27.400x004 消化性溃疡伴出血
K27.900x001 多发性复合性溃疡
K27.900x002 复合性溃疡
K27.901 消化性溃疡
K28.400x002 吻合口溃疡伴出血
K28.900x001 吻合口溃疡
K63.302 小肠溃疡
K63.305 结肠溃疡
K63.307 直肠乙状结肠溃疡","/
17.91330 悬灸治疗
38.9100 动脉导管插入术
38.9302 颈内静脉穿刺中心静脉置管术
38.9800x001 动脉穿刺术
38.9900x501 锁骨下静脉穿刺术
41.3100 骨髓活组织检查
42.2300x001 食管镜检查
42.2400x001 食管镜下活检
44.1300x001 胃镜检查
44.1401 胃镜下活组织检查
45.1300x004 胃-十二指肠镜检查
45.1301 十二指肠镜检查术
45.1302 胶囊内镜检查术
45.1600x001 胃十二指肠镜下活检
45.2302 电子结肠镜检查
45.2501 结肠镜下大肠活组织检查
50.1100x001 超声引导下肝穿刺活检
96.0800x004 鼻空肠营养管置入术",0.55,5279.28,,,6
160,FM49,其他经皮心血管治疗,"I20.000 不稳定型心绞痛
I20.801 稳定型心绞痛
I20.803 劳力性心绞痛
I21.001 急性前壁心肌梗死
I21.004 急性广泛前壁心肌梗死
I21.103 急性下壁心肌梗死
I21.200x022 急性前间壁高侧壁心肌梗死
I21.204 急性高侧壁心肌梗死
I21.210 急性侧壁心肌梗死
I21.211 急性前壁下壁心肌梗死
I21.401 急性非ST段抬高型心肌梗死
I21.900 急性心肌梗死
I24.901 急性冠脉综合征
I25.103 冠状动脉粥样硬化性心脏病
I25.500 缺血性心肌病
I25.800x005 冠状动脉瘘
I26.900x001 肺栓塞
I26.900x009 慢性肺动脉栓塞
I26.900x010 急性肺栓塞
I33.000x004 感染性心内膜炎
I42.100 梗阻性肥厚型心肌病
I44.200 Ⅲ度房室传导阻滞
I44.201 高度房室传导阻滞
I49.500 病态窦房结综合征
Q24.507 先天性冠状动脉肺动脉瘘
T82.103 心脏起搏器电极移位","00.6600x004 经皮冠状动脉球囊扩张成形术
00.6601 经皮冠状动脉药物球囊血管内成形术
17.5500x003 经皮冠状动脉血栓抽吸术
36.9900x012 经皮冠状动脉瘘封堵术
37.3400x002 经皮室间隔心肌消融术（PTSMA）
37.7501 心脏起搏器电极调整术
37.7800 暂时性经静脉起搏器系统的置入
99.1007 肺动脉血栓溶解剂灌注",3.48,33536.5,,,6
161,XJ13,其他接触健康服务的诊断伴手术操作，伴合并症或并发症,"R10.200x001 盆腔痛
R13.x00 吞咽困难
R18.x00x001 包裹性腹腔积液
R18.x00x005 腹腔积液
R19.002 盆腔肿物
R59.901 淋巴结反应性增生
R60.001 下肢水肿
R60.900 水肿
R61.000 局限性多汗症
R61.001 手汗症
R61.900 多汗症
R87.900x001 子宫颈标本异常
T92.103 陈旧性肱骨骨折
T92.105 陈旧性尺骨骨折
T92.106 陈旧性桡骨骨折
T92.201 陈旧性腕骨骨折
T92.203 陈旧性手指骨折
T92.500x008 伸拇长肌腱损伤后遗症
T92.500x009 伸指肌腱损伤后遗症
T92.500x015 指屈肌腱粘连后遗症
T92.500x016 肩袖损伤后遗症
T92.503 创伤后手指屈曲畸形
T92.600x002 创伤性手指缺如
T92.600x003 创伤性上肢骨缺损
T93.102 陈旧性股骨颈骨折
T93.103 陈旧性股骨干骨折
T93.202 陈旧性髌骨骨折
T93.203 陈旧性胫骨骨折
T93.206 陈旧性踝关节骨折
T93.501 跟腱断裂后遗症
T93.800 下肢其他特指损伤的后遗症
Z09.000x001 手术后随诊检查
Z22.800 传染病病原携带者，其他的
Z30.103 安装子宫内节育器
Z30.503 取除子宫内节育器
Z41.800x002 处女膜修复
Z43.200 回肠造口维护
Z43.201 关闭回肠造口
Z43.301 关闭结肠造口
Z44.300 外部假乳房的安装和调整
Z45.201 取除下腔静脉滤器
Z45.202 取除输液港
Z45.803 取除胃内支架
Z45.805 取除胆管支架
Z51.400x002 随后治疗的准备医疗","05.0x01 胸腔镜下交感神经切断术
05.2904 胸腔镜下胸交感神经部分切除术
17.3600x001 腹腔镜下乙状结肠部分切除术
17.3900x002 腹腔镜下结肠部分切除术
38.7x04 下腔静脉滤器置入术
39.4902 下腔静脉滤器取出术
40.2100 深部颈淋巴结切除术
43.1900x003 永久性胃造口术
43.4105 内镜下胃息肉切除术
45.4302 内镜下结肠病损切除术
45.7901 结肠部分切除术
46.4101 回肠造口修复术
46.5100x002 回肠造口还纳术
46.5101 回肠造口闭合术
46.5200x006 结肠造口还纳术
51.6901 胆管病损切除术
54.2100 腹腔镜检查
54.5100x009 腹腔镜下盆腔粘连松解术
54.9900x010 腹腔镜下盆腔病损切除术
65.2501 腹腔镜卵巢病损切除术
65.6300 腹腔镜双侧卵巢和输卵管切除术
67.2x00 子宫颈锥形切除术
67.3904 子宫颈病损切除术
69.7x00 子宫内避孕装置置入
70.1202 腹腔镜女性盆腔脓肿引流术
70.7600 处女膜缝合术
74.1x01 剖宫产术，子宫下段横切口
77.2700x003 胫骨截骨术
79.1500x008 股骨骨折闭合复位螺钉内固定术
79.2601 胫骨骨折切开复位术
79.3200x011 桡骨骨折切开复位钢板内固定术
79.3202 尺骨骨折切开复位内固定术
79.3300x013 腕骨骨折切开复位空心钉内固定术
79.3400x005 指骨骨折切开复位钢板内固定术
79.3401 指骨骨折切开复位内固定术
79.3900x001 髌骨骨折切开复位张力带钢丝内固定术
81.5100 全髋关节置换
81.8300x008 肩关节镜下肩袖修补术
81.8400 肘关节全部置换
82.3601 手部肌肉清创术
82.4500x001 拇长伸肌腱缝合术
82.4500x013 伸指肌腱缝合术
82.9100x004 手指肌腱松解术
83.0903 软组织切开异物取出术
83.6402 跟腱缝合术
83.7700x020 上肢肌伸指功能重建伴肌移位术
84.0102 手指截断术，拇指除外
85.9600 乳房组织扩张器去除
86.0500x007 皮下引流装置取出术
86.0500x008 皮下植入装置取出术
86.3x13 颈部皮下组织病损切除术
86.7300x003 手带蒂皮瓣移植术
86.8900x011 残端皮肤修整术
88.4101 脑血管造影
88.5500 单根导管的冠状动脉造影术
88.6600x002 下肢静脉造影
97.5506 内镜下胆管支架取出术
97.5903 内镜下胃支架取出术",1.9,18305.01,,,8
162,EX25,百日咳及急性支气管炎，不伴合并症或并发症,"A37.900 百日咳
A37.901+J17.0* 百日咳肺炎
J20.000 肺炎支原体急性支气管炎
J20.100 流感嗜血杆菌急性支气管炎
J20.200 链球菌急性支气管炎
J20.800 急性支气管炎,其他特指病原体引起的
J20.900 急性支气管炎
J40.x00 支气管炎","/
17.91110 头针治疗
31.4201 喉镜检查
33.2400x002 支气管镜下诊断性支气管肺泡灌洗[BAL]
89.1400 脑电图",0.27,2620.61,,,5
163,JA25,乳房恶性肿瘤根治性切除术，不伴严重合并症或并发症,"C50.000x001 乳头恶性肿瘤
C50.100 乳房中央部恶性肿瘤
C50.200 乳房上内象限恶性肿瘤
C50.300 乳房下内象限恶性肿瘤
C50.400 乳房上外象限恶性肿瘤
C50.500 乳房下外象限恶性肿瘤
C50.800 乳房交搭跨越恶性肿瘤的损害
C50.801 乳腺恶性肿瘤，上部
C50.802 乳腺恶性肿瘤，下部
C50.803 乳腺恶性肿瘤，内侧
C50.804 乳腺恶性肿瘤，外侧
C50.900 乳房恶性肿瘤
D05.100 乳房导管原位癌
D05.900 乳房的原位癌","85.2100x003 乳房病损切除术
85.2100x019 乳房腺体区段切除术
85.2100x020 腔镜下乳房病损切除术
85.2100x023 腔镜下乳房腺体区段切除术
85.2300x001 乳腺局部扩大切除术
85.2301 乳腺部分切除术
85.3400x002 单侧皮下乳房切除术
85.3401 保留乳头的单侧皮下乳房切除术
85.4100x001 单侧乳房切除术
85.4300x003 单侧乳房切除伴同侧腋窝淋巴结活检术
85.4300x004 腔镜下单侧乳房改良根治术
85.4301 单侧乳腺改良根治术
85.4302 单侧保乳乳腺改良根治术
85.4500 单侧根治性乳房切除术
85.4500x001 单侧乳房根治性切除伴同侧腋窝前哨淋巴结活检术",2.03,19511.65,,,10
164,BZ15,神经系统其他疾病，不伴合并症或并发症,"E06.302+G94.8* 桥本脑病
E16.108+G94.8* 低血糖性脑病
E85.400x012 脑淀粉样变
E85.414+I68.0* 淀粉样变脑血管损害
G09.x00x001 脊髓炎后遗症
G24.300 痉挛性斜颈
G31.902 脑萎缩
G91.000 交通性脑积水
G91.802 硬脑膜下积液
G91.900 脑积水
G93.001 蛛网膜囊肿
G93.101 肺性脑病
G93.102 缺氧缺血性脑病
G93.200 良性颅内高压
G93.400 脑病
G93.400x008 自身免疫相关性脑病
G93.401 低颅压综合征
G93.402 脑白质病
G93.403 代谢性脑病
G93.800 脑其他特指的疾患
G93.800x007 胰性脑病
G93.805 脑钙化
G93.809 颅内静脉窦狭窄
G93.810 丘脑综合征
G93.902 脑肿物
G93.903 鞍区肿物
G96.000 脑脊液漏
G96.001 脑脊液鼻漏
G97.800x003 手术后肢体功能障碍
I69.000x002 蛛网膜下腔出血恢复期
I69.100x001 脑出血后遗症
I69.300 脑梗死后遗症
I69.300x002 陈旧性脑梗死
I69.300x003 脑梗死恢复期
M32.114+G94.8* 狼疮性脑病
R20.801 皮肤感觉障碍
R20.803 肢体麻木
R25.100 震颤
R25.100x002 上肢震颤
R25.800x001 不自主运动
R42.x00x001 眩晕
R42.x00x002 周期性眩晕
R42.x00x004 头晕
R56.000 发热性惊厥
R90.803 脑缺血灶
R90.804 脑软化灶
T80.600x007 急性透析性脑病
Z42.001 颅骨缺损修补","/
00.6800x001 肢体动脉血管内压力测量
03.3101 腰椎穿刺术
17.95710 中药塌渍治疗
18.1100 耳镜检查
27.2300 唇活组织检查
29.1100x002 纤维鼻咽镜检查
33.2400x001 支气管镜下支气管活检
33.2400x002 支气管镜下诊断性支气管肺泡灌洗[BAL]
33.2600x002 经皮针吸肺活检
34.0401 胸腔闭式引流术
38.9100 动脉导管插入术
38.9301 经外周静脉穿刺中心静脉置管术
38.9302 颈内静脉穿刺中心静脉置管术
38.9502 为肾透析的临时静脉插管术
40.1104 腹股沟淋巴结活组织检查
44.1300x001 胃镜检查
45.1300x004 胃-十二指肠镜检查
45.2302 电子结肠镜检查
89.1400 脑电图
89.1900x001 视频脑电图监测
89.3701 肺功能测定
89.3702 肺功能康复评定
95.0200 综合性眼检查
96.5100 眼冲洗术",0.41,3948.47,,,6
165,IE55,上肢骨手术，不伴合并症或并发症,"M84.100x021 肱骨骨折不连接
M84.100x031 尺骨骨折不连接
S42.000 锁骨骨折
S42.000x021 锁骨干骨折
S42.000x031 锁骨肩峰端骨折
S42.100 肩胛骨骨折
S42.100x021 肩峰骨折
S42.100x042 肩关节盂骨折
S42.200x001 肱骨近端骨折
S42.200x041 肱骨大结节骨折
S42.200x092 肱骨近端多发性骨折
S42.202 肱骨外科颈骨折
S42.203 肱骨头骨折
S42.300 肱骨干骨折
S42.400x001 肱骨远端骨折
S42.400x042 肱骨外上髁骨折
S42.400x093 肱骨小头骨折
S42.401 肱骨髁上骨折
S42.403 肱骨髁间骨折
S42.404 肱骨内髁骨折
S42.410 开放性肱骨下端骨折
S52.000x001 肘关节骨折
S52.000x002 尺骨近端骨折
S52.000x021 尺骨冠突骨折
S52.001 鹰嘴骨折
S52.010 开放性尺骨上端骨折
S52.011 开放性鹰嘴骨折
S52.100x001 桡骨近端骨折
S52.101 桡骨头骨折
S52.200 尺骨干骨折
S52.300 桡骨干骨折
S52.300x011 盖氏骨折
S52.310 开放性桡骨干骨折
S52.400x001 桡尺骨骨干骨折
S52.500x001 桡骨远端骨折
S52.500x021 巴顿骨折
S52.600x001 尺骨远端骨折伴桡骨远端骨折
S52.600x002 尺骨茎突骨折伴桡骨远端骨折
S52.610 开放性尺骨桡骨远端骨折
S52.804 尺骨下端骨折
S52.811 开放性桡骨骨折
Z47.000x002 取出内固定装置","78.1301 桡骨外固定术
78.4101 肩胛骨成形术
79.0100x001 肱骨骨折闭合复位术
79.0201 桡骨骨折闭合性复位术
79.1100x002 肱骨骨折闭合复位钢针内固定术
79.1100x003 肱骨骨折闭合复位螺钉内固定术
79.1100x004 肱骨骨折闭合复位髓内针内固定术
79.1200x004 桡骨骨折闭合复位钢针内固定术
79.1200x007 尺骨骨折闭合复位髓内针内固定术
79.1200x008 桡骨骨折闭合复位髓内针内固定术
79.1200x010 桡骨骨折闭合复位钢板内固定术
79.1201 桡骨骨折闭合复位内固定术
79.3100x005 肱骨骨折切开复位钢板内固定术
79.3100x006 肱骨骨折切开复位螺钉内固定术
79.3100x007 肱骨骨折切开复位髓内针内固定术
79.3101 肱骨骨折切开复位内固定术
79.3200x001 尺骨骨折切开复位钢板内固定术
79.3200x009 尺骨骨折切开复位螺钉内固定术
79.3200x010 尺骨骨折切开复位钢针内固定术
79.3200x011 桡骨骨折切开复位钢板内固定术
79.3200x012 桡骨骨折切开复位螺钉内固定术
79.3200x013 桡骨骨折切开复位髓内针内固定术
79.3200x014 桡骨骨折切开复位钢针内固定术
79.3201 桡骨骨折切开复位内固定术
79.3202 尺骨骨折切开复位内固定术
79.3900x028 肩胛骨骨折切开复位螺钉内固定术
79.3900x030 肩胛骨骨折切开复位钢针内固定术
79.3900x042 锁骨骨折切开复位钢针内固定术
79.3900x044 肩胛骨骨折切开复位钢板内固定术
79.3900x051 锁骨骨折切开复位钢板内固定术
79.3902 肩胛骨骨折切开复位内固定术
79.3904 锁骨骨折切开复位内固定术",1.68,16143.36,,,8
166,KQY,歧义组(MDCK),"C74.900 肾上腺恶性肿瘤
E03.900 甲状腺功能减退症
E05.001 弥漫性甲状腺肿伴甲状腺功能亢进症
E05.003 毒性弥漫性甲状腺肿
E05.203 自主性高功能性甲状腺腺瘤伴甲状腺功能亢进症
E05.500 甲状腺危象
E05.900x001 甲状腺功能亢进症
E10.100 1型糖尿病伴有酮症酸中毒
E11.001 2型糖尿病性高渗性昏迷
E11.101 2型糖尿病性酮症酸中毒
E11.503 2型糖尿病足病
E11.600x051 2型糖尿病伴血糖控制不佳
E11.700x033 2型糖尿病伴多个并发症
E11.900 2型糖尿病
E14.000x001 糖尿病性高渗性高血糖状态昏迷
E16.803 代谢综合征
E21.301 甲状旁腺功能亢进危象
E23.608 拉特克囊肿
E26.000 原发性醛固酮过多症
E27.901 肾上腺肿物
E65.x04 脂肪垫
E87.500 高钾血症
E87.600 低钾血症
E88.804 良性对称性脂肪瘤病","01.5900x051 神经内镜下脑病损切除术
03.9202 脊髓鞘内注射
21.3200x010 鼻皮肤和皮下坏死组织切除清创术
38.9300x002 经皮肾上腺静脉取血术
39.7900x055 经皮肾上腺动脉栓塞术
43.4105 内镜下胃息肉切除术
44.1101 经腹胃镜检查(手术中)
44.9901 内镜下胃支架植入术
45.3001 内镜下十二指肠病损切除术
45.4200x003 纤维结肠镜下结肠息肉切除术
45.4302 内镜下结肠病损切除术
45.4307 内镜下结肠黏膜切除术(EMR)
46.8500x005 内镜下十二指肠支架置入术
48.3600x002 内镜下直肠病损切除术
48.3600x004 内镜下直肠黏膜切除术(EMR)
48.3602 直肠-乙状结肠镜下直肠息肉切除术
48.4105 直肠粘膜切除术
74.1x01 剖宫产术，子宫下段横切口
86.3x13 颈部皮下组织病损切除术
88.5500 单根导管的冠状动脉造影术
88.5701 多根导管冠状动脉造影
88.6600x002 下肢静脉造影
92.2900x001 放射治疗
96.0400 气管内插管
96.7101 呼吸机治疗[小于96小时]
96.7201 呼吸机治疗[大于等于96小时]",/,/,,,/
167,EV15,呼吸系统症状、体征，不伴合并症或并发症,"R04.200 咯血
R05.x00 咳嗽
R05.x01 咳嗽晕厥综合征
R05.x02 类百日咳综合征
R06.000 呼吸困难
R06.600 呃逆
R06.801 屏气
R09.801 胸闷
R91.x00x001 肺部阴影
R91.x03 肺占位性病变
R93.805 纵隔阴影","/
17.91330 悬灸治疗
17.95420 中药熏药治疗
29.1100x002 纤维鼻咽镜检查
31.4200x003 纤维喉镜检查
33.2200x003 纤维支气管镜检查
33.2400x001 支气管镜下支气管活检
33.2400x002 支气管镜下诊断性支气管肺泡灌洗[BAL]
33.2600x001 肺穿刺活检
33.2600x002 经皮针吸肺活检
33.2702 超声支气管镜下肺活组织检查
34.0401 胸腔闭式引流术
34.9101 胸腔穿刺抽液术
37.0x01 超声引导下心包穿刺引流术
40.1100x005 经支气管超声内镜纵隔淋巴结穿刺活检术
40.1100x007 超声内镜下纵隔淋巴结细针穿刺活检(FNA)
40.1100x009 纵隔淋巴结活检术
40.1101 颈淋巴结活组织检查
40.1103 腋窝淋巴结活组织检查
44.1300x001 胃镜检查
44.1401 胃镜下活组织检查
45.1300x004 胃-十二指肠镜检查
83.2100 软组织活组织检查
89.1900x001 视频脑电图监测",0.54,5214.64,,,5
168,GS11,胃肠出血，伴严重合并症或并发症,"I85.000x001 食管静脉曲张破裂出血
I86.401 胃底静脉曲张伴出血
I86.800x014 食管胃底静脉曲张破裂出血
K22.804 食管出血
K55.900x004 缺血性肠病伴出血
K91.800x102 残胃炎伴出血
K91.800x103 残胃溃疡伴出血
K92.000 呕血
K92.200x001 便血
K92.202 残胃出血
K92.204 肠出血
K92.206 结肠出血
K92.207 急性上消化道出血
K92.208 上消化道出血
K92.209 下消化道出血
K92.210 消化道出血
K92.800x001 食管癌伴出血
K92.800x002 胃癌伴出血
K92.800x007 直肠癌伴出血","/
17.91110 头针治疗
17.912A0 电针治疗
17.91330 悬灸治疗
17.95420 中药熏药治疗
17.98410 直肠滴注治疗
34.9101 胸腔穿刺抽液术
34.9103 超声引导下胸腔穿刺术
38.9100 动脉导管插入术
38.9301 经外周静脉穿刺中心静脉置管术
38.9302 颈内静脉穿刺中心静脉置管术
38.9303 锁骨下静脉穿刺中心静脉置管术
38.9304 股静脉穿刺置管术
38.9800x001 动脉穿刺术
38.9900x501 锁骨下静脉穿刺术
41.3100 骨髓活组织检查
42.2300x001 食管镜检查
44.1300x001 胃镜检查
44.1301 超声内镜下胃检查
44.1401 胃镜下活组织检查
45.1300x004 胃-十二指肠镜检查
45.1301 十二指肠镜检查术
45.1302 胶囊内镜检查术
45.1600x001 胃十二指肠镜下活检
45.2302 电子结肠镜检查
45.2501 结肠镜下大肠活组织检查
48.2400x002 直肠活检
57.9400 留置导尿管的置入术
86.0701 静脉输液港植入术
89.3200 食管压力测定
89.6400x001 漂浮导管检查[Swan-Ganz导管插入]
89.6700 心脏排出量监测，用氧耗技术
99.0301 输血
99.0401 红细胞输入
99.0500 输入血小板
99.6000 心肺复苏",0.97,9338.27,,,8
169,ET13,肺间质性疾病，伴合并症或并发症,"J64.x00 肺尘埃沉着病
J70.001 放射性肺炎
J82.x00x001 肺嗜酸性粒细胞增多症
J82.x01 嗜酸细胞性肺炎
J84.001 肺泡蛋白沉积症
J84.100x007 继发性肺间质纤维化
J84.100x008 弥漫性肺间质纤维化
J84.101 肺间质纤维化
J84.102 肺肉芽肿
J84.104 特发性肺间质纤维化
J84.108 机化性肺炎
J84.803 肺弥漫性间质病变
J84.804 淋巴细胞性间质性肺炎
J84.900 间质性肺病
M05.100+J99.0* 类风湿性肺病
M05.101+J99.0* 类风湿性关节炎伴肺泡炎
M05.102+J99.0* 类风湿性关节炎伴肺间质纤维化
M32.103+J99.1* 狼疮性肺炎
M33.103+J99.1* 皮肌炎性肺间质纤维化
M33.201+J99.1* 多肌炎伴肺间质纤维化
M34.801+J99.1* 硬皮病性肺间质纤维化
M35.002+J99.1* 干燥综合征伴肺间质纤维化
M35.904+J99.1* 结缔组织病肺间质纤维化","/
00.6800x001 肢体动脉血管内压力测量
04.8101 周围神经阻滞术
27.2300 唇活组织检查
29.1100x002 纤维鼻咽镜检查
33.2400x002 支气管镜下诊断性支气管肺泡灌洗[BAL]
33.2600x001 肺穿刺活检
33.2600x002 经皮针吸肺活检
33.2702 超声支气管镜下肺活组织检查
38.9302 颈内静脉穿刺中心静脉置管术
41.3100 骨髓活组织检查
45.1300x004 胃-十二指肠镜检查
45.1600x001 胃十二指肠镜下活检
86.1100 皮肤和皮下组织的活组织检查
89.3701 肺功能测定",0.97,9356.79,,,9
170,GT15,炎症性肠病，不伴合并症或并发症,"K50.000 小肠克罗恩病
K50.000x001 末端性回肠炎
K50.002 回肠克罗恩病
K50.900 克罗恩病
K51.200x001 溃疡性直肠炎
K51.800x001 溃疡性结肠炎伴出血
K51.900 溃疡性结肠炎
K51.901 溃疡性结肠炎，轻度
K51.902 溃疡性结肠炎，中度
K51.903 溃疡性结肠炎，重度
K52.104 药物性胃肠炎和结肠炎
K52.804 嗜酸细胞性胃肠炎","/
29.1100x002 纤维鼻咽镜检查
45.1300x004 胃-十二指肠镜检查
45.1600x001 胃十二指肠镜下活检
45.2302 电子结肠镜检查
45.2501 结肠镜下大肠活组织检查
48.2400x002 直肠活检
48.2401 直肠乙状结肠镜下直肠活组织检查
48.8101 直肠周围脓肿切开引流术",0.28,2709.29,,,3
171,QS45,其他再生障碍性贫血，不伴严重合并症或并发症,"D60.000x001 慢性后天性纯红细胞再生障碍性贫血
D60.100x001 短暂后天性纯红细胞再生障碍性贫血
D60.900x001 纯红细胞再生障碍性贫血
D61.101 化疗后骨髓抑制
D61.202 放疗后骨髓抑制
D61.900 再生障碍性贫血
D61.900x001 骨髓抑制
D61.902 慢性再生障碍性贫血
D61.903 全血细胞减少","/
17.91330 悬灸治疗
29.1100x002 纤维鼻咽镜检查
31.4200x003 纤维喉镜检查
31.4201 喉镜检查
41.3100 骨髓活组织检查
45.1300x004 胃-十二指肠镜检查
48.2401 直肠乙状结肠镜下直肠活组织检查
54.9101 腹腔穿刺引流术
99.0301 输血
99.0401 红细胞输入
99.0500 输入血小板
99.0902 间充质干细胞回输
99.8500x003 热疗(用于癌症)
99.9900x011 口服免疫抑制剂治疗",0.62,6003.98,,,5
172,BX25,脑神经/周围神经疾病，不伴合并症或并发症,"E10.401+G63.2* 1型糖尿病性周围神经病
E11.400 2型糖尿病伴有神经的并发症
E11.400x140+G59.0* 2型糖尿病性动眼神经麻痹
E11.400x150+G59.0* 2型糖尿病性外展神经麻痹
E11.401+G63.2* 2型糖尿病性周围神经病
E11.402+G99.0* 2型糖尿病性自主神经病变
E53.800x003+G32.0* 侧索联合变性病
G50.000 三叉神经痛
G50.001 眶上神经痛
G50.003 原发性三叉神经痛
G50.004 继发性三叉神经痛
G51.000 贝尔面瘫
G51.003 周围性面神经麻痹
G51.301 面肌痉挛
G51.803 面神经炎
G51.900 面神经疾患
G52.101 舌咽神经痛
G52.204 喉返神经炎
G52.800x004 枕神经痛
G52.901 脑神经炎
G54.000x001 臂丛神经损害
G54.900x001 周围神经卡压综合征
G56.000 腕管综合征
G56.200 尺神经损害
G56.202 肘管综合征
G56.300 桡神经损害
G57.001 梨状肌综合征
G57.200 股神经损害
G58.001 肋间神经痛
G58.800x001 膈神经麻痹
G60.003 腓骨肌萎缩
G60.802 感觉性周围神经病
G61.000 吉兰-巴雷［格林-巴利］综合征
G61.003 吉兰-巴雷综合征脱髓鞘型
G61.801 慢性炎症性脱髓鞘性多发性神经病
G62.800x008 轴索性周围神经病
G62.901 周围神经病
G83.400 马尾综合征
G90.800x004 β受体亢进综合征[β受体过敏综合征]
G90.900x002 植物神经功能紊乱
H49.000 第三［动眼］神经麻痹
H49.100 第四［滑车］神经麻痹
H49.200 第六［展］神经麻痹
M79.207 神经痛
M79.208 神经炎
S14.300 臂丛损伤
S64.100x001 腕部正中神经损伤
S84.800x001 腓总神经损伤","/
03.3101 腰椎穿刺术
03.9102 脊神经根阻滞术
04.8101 周围神经阻滞术
04.8102 三叉神经阻滞术
04.8104 肋间神经阻滞术
04.8106 股神经阻滞术
06.1101 超声引导下经皮甲状腺活组织检查术
17.91110 头针治疗
17.912A0 电针治疗
17.91330 悬灸治疗
29.1100x002 纤维鼻咽镜检查
31.4200x003 纤维喉镜检查
33.2403 纤维支气管镜检查伴肺泡灌洗术
38.9502 为肾透析的临时静脉插管术
41.3100 骨髓活组织检查
41.3800x001 骨髓穿刺术
45.1300x004 胃-十二指肠镜检查
45.1600x001 胃十二指肠镜下活检
85.1100x001 乳房穿刺活检
86.1100 皮肤和皮下组织的活组织检查
95.0400 麻醉下眼检查
95.1201 眼荧光素血管造影",0.65,6302.45,,,11
173,HT13,"重症胰腺炎,伴一般合并症或并发症","K85.002 急性特发性胰腺炎，重症
K85.102 急性胆源型胰腺炎，重症
K85.202 急性酒精性胰腺炎，重症
K85.800x002 急性出血坏死性胰腺炎
K85.800x003 胰腺脓肿
K85.816 急性复发性胰腺炎，重症
K85.818 急性坏死性胰腺炎，重症
K85.902 急性重症胰腺炎","/
00.6800x001 肢体动脉血管内压力测量
17.91100 毫针治疗
17.91110 头针治疗
17.912A0 电针治疗
17.91330 悬灸治疗
17.95420 中药熏药治疗
17.98410 直肠滴注治疗
17.98422 经直肠中药滴入治疗
38.9100 动脉导管插入术
38.9302 颈内静脉穿刺中心静脉置管术
38.9303 锁骨下静脉穿刺中心静脉置管术
38.9304 股静脉穿刺置管术
38.9700x002 引导下中心静脉置管术
38.9800x001 动脉穿刺术
44.1301 超声内镜下胃检查
45.1300x004 胃-十二指肠镜检查
45.1600x001 胃十二指肠镜下活检
52.1900x001 超声内镜下胰腺检查
54.9100x009 超声引导下盆腔穿刺术
54.9101 腹腔穿刺引流术
89.6400x001 漂浮导管检查[Swan-Ganz导管插入]",1.33,12829.43,,,9
174,FK43,永久性起搏器植入/置换/更新，伴合并症或并发症,"I21.103 急性下壁心肌梗死
I21.401 急性非ST段抬高型心肌梗死
I25.500 缺血性心肌病
I42.001 扩张型心肌病（充血型心肌病）
I42.100 梗阻性肥厚型心肌病
I44.100 Ⅱ度房室传导阻滞
I44.102 二度Ⅱ型房室传导阻滞
I44.200 Ⅲ度房室传导阻滞
I44.201 高度房室传导阻滞
I47.200 室性心动过速
I48.200 慢性心房颤动
I49.001 心室颤动
I49.500 病态窦房结综合征
I50.101 急性左心衰竭
I50.900x018 慢性心功能不全急性加重
I50.907 急性心力衰竭
T82.100x015 心脏电子装置囊袋破溃
T82.703 心脏起搏器植入感染
Z45.002 更换心脏起搏器
Z45.005 更换心脏起搏器脉冲发生器","37.8101 单腔永久起搏器置入术
37.8201 频率应答单腔永久起搏器置入术
37.8301 双腔永久起搏器置入术
37.8501 单腔永久起搏器置换术
37.8601 频率应答单腔永久起搏器置换术
37.8701 双腔永久起搏器置换术
37.9401 心脏除颤器置入术
37.9402 自动心脏复律器置入术",5.65,54387.48,,,10
175,BT13,病毒性脑、脊髓和脑膜炎，伴一般合并症或并发症,"A86.x00 病毒性脑炎
A86.x01 病毒性脑脊髓炎
A86.x02 病毒性脑膜脑炎
A87.900 病毒性脑膜炎
B00.300+G02.0* 疱疹病毒性脑膜炎
B00.401+G05.1* 疱疹病毒性脑膜脑炎
G04.001 急性播散性脑脊髓炎
G04.909 急性脊髓炎","/
00.6800 周围动脉的血管内压力测量
03.3101 腰椎穿刺术
04.8101 周围神经阻滞术
29.1100x002 纤维鼻咽镜检查
33.2403 纤维支气管镜检查伴肺泡灌洗术
38.9100 动脉导管插入术
57.9400 留置导尿管的置入术",1.1,10587.8,,,11
176,MB19,前列腺手术,"C61.x00 前列腺恶性肿瘤
C79.818 前列腺继发恶性肿瘤
N40.x00 前列腺增生","60.2100 经尿道(超声)激光诱导前列腺切除术(TULIP)
60.2100x001 经尿道前列腺激光切除术[TULIP手术]
60.2900x003 经尿道前列腺绿激光汽化术(PVP)
60.2900x004 经尿道前列腺等离子电切术
60.2901 经尿道前列腺气化电切术[TEVAP手术]
60.2902 经尿道前列腺切除术（TURP）",1.76,16930.47,,,11
177,FN25,其他外周血管检查和/或治疗，不伴合并症或并发症,"I15.102 肾性高血压
I26.900x001 肺栓塞
I26.900x009 慢性肺动脉栓塞
I26.900x011 急性大面积肺血栓栓塞症
I70.101 肾动脉狭窄
I70.204 下肢动脉硬化闭塞症
I72.811 脾动脉瘤
I74.201 上肢动脉栓塞
I74.800x011 肠系膜上动脉闭塞
I74.801 锁骨下动脉闭塞
I77.000x011 动静脉内瘘血栓形成
I77.102 锁骨下动脉狭窄
I77.114 腹腔干动脉狭窄
I77.603 血管炎
I80.206 髂静脉血栓形成
I80.207 下肢深静脉血栓形成
I80.300x005 下肢静脉闭塞
I80.303 下肢静脉血栓形成
I82.203 下腔静脉血栓形成
I82.800x005 髂外静脉栓塞
I82.803 锁骨下静脉血栓形成
I83.000 下肢静脉曲张伴有溃疡
I83.101 下肢静脉曲张伴静脉炎
I83.900x004 下肢静脉曲张
I87.100x008 锁骨下静脉压迫综合征
I87.102 上肢静脉狭窄
I87.103 无名静脉狭窄
I87.112 下腔静脉狭窄
I87.115 髂总静脉狭窄
I87.116 髂总静脉压迫综合征[Cockett综合征]
I87.201 下肢静脉功能不全
I87.805 下肢静脉回流障碍
Q25.701 先天性肺动静脉瘘
Q27.800x041 周围动脉畸形
Q28.800x007 支气管动脉畸形
Q28.801 肺血管畸形","38.7x04 下腔静脉滤器置入术
39.5000x013 锁骨下静脉球囊扩张成形术
39.5000x025 上肢静脉球囊扩张成形术
39.5001 锁骨下动脉球囊血管成形术
39.5006 肝静脉球囊血管成形术
39.5016 肱动脉球囊血管成形术
39.7900x028 经皮肠系膜上动脉取栓术
39.7900x036 经皮上肢动脉取栓术
39.7900x037 经皮上肢静脉取栓术
39.7900x043 经皮下肢静脉取栓术
39.7900x809 下肢静脉滤器置入术
39.7902 经导管支气管动脉栓塞术
39.7904 经导管脾动脉栓塞术
39.9000x010 脾动脉支架置入术
39.9000x011 髂静脉支架置入术
39.9000x016 下肢静脉支架置入术
39.9002 腹腔干动脉支架置入术
39.9008 锁骨下动脉支架置入术
39.9016 肾动脉支架置入术
88.4300 肺动脉造影术
88.4500 肾动脉造影术
88.5102 下腔静脉造影
88.6600x002 下肢静脉造影
88.6703 髂静脉造影",2.13,20548.82,,,6
178,BZ13,神经系统其他疾病，伴一般合并症或并发症,"E06.302+G94.8* 桥本脑病
E16.108+G94.8* 低血糖性脑病
E85.400x012 脑淀粉样变
E85.414+I68.0* 淀粉样变脑血管损害
G09.x00x001 脊髓炎后遗症
G24.300 痉挛性斜颈
G31.902 脑萎缩
G91.000 交通性脑积水
G91.802 硬脑膜下积液
G91.900 脑积水
G93.001 蛛网膜囊肿
G93.101 肺性脑病
G93.102 缺氧缺血性脑病
G93.200 良性颅内高压
G93.400 脑病
G93.400x008 自身免疫相关性脑病
G93.401 低颅压综合征
G93.402 脑白质病
G93.403 代谢性脑病
G93.800 脑其他特指的疾患
G93.800x007 胰性脑病
G93.805 脑钙化
G93.809 颅内静脉窦狭窄
G93.810 丘脑综合征
G93.902 脑肿物
G93.903 鞍区肿物
G96.000 脑脊液漏
G96.001 脑脊液鼻漏
G97.800x003 手术后肢体功能障碍
I69.000x002 蛛网膜下腔出血恢复期
I69.100x001 脑出血后遗症
I69.300 脑梗死后遗症
I69.300x002 陈旧性脑梗死
I69.300x003 脑梗死恢复期
M32.114+G94.8* 狼疮性脑病
R20.801 皮肤感觉障碍
R20.803 肢体麻木
R25.100 震颤
R25.100x002 上肢震颤
R25.800x001 不自主运动
R42.x00x001 眩晕
R42.x00x002 周期性眩晕
R42.x00x004 头晕
R56.000 发热性惊厥
R90.803 脑缺血灶
R90.804 脑软化灶
T80.600x007 急性透析性脑病
Z42.001 颅骨缺损修补","/
00.6800x001 肢体动脉血管内压力测量
03.3101 腰椎穿刺术
17.95710 中药塌渍治疗
18.1100 耳镜检查
27.2300 唇活组织检查
29.1100x002 纤维鼻咽镜检查
33.2400x001 支气管镜下支气管活检
33.2400x002 支气管镜下诊断性支气管肺泡灌洗[BAL]
33.2600x002 经皮针吸肺活检
34.0401 胸腔闭式引流术
38.9100 动脉导管插入术
38.9301 经外周静脉穿刺中心静脉置管术
38.9302 颈内静脉穿刺中心静脉置管术
38.9502 为肾透析的临时静脉插管术
40.1104 腹股沟淋巴结活组织检查
44.1300x001 胃镜检查
45.1300x004 胃-十二指肠镜检查
45.2302 电子结肠镜检查
89.1400 脑电图
89.1900x001 视频脑电图监测
89.3701 肺功能测定
89.3702 肺功能康复评定
95.0200 综合性眼检查
96.5100 眼冲洗术",0.84,8115.81,,,11
179,DQY,歧义组(MDCD),"A18.201 头颈部结核性淋巴结炎
A18.205 颈淋巴结结核
C02.200 舌腹面恶性肿瘤
C02.900 舌恶性肿瘤
C04.900 口底恶性肿瘤
C05.000 硬腭恶性肿瘤
C06.902 口腔黏膜恶性肿瘤
C07.x00 腮腺恶性肿瘤
C09.900 扁桃体恶性肿瘤
C10.900 口咽恶性肿瘤
C11.900 鼻咽恶性肿瘤
C13.900 下咽恶性肿瘤
C14.001 咽喉恶性肿瘤
C30.000 鼻腔恶性肿瘤
C31.000 上颌窦恶性肿瘤
C31.900x001 鼻窦恶性肿瘤
C32.900 喉恶性肿瘤
C49.002 颈部结缔组织和软组织恶性肿瘤
C76.002 颈部恶性肿瘤
C77.002 颈部淋巴结继发恶性肿瘤
D14.001 鼻旁窦良性肿瘤
D17.002 颈部脂肪瘤
D18.000x501 鼻窦血管瘤
D18.001 头部血管瘤
D18.003 面部血管瘤
D18.004 颈部血管瘤
D18.102 颈部淋巴管瘤
D21.002 颈结缔组织良性肿瘤
D22.301 面部黑素细胞痣
D22.400x002 头皮黑色素痣
D22.401 颈黑素细胞痣
D23.301 面部皮肤良性肿瘤
D23.400x003 头皮良性肿瘤
D23.401 颈部皮肤良性肿瘤
D36.703 颈部良性肿瘤
D48.701 头颈部动态未定肿瘤
G47.300 睡眠呼吸暂停
G47.300x037 阻塞性睡眠呼吸暂停低通气综合征
G47.301 阻塞性睡眠呼吸暂停综合征
H81.000 梅尼埃［美尼尔］病
H81.100 良性阵发性眩晕
H81.303 前庭周围性眩晕
H81.900 前庭功能疾患
H91.200x001 突发性聋
I88.101 慢性颈淋巴结炎
J04.200 急性喉气管炎
J06.000 急性咽喉炎
J38.400 喉水肿
J38.601 喉梗阻
J95.005 气管造口术后气道阻塞
K07.604 颞颌关节炎
K11.605 颌下腺囊肿
K12.000 复发性口腔阿弗他溃疡
K12.111 口腔感染
L04.002 急性颈部淋巴结炎
R04.000 鼻出血
S00.003 头皮异物
S00.004 头皮血肿
S01.001 头皮裂伤
S08.000 头皮撕脱
S11.700 颈部多处开放性伤口
S15.005 创伤性颈动脉海绵窦瘘","06.0900x004 颈部探查术
06.2x00 单侧甲状腺叶切除术
08.2001 眉部病损切除术
10.3300x002 结膜结石取出术
16.8900x002 眶内壁重建术
32.0100x004 支气管镜下支气管病损冷冻术
39.7216 经导管颈内动脉海绵窦瘘栓塞术
43.1900x003 永久性胃造口术
44.4300x002 胃镜下胃出血止血术
45.4200x003 纤维结肠镜下结肠息肉切除术
45.4307 内镜下结肠黏膜切除术(EMR)
48.3600x004 内镜下直肠黏膜切除术(EMR)
48.9900x005 内镜下直肠出血止血术
81.9201 关节治疗性物质注射
83.3904 颈部软组织病损切除术
83.4501 肌肉清创术
83.9105 针刀松解术
86.0500 皮肤和皮下组织切开术伴异物或装置去除
86.0900x002 皮肤和皮下组织切开探查术
86.3x13 颈部皮下组织病损切除术
86.3x14 皮肤色素痣切除术
86.3x15 皮肤及皮下血管瘤切除术
86.5902 头皮裂伤清创缝合术
86.9900 皮肤和皮下组织的其他手术
88.4101 脑血管造影
93.9000 无创机械性通气
93.9000x002 无创呼吸机辅助通气(双水平气道正压[BiPAP])
93.9001 持续性气道正压通气（CPAP）
96.0400 气管内插管
98.5103 输尿管体外冲击波碎石术
99.2503 静脉注射化疗药物
99.2800x005 静脉注射抗肿瘤免疫制剂治疗
99.2800x006 分子靶向治疗
99.2801 抗肿瘤免疫治疗",/,/,,,/
180,FL35,经皮心脏消融术除房扑、房颤外其他心律失常，不伴合并症或并发症,"I27.200x012 肺动脉高压
I27.200x018 疾病相关性肺动脉高压
I27.200x022 重度肺动脉高压
I42.100 梗阻性肥厚型心肌病
I45.600 预激综合征
I45.600x003 间歇性预激综合征
I45.600x004 A型预激综合征
I45.600x005 B型预激综合征
I45.600x007 心室预激
I47.100x004 房室结折返性心动过速
I47.100x005 房室折返性心动过速
I47.101 房性心动过速
I47.102 阵发性室上性心动过速
I47.104 阵发性房室折返性心动过速
I47.106 阵发性房室结内折返性心动过速
I47.108 阵发性房性心动过速
I47.200 室性心动过速
I47.200x003 右室室性心动过速
I47.201 阵发性室性心动过速
I49.100x001 房性期前收缩[房性早搏]
I49.300x002 室性期前收缩","37.3401 经导管心脏射频消融术
37.3404 经导管心脏化学消融术",4.13,39762.47,,,4
181,LL15,肾透析，不伴严重合并症或并发症,"M31.701+N08.5* ANCA相关性肾炎
N01.900x003 急进性肾小球肾炎
N04.900 肾病综合征
N17.900 急性肾衰竭
N17.900x003 急性肾功能不全
N18.300 慢性肾脏病3期
N18.400 慢性肾脏病4期
N18.500 慢性肾脏病5期
N18.501 肾终末期疾病
N18.902 慢性肾衰竭
N19.x01 尿毒症
N19.x03 肾功能不全
T82.800x003 人工动静脉瘘闭塞
T82.800x004 人工动静脉瘘狭窄
T82.800x005 人工动静脉瘘血栓形成
T86.100x003 肾移植后肾衰竭","39.9500 血液透析
39.9500x004 血浆置换
39.9500x005 单膜血浆置换
39.9500x007 连续性肾脏替代治疗[CRRT]
39.9501 血液滤过
39.9600x003 血液灌流
54.9800 腹膜透析",0.85,8216.34,,,8
182,FR49,心绞痛,"I20.000 不稳定型心绞痛
I20.101 变异型心绞痛
I20.102 冠状动脉痉挛
I20.800x007 微血管性心绞痛
I20.801 稳定型心绞痛
I20.803 劳力性心绞痛
I20.900 心绞痛","/
17.91110 头针治疗
17.912A0 电针治疗
17.91330 悬灸治疗
17.95420 中药熏药治疗
29.1100x002 纤维鼻咽镜检查
31.4200x003 纤维喉镜检查
45.1300x004 胃-十二指肠镜检查
45.1600x001 胃十二指肠镜下活检
89.6700 心脏排出量监测，用氧耗技术
93.3908 中药贴敷",0.76,7325.6,,,8
183,HQY,歧义组(MDCH),"C22.000 肝细胞癌
C22.001 肝恶性细胞瘤
C22.100 肝内胆管癌
C22.900 肝恶性肿瘤
C23.x00 胆囊恶性肿瘤
C24.000x007 肝门胆管恶性肿瘤
C24.002 胆管恶性肿瘤
C24.003 胆总管恶性肿瘤
C24.100 法特壶腹恶性肿瘤
C25.000 胰头恶性肿瘤
C25.200 胰尾恶性肿瘤
C25.802 胰颈胰体部恶性肿瘤
C25.803 胰头胰颈部恶性肿瘤
C25.900 胰恶性肿瘤
C78.700 肝部和肝内胆管继发性恶性肿瘤
I82.000x001 布-加综合征[budd-chiari综合征]
K70.000 酒精性脂肪肝
K70.301+I98.2* 酒精性肝硬化伴食管静脉曲张
K70.303+I98.2* 酒精性肝硬化伴胃底静脉曲张
K70.306+I98.3* 酒精性肝硬化伴食管胃底静脉曲张破裂出血
K70.900 酒精性肝病
K72.000x004 慢加急性肝衰竭
K72.001 亚急性肝衰竭
K72.003 急性肝衰竭
K72.900x003+G94.3* 肝性脑病
K74.100 肝硬化
K74.600x003 乙型肝炎肝硬化
K74.601 特指肝硬化
K74.602 乙型肝炎后肝硬化失代偿期
K74.603 丙型肝炎后肝硬化失代偿期
K74.607 肝硬化失代偿期
K74.608 肝炎后肝硬化
K74.614 自身免疫性肝硬化
K74.615+I98.3* 肝硬化伴食管静脉曲张破裂出血
K74.616+I98.2* 肝硬化伴食管静脉曲张
K74.617+I98.3* 肝硬化伴食管胃底静脉曲张破裂出血
K74.618+I98.3* 肝硬化伴胃底静脉曲张破裂出血
K74.619+I98.2* 肝硬化伴食管胃底静脉曲张
K75.400 自身免疫性肝炎
K76.000 脂肪肝
K76.800x006 肝功能不全
K76.807 肝囊肿
K80.000x004 胆囊结石伴慢性胆囊炎急性发作
K80.100x001 胆囊结石伴胆囊炎
K80.303 肝胆管结石伴胆管炎
K80.502 胆绞痛
K81.000 急性胆囊炎
K82.304 胆囊结肠瘘
K83.000 胆管炎
K83.001 急性胆管炎
K83.013 原发性胆管炎
K83.019 胆道感染
K83.109 梗阻性黄疸
K83.401 法特壶腹痉挛
K83.807 胆管扩张
K83.809 胆管出血
K85.101 急性胆源型胰腺炎，轻症
K85.800x002 急性出血坏死性胰腺炎
K85.818 急性坏死性胰腺炎，重症
K85.900 急性胰腺炎
K85.900x002 急性轻症胰腺炎
K85.902 急性重症胰腺炎
K86.100x004 高脂血症性胰腺炎
K86.901 胰腺肿物
Q45.301 异位胰腺
R93.203 肝占位性病变","17.3900x002 腹腔镜下结肠部分切除术
33.9903 气管镜肺灌洗术
34.8100x001 胸腔镜下横膈病损切除术
36.0601 冠状动脉药物涂层支架置入术
39.5900x024 血管修补术
39.7900x058 经皮肠系膜上动脉栓塞术
39.7904 经导管脾动脉栓塞术
39.9010 下腔静脉支架置入术
39.9500x004 血浆置换
39.9500x007 连续性肾脏替代治疗[CRRT]
43.4105 内镜下胃息肉切除术
43.4108 内镜下胃黏膜切除术[EMR]
43.4203 腹腔镜下胃病损切除术
43.8201 腹腔镜胃部分切除术
44.3801 腹腔镜下胃空肠吻合术
44.4300x002 胃镜下胃出血止血术
44.4302 内镜下胃钛夹止血术
44.4303 内镜下十二指肠钛夹止血术
44.4400x005 胃十二指肠动脉栓塞术
45.4200x003 纤维结肠镜下结肠息肉切除术
45.4201 内镜下乙状结肠息肉切除术
45.4302 内镜下结肠病损切除术
45.4307 内镜下结肠黏膜切除术(EMR)
45.7300x007 右半结肠切除术
46.2000 回肠造口术
48.3600x002 内镜下直肠病损切除术
48.3600x004 内镜下直肠黏膜切除术(EMR)
49.3900x015 肛门皮肤和皮下坏死组织切除清创术
59.8x03 经尿道输尿管支架置入术
81.9201 关节治疗性物质注射
83.4501 肌肉清创术
88.4701 肝动脉造影
88.5500 单根导管的冠状动脉造影术
88.6600x002 下肢静脉造影
92.2900x001 放射治疗
93.9000 无创机械性通气
93.9000x003 无创呼吸机辅助通气(高频通气[HFPPV])
96.0400 气管内插管
99.2502 动脉注射化疗药物
99.2503 静脉注射化疗药物
99.2800x005 静脉注射抗肿瘤免疫制剂治疗
99.2800x006 分子靶向治疗
99.2801 抗肿瘤免疫治疗",/,/,,,/
184,BL15,神经系统血管病溶栓治疗，不伴严重合并症或并发症,"G00.900 细菌性脑膜炎
I60.900x004 脑实质出血继发蛛网膜下腔出血
I63.100 入脑前动脉栓塞引起的脑梗死
I63.201 颈内动脉狭窄脑梗死
I63.203 颈动脉狭窄脑梗死
I63.204 颈动脉闭塞脑梗死
I63.206 基底动脉狭窄脑梗死
I63.207 椎动脉闭塞脑梗死
I63.208 椎动脉狭窄脑梗死
I63.300 大脑动脉血栓形成引起的脑梗死
I63.402 大脑动脉栓塞引起脑梗死
I63.500 大脑动脉的闭塞或狭窄引起的脑梗死
I63.501 大脑动脉狭窄脑梗死
I63.502 大脑动脉闭塞脑梗死
I63.801 腔隙性脑梗死
I63.900 脑梗死
I63.901 脑干梗死
I63.904 小脑梗死
I63.905 多发性脑梗死
I63.906 基底节脑梗死
I63.907 丘脑梗死
I66.002 大脑中动脉闭塞","99.1005 脑动脉血栓溶解剂灌注
99.1008 脑动脉内溶栓术",1.87,18003.39,,,8
185,IE65,手外科手术，不伴严重合并症或并发症,"D16.102 掌骨良性肿瘤
D21.102 手结缔组织良性肿瘤
D48.018 上肢骨动态未定肿瘤
M18.900x002 双侧腕关节骨性关节病
M19.900x093 指骨关节病
M71.303 腕关节滑膜囊肿
M72.604 手坏死性筋膜炎
M86.900 骨髓炎
M86.907 手指骨髓炎
M86.908 掌骨骨髓炎
Q69.100 副拇指
Q78.400 内生软骨瘤病
S62.000x001 腕舟骨骨折
S62.200 第一掌骨骨折
S62.200x011 第一掌骨基底骨折
S62.300x011 掌骨基底骨折
S62.300x021 掌骨干骨折
S62.300x031 掌骨颈骨折
S62.301 掌骨骨折
S62.311 开放性掌骨骨折
S62.500 拇指骨折
S62.500x011 拇指近节骨折
S62.500x021 拇指远节骨折
S62.510 开放性拇指骨折
S62.600x011 指骨近节骨折
S62.600x021 指骨中节骨折
S62.600x031 指骨远节骨折
S62.611 开放性指骨骨折
S62.700 手指多处骨折
S62.710 开放性多发性指骨骨折
S63.000x083 腕舟骨月骨周围脱位
S63.100x001 指间关节脱位
S63.500x101 腕关节三角纤维软骨损伤
S68.000x002 拇指不全切断
S68.100x001 单指不全切断
Z47.001 取除骨折内固定装置","77.1902 指骨切开引流术
77.2400x002 掌骨截骨术
77.6402 掌骨病损切除术
77.6902 指骨病损切除术
78.5400x012 腕关节镜下舟骨骨折固定术
78.5402 掌骨内固定术
78.5900x031 指骨钢针内固定术
79.0302 掌骨骨折闭合性复位术
79.1300x004 掌骨骨折闭合复位钢针内固定术
79.1400x002 指骨骨折闭合复位钢针内固定术
79.1400x004 指骨骨折闭合复位髓内针内固定术
79.3300x005 掌骨骨折切开复位钢板内固定术
79.3300x008 掌骨骨折切开复位钢针内固定术
79.3301 腕骨骨折切开复位内固定术
79.3302 掌骨骨折切开复位内固定术
79.3400x002 指骨骨折切开复位螺钉内固定术
79.3400x003 指骨骨折切开复位髓内针内固定术
79.3400x004 指骨骨折切开复位钢针内固定术
79.3400x005 指骨骨折切开复位钢板内固定术
79.3400x006 指关节骨折切开复位内固定术(腕掌关节、掌指关节、指间关节)
79.3401 指骨骨折切开复位内固定术
79.6400 手指开放性骨折部位的清创术
79.7402 指关节脱位闭合复位术
79.8300x001 腕关节脱位切开复位内固定术
79.8401 指关节脱位切开复位术
80.7301 关节镜腕关节滑膜切除术
80.8301 腕关节病损切除术
80.8302 关节镜腕关节病损切除术
80.8402 关节镜指关节病损切除术
81.2801 指间关节固定术
81.7200x006 指关节软骨重建术
81.7500x003 腕关节镜下TFCC成形术
81.7500x004 腕关节镜下TFCC修补术
82.0901 手部软组织切开术
84.0100x001 多指截指术
84.0102 手指截断术，拇指除外
84.2201 手指断指再植术",1.16,11153.79,,,6
186,NZ13,女性生殖系统其他疾病，伴一般合并症或并发症,"D25.000 子宫黏膜下平滑肌瘤
D25.100x001 子宫肌壁间平滑肌瘤
D25.200 子宫浆膜下层平滑肌瘤
D25.900 子宫平滑肌瘤
D25.900x001 子宫多发性平滑肌瘤
D26.100x002 子宫腺肌瘤
D39.101 卵巢肿瘤
E28.100 雄激素过多
N73.604 子宫粘连
N76.600 外阴溃疡
N80.001 子宫腺肌病
N80.100x001 卵巢巧克力样囊肿
N80.601 腹壁瘢痕子宫内膜异位症
N81.201 Ⅰ度子宫脱垂
N81.202 Ⅱ度子宫脱垂
N81.301 Ⅲ度子宫脱垂
N81.600 直肠膨出
N82.000 膀胱阴道瘘
N83.100x002 卵巢黄体破裂
N83.100x003 卵巢黄体血肿
N83.101 出血性卵巢黄体囊肿
N83.201 卵巢囊肿
N83.901 卵巢肿物
N84.001 子宫内膜息肉
N84.100 宫颈息肉
N85.000 子宫内膜腺性增生
N85.000x002 子宫内膜囊性增生
N85.001 子宫内膜单纯性增生
N85.002 子宫内膜复杂性增生
N85.101 子宫内膜非典型增生
N85.600 子宫内粘连
N85.804 子宫穿孔
N85.807 子宫积水
N85.815 子宫萎缩
N87.002 低级别鳞状上皮内病变
N88.807 宫颈赘生物
N89.800x009 阴道排液
N89.805 阴道裂伤
N90.807 外阴血肿
N91.100 继发闭经
N91.500 月经稀少
N92.000x001 月经过多
N92.600 月经不规则
N93.000x001 性交后出血
N93.900 异常的子宫和阴道出血
N93.901 异常子宫出血
N94.806 盆腔积液
N94.807 盆腔囊肿
N95.000 绝经后出血
N95.100 绝经期和女性更年期状态
N96.x00 习惯性流产
N98.100 卵巢过度刺激
N99.807 阴道残端出血
R93.800x006 宫腔占位
R93.800x007 卵巢占位性病变
R93.803 子宫内膜增厚
S30.200x010 创伤性外阴血肿
S31.401 创伤性外阴裂伤
S39.902 阴道损伤
T83.301 子宫内节育器残留
T83.302 子宫内节育器断裂
T83.303 子宫内节育器嵌顿
T83.305 子宫内节育器移位","/
00.0901 高强度聚焦超声治疗
34.9103 超声引导下胸腔穿刺术
45.1300x004 胃-十二指肠镜检查
45.2302 电子结肠镜检查
54.2400x006 盆腔病损穿刺活检
54.9101 腹腔穿刺引流术
67.1100 子宫颈内活组织检查
68.1200x001 宫腔镜检查
68.1602 宫腔镜子宫活组织检查
69.0901 诊断性刮宫术
69.0902 宫腔镜诊断性刮宫术
69.9100x001 宫腔引流术
70.2400 阴道活组织检查
97.7101 子宫内避孕器取出术
97.7102 宫腔镜子宫内避孕器取出术
99.8500x004 高强度聚焦超声治疗[HIFU]",0.53,5074.76,,,4
187,GF33,腹股沟疝及股疝手术，伴合并症或并发症,"K40.200x001 双侧腹股沟疝
K40.201 双侧腹股沟斜疝
K40.202 双侧腹股沟直疝
K40.204 双侧腹股沟疝(一侧直疝、一侧斜疝)
K40.300 单侧或未特指的腹股沟疝，伴有梗阻，不伴有坏疽
K40.301 单侧绞窄性腹股沟斜疝
K40.305 单侧嵌顿性腹股沟直疝
K40.306 单侧嵌顿性腹股沟斜疝
K40.307 单侧嵌顿性腹股沟疝伴梗阻
K40.311 难复性腹股沟疝
K40.312 嵌顿性腹股沟疝
K40.313 嵌顿性腹股沟疝伴梗阻
K40.314 嵌顿性腹股沟斜疝
K40.900x002 单侧腹股沟疝
K40.900x003 单侧腹股沟斜疝
K40.900x004 单侧腹股沟直疝
K40.901 腹股沟斜疝
K40.904 复发性腹股沟斜疝
K40.906 复发性腹股沟疝
K41.300x003 单侧股疝伴梗阻
K41.302 嵌顿性股疝
K41.900x001 股疝
K45.002 嵌顿性闭孔疝","17.1100x001 腹腔镜下单侧腹股沟直疝无张力修补术
17.1200x001 腹腔镜下单侧腹股沟斜疝无张力修补术
17.1300x001 腹腔镜下经腹膜前腹股沟疝补片修补术（TAPP）
17.1300x002 腹腔镜下全腹膜外腹股沟疝补片修补术（TEP）
17.2100x001 腹腔镜下双侧腹股沟直疝无张力修补术
17.2200x001 腹腔镜下双侧腹股沟斜疝无张力修补术
17.2300x001 腹腔镜下双侧腹股沟疝无张力修补术,一侧直疝一侧斜疝
17.2400x001 腹腔镜下双侧腹股沟疝无张力修补术
53.0001 单侧腹股沟疝修补术
53.0002 腹腔镜下单侧腹股沟疝修补术
53.0101 单侧腹股沟直疝修补术
53.0203 腹腔镜下单侧腹股沟斜疝修补术
53.0204 腹腔镜下单侧腹股沟斜疝疝囊高位结扎术
53.0302 单侧腹股沟直疝无张力修补术
53.0401 单侧腹股沟斜疝无张力修补术
53.0501 单侧腹股沟疝无张力修补术
53.1200x001 腹腔镜下双侧腹股沟斜疝疝囊高位结扎术
53.1203 腹腔镜下双侧腹股沟斜疝修补术
53.1401 双侧腹股沟直疝无张力修补术
53.1501 双侧腹股沟斜疝无张力修补
53.1701 双侧腹股沟疝无张力修补术
53.2100x001 腹腔镜下单侧股疝无张力修补术
53.2101 单侧股疝无张力修补术",1.52,14678.86,,,6
188,IE25,股骨手术，不伴严重合并症或并发症,"D48.903+M90.7* 肿瘤性病理性骨折
M84.100x051 股骨骨折不连接
M86.910 股骨骨髓炎
M86.913 胫骨骨髓炎
M87.800x051 股骨头缺血性坏死
S72.000 股骨颈骨折
S72.000x031 股骨颈头下骨折
S72.100x001 股骨大粗隆骨折
S72.100x002 股骨小粗隆骨折
S72.101 股骨粗隆间骨折
S72.200x001 股骨粗隆下骨折
S72.300 股骨干骨折
S72.310 开放性股骨干骨折
S72.400x001 股骨远端骨折
S72.400x012 股骨内髁骨折
S72.400x013 股骨外髁骨折
S72.400x031 股骨髁上骨折
S72.400x041 股骨髁间骨折
S72.410 开放性股骨下端骨折
S72.710 开放性多发性股骨骨折
S72.900 股骨骨折
T84.200x003 骨内固定装置障碍","77.1500x002 股骨开窗引流术
77.1500x006 股骨钻孔减压术
78.1501 股骨外固定术
79.1500x006 股骨骨折闭合复位髓内针内固定术
79.1500x007 股骨骨折闭合复位钢针内固定术
79.1500x008 股骨骨折闭合复位螺钉内固定术
79.3500x016 股骨骨折切开复位钢板内固定术
79.3500x017 股骨骨折切开复位螺钉内固定术
79.3500x018 股骨骨折切开复位髓内针内固定术
79.3500x019 股骨骨折切开复位钢针内固定术
79.3501 股骨骨折切开复位内固定术
84.1701 大腿截断术",2.65,25570.97,,,13
189,HS21,肝硬化，伴严重合并症或并发症,"K70.100 酒精性肝炎
K70.300 酒精性肝硬化
K70.301+I98.2* 酒精性肝硬化伴食管静脉曲张
K70.302+I98.3* 酒精性肝硬化伴食管静脉曲张破裂出血
K70.303+I98.2* 酒精性肝硬化伴胃底静脉曲张
K70.304+I98.2* 酒精性肝硬化伴食管胃底静脉曲张
K70.305+I98.3* 酒精性肝硬化伴胃底静脉曲张破裂出血
K70.306+I98.3* 酒精性肝硬化伴食管胃底静脉曲张破裂出血
K70.900 酒精性肝病
K70.901 酒精性肝损害
K72.900x003+G94.3* 肝性脑病
K74.000 肝纤维化
K74.100 肝硬化
K74.300 原发性胆汁型肝硬化
K74.300x007+I98.2* 原发性胆汁型肝硬化伴食管胃底静脉曲张
K74.300x008+I98.3* 原发性胆汁型肝硬化伴食管胃底静脉曲张破裂出血
K74.301+I98.2* 原发性胆汁性肝硬化伴食管静脉曲张
K74.600x002 丙型肝炎肝硬化
K74.600x003 乙型肝炎肝硬化
K74.601 特指肝硬化
K74.602 乙型肝炎后肝硬化失代偿期
K74.603 丙型肝炎后肝硬化失代偿期
K74.604 自身免疫性肝炎后肝硬化失代偿期
K74.605 肝炎后肝硬化失代偿期
K74.607 肝硬化失代偿期
K74.608 肝炎后肝硬化
K74.614 自身免疫性肝硬化
K74.615+I98.3* 肝硬化伴食管静脉曲张破裂出血
K74.616+I98.2* 肝硬化伴食管静脉曲张
K74.617+I98.3* 肝硬化伴食管胃底静脉曲张破裂出血
K74.618+I98.3* 肝硬化伴胃底静脉曲张破裂出血
K74.619+I98.2* 肝硬化伴食管胃底静脉曲张
K74.620+I98.2* 肝硬化伴胃底静脉曲张","/
17.91210 耳针治疗
17.912A0 电针治疗
17.91330 悬灸治疗
17.95420 中药熏药治疗
27.2300 唇活组织检查
29.1100x002 纤维鼻咽镜检查
31.4200x003 纤维喉镜检查
33.2600x002 经皮针吸肺活检
34.0401 胸腔闭式引流术
34.9101 胸腔穿刺抽液术
34.9103 超声引导下胸腔穿刺术
38.9100 动脉导管插入术
38.9300x202 经皮颈静脉肝内门静脉-腔静脉置管术
38.9302 颈内静脉穿刺中心静脉置管术
41.3100 骨髓活组织检查
41.3800x001 骨髓穿刺术
44.1300x001 胃镜检查
44.1301 超声内镜下胃检查
45.1300x004 胃-十二指肠镜检查
45.1301 十二指肠镜检查术
45.1600x001 胃十二指肠镜下活检
45.2302 电子结肠镜检查
50.1100x001 超声引导下肝穿刺活检
54.9100x009 超声引导下盆腔穿刺术
54.9101 腹腔穿刺引流术
54.9105 腹腔穿刺术
60.1100x002 超声引导下前列腺穿刺活检
86.1100 皮肤和皮下组织的活组织检查
89.6700 心脏排出量监测，用氧耗技术
97.0101 鼻-胃管置换",1.04,10054.53,,,10
190,GE29,阑尾切除术,"D12.100 阑尾良性肿瘤
D37.301 阑尾肿瘤
K35.800x001 急性阑尾炎
K36.x00x003 亚急性阑尾炎
K36.x02 慢性阑尾炎","47.0100 腹腔镜下阑尾切除术
47.0901 阑尾切除术",1.02,9805.85,,,5
191,ES25,呼吸系统结核，不伴严重合并症或并发症,"A15.000x001 肺结核(显微镜检证实)
A15.000x002 肺结核(仅痰涂片证实)
A15.001 肺结核瘤，痰镜检(+)
A15.007 空洞型肺结核，痰镜检(+)
A15.107 空洞型肺结核，痰培养(+)
A15.201 肺结核瘤，病理(+)
A15.207 空洞型肺结核，病理(+)
A15.407 纵隔淋巴结结核，病理(+)
A15.509 支气管结核，病理(+)
A15.601 结核性胸膜炎，病理(+)
A15.604 结核性胸腔积液，细菌学(+)
A16.020 肺结核，病理(-)
A16.200x002 肺结核
A16.200x015 继发性肺结核
A16.207 空洞型肺结核
A16.500x004 结核性胸膜炎
A16.500x008 结核性胸膜炎(初治)","/
17.91330 悬灸治疗
33.2400x001 支气管镜下支气管活检
33.2400x002 支气管镜下诊断性支气管肺泡灌洗[BAL]
33.2403 纤维支气管镜检查伴肺泡灌洗术
33.2600x001 肺穿刺活检
33.2600x002 经皮针吸肺活检
33.2702 超声支气管镜下肺活组织检查
34.0400x001 胸腔引流管置换术
34.0401 胸腔闭式引流术
34.2400x001 胸膜活检
34.9101 胸腔穿刺抽液术
34.9103 超声引导下胸腔穿刺术
40.1100x005 经支气管超声内镜纵隔淋巴结穿刺活检术
41.3100 骨髓活组织检查
54.9101 腹腔穿刺引流术",1.17,11247.7,,,10
192,FL25,经皮心脏消融术伴房颤和/或房扑，不伴严重合并症或并发症,"I48.000 阵发性心房颤动
I48.100 持续性心房颤动
I48.900x003 心房扑动
I48.900x004 心房颤动[心房纤颤]",37.3401 经导管心脏射频消融术,9.03,86979.64,,,6
193,LS11,肾炎及肾病，伴严重合并症或并发症,"D69.005+N08.2* 肾型过敏性紫癜
E85.411+N29.8* 淀粉样变肾损害
I12.900x003 高血压性肾病
M31.701+N08.5* ANCA相关性肾炎
M32.101+N08.5* 狼疮性肾炎
M35.006+N16.4* 干燥综合征性肾小管间质肾炎
M35.007+N16.4* 干燥综合征性肾盂肾炎
N02.101 IgA肾病，局灶和节段性肾小球损害
N02.701 新月体性IgA肾病
N02.801 IgA肾病
N03.000 慢性肾炎综合征伴有轻微的肾小球异常
N03.100 慢性肾炎综合征伴有局灶性和节段性肾小球损害
N03.503 膜性增生性肾小球肾炎
N03.900 慢性肾炎综合征
N03.900x003 慢性肾炎
N03.900x004 隐匿型肾小球肾炎
N03.900x006 慢性肾病
N03.901 慢性肾小球肾炎
N04.001 肾病综合征伴微小病变性肾小球肾炎
N04.101 肾病综合征伴局灶硬化性肾小球肾炎
N04.102 肾病综合征伴节段硬化性肾小球肾炎
N04.200x001 肾病综合征伴膜性肾小球肾炎
N04.300x001 肾病综合征伴膜增值性肾小球肾炎
N04.300x003 肾病综合征伴膜性增殖性IgA肾病
N04.400x001 肾病综合征伴毛细血管增殖性肾炎
N04.900 肾病综合征
N05.000x001 肾小球微小病变
N05.101 局灶性肾炎
N05.201 膜性肾病
N05.301 系膜增生性肾小球肾炎
N05.501 膜增殖性肾小球肾炎
N05.701 新月体形肾小球肾炎
N05.900 肾炎综合征
N05.900x002 肾小球肾炎
N13.801 梗阻性肾病
N25.802 肾小管酸中毒
N25.803 肾小管酸中毒Ⅰ型
N28.817 失盐综合征","/
03.3101 腰椎穿刺术
27.2300 唇活组织检查
29.1100x002 纤维鼻咽镜检查
33.2400x002 支气管镜下诊断性支气管肺泡灌洗[BAL]
34.0401 胸腔闭式引流术
34.9103 超声引导下胸腔穿刺术
38.9100 动脉导管插入术
44.1300x001 胃镜检查
45.1300x004 胃-十二指肠镜检查
45.2302 电子结肠镜检查
55.2300x001 超声引导下肾穿刺活检
55.2301 肾穿刺活组织检查
55.2302 内镜下肾盂活组织检查
57.9400 留置导尿管的置入术
97.8900x004 为肾透析的半永久静脉导管拔管",0.86,8262.53,,,8
194,FU23,心律失常及传导障碍，伴合并症或并发症,"I44.100 Ⅱ度房室传导阻滞
I44.101 二度Ⅰ型房室传导阻滞
I44.303 房室传导阻滞
I44.400 左前分支传导阻滞
I45.600 预激综合征
I45.600x004 A型预激综合征
I45.600x005 B型预激综合征
I47.100 室上性心动过速
I47.100x004 房室结折返性心动过速
I47.101 房性心动过速
I47.102 阵发性室上性心动过速
I47.108 阵发性房性心动过速
I48.000 阵发性心房颤动
I48.100 持续性心房颤动
I48.200 慢性心房颤动
I48.900x003 心房扑动
I48.900x004 心房颤动[心房纤颤]
I49.100x001 房性期前收缩[房性早搏]
I49.300x002 室性期前收缩
I49.500 病态窦房结综合征
I49.800x015 房性逸搏
I49.802 室性心律失常
R00.100 心动过缓
R00.100x001 窦性心动过缓
R00.200 心悸","/
17.912A0 电针治疗
29.1100x002 纤维鼻咽镜检查
33.2400x002 支气管镜下诊断性支气管肺泡灌洗[BAL]
38.9100 动脉导管插入术
38.9304 股静脉穿刺置管术
45.1300x004 胃-十二指肠镜检查
88.7202 经食道超声心动图
89.6700 心脏排出量监测，用氧耗技术
99.6201 心律电复律",0.56,5434.52,,,6
195,CZ15,其他眼部疾病，不伴合并症或并发症,"E05.002+H06.2* 甲状腺功能障碍性突眼
H00.002 眼睑脓肿
H02.000 睑内翻和倒睫
H02.400 上睑下垂
H02.500 影响眼睑功能的其他疾患
H02.806 眼睑水肿
H02.901 眼睑肿物
H04.000 泪腺炎
H04.001 急性泪腺炎
H04.300x005 泪小管炎
H04.302 急性泪囊炎
H04.303 泪囊脓肿
H04.305 急性泪小管炎
H04.401 慢性泪囊炎
H04.509 泪道阻塞
H05.901 眼眶肿物
H10.101 变应性结膜炎
H10.900 结膜炎
H11.000 翼状胬肉
H15.000 巩膜炎
H16.100x004 晕性角膜炎
H18.100 大泡性角膜病变
H20.000x004 急性虹膜睫状体炎
H20.100 慢性虹膜睫状体炎
H20.900x004 葡萄膜炎[色素膜炎]
H30.901 视神经视网膜炎
H31.800x004 特发性息肉样脉络膜血管病变
H31.901 脉络膜肿物
H33.001 孔源性视网膜脱离
H35.300x010 干性年龄相关性黄斑变性
H35.300x011 湿性年龄相关性黄斑变性
H35.303 黄斑裂孔
H35.305 年龄相关性黄斑变性
H35.307 视网膜黄斑变性
H35.701 中心性浆液性脉络膜视网膜病变
H35.702 视网膜色素上皮脱离
H35.800x005 急性视网膜坏死综合征
H35.804 黄斑囊样水肿
H44.200x001 病理性近视
H49.807 痛性眼肌麻痹
H53.104 视物变形
H53.801 视物模糊
H54.601 单眼视力低下
H54.900 视力缺损，双眼
T26.100x001 角膜和结膜烧伤
T26.101 角膜烧伤
T26.602 角膜化学性烧伤
Z48.801 取出眼内硅油","/
03.3101 腰椎穿刺术
08.0902 眼睑切开引流术
08.2100x004 睑板腺脓肿切开引流术
09.0x00x001 泪囊切开引流术
10.9100 结膜下注射
16.2900 眼眶和眼球的其他诊断性操作
95.1201 眼荧光素血管造影",0.31,2995.62,,,3
196,ES38,呼吸系统感染/炎症，伴重症监护,"J10.000 流行性感冒伴有肺炎，季节性流感病毒
J10.000x001 已知病毒的流感性肺炎
J10.001 甲型H1N1流行性感冒性肺炎
J12.000 腺病毒肺炎
J12.100 呼吸道合胞体病毒肺炎
J12.800 病毒性肺炎，其他的
J12.900 病毒性肺炎
J13.x00 链球菌性肺炎
J14.x00 流感嗜血杆菌性肺炎
J15.000x002 克雷伯杆菌肺炎
J15.101 铜绿假单胞菌性肺炎
J15.200 葡萄球菌性肺炎
J15.400 链球菌性肺炎，其他的
J15.402 肠球菌属性肺炎
J15.500 大肠杆菌性肺炎
J15.600x002 革兰阴性细菌性肺炎
J15.600x003 粘质沙雷菌性肺炎
J15.600x005 鲍曼不动杆菌性肺炎
J15.601 变形杆菌性肺炎
J15.700 肺炎支原体性肺炎
J15.800x001 革兰阳性细菌性肺炎
J15.900 细菌性肺炎
J15.901 细菌性支气管肺炎
J15.902 社区获得性肺炎，非重症
J15.903 社区获得性肺炎，重症
J16.000 衣原体肺炎
J18.000 支气管肺炎
J18.100 大叶性肺炎
J18.200 坠积性肺炎
J18.800x001 多重感染的肺炎
J18.800x012 免疫抑制宿主性肺炎
J18.801 肺泡性肺炎
J18.802 医院获得性肺炎
J18.803 阻塞性肺炎
J18.900 肺炎
J18.903 重症肺炎
J85.001 肺坏死
J85.100 肺脓肿伴有肺炎
J85.300 纵隔脓肿
J86.902 包裹性脓胸
J86.903 脓气胸
J98.414 肺部感染
J98.502 纵隔感染","/
00.6800x001 肢体动脉血管内压力测量
03.3101 腰椎穿刺术
06.1101 超声引导下经皮甲状腺活组织检查术
17.91110 头针治疗
17.91210 耳针治疗
17.912A0 电针治疗
17.91330 悬灸治疗
17.95420 中药熏药治疗
17.98410 直肠滴注治疗
27.2300 唇活组织检查
29.1100x002 纤维鼻咽镜检查
31.4200x003 纤维喉镜检查
31.4201 喉镜检查
33.2200x003 纤维支气管镜检查
33.2302 电子支气管镜检查
33.2400x001 支气管镜下支气管活检
33.2400x002 支气管镜下诊断性支气管肺泡灌洗[BAL]
33.2403 纤维支气管镜检查伴肺泡灌洗术
33.2405 气管镜刷检术
33.2600x001 肺穿刺活检
33.2600x002 经皮针吸肺活检
33.2702 超声支气管镜下肺活组织检查
33.9302 肺穿刺引流术
34.0101 胸壁切开引流术
34.0401 胸腔闭式引流术
34.9101 胸腔穿刺抽液术
34.9103 超声引导下胸腔穿刺术
34.9104 CT引导下胸腔穿刺术
37.0x00x002 心包穿刺引流术
38.9100 动脉导管插入术
38.9301 经外周静脉穿刺中心静脉置管术
38.9302 颈内静脉穿刺中心静脉置管术
38.9303 锁骨下静脉穿刺中心静脉置管术
38.9304 股静脉穿刺置管术
38.9800x001 动脉穿刺术
40.1100x007 超声内镜下纵隔淋巴结细针穿刺活检(FNA)
41.3100 骨髓活组织检查
44.1300x001 胃镜检查
44.1401 胃镜下活组织检查
45.1300x004 胃-十二指肠镜检查
45.1600x001 胃十二指肠镜下活检
45.2302 电子结肠镜检查
45.2501 结肠镜下大肠活组织检查
48.2401 直肠乙状结肠镜下直肠活组织检查
54.9101 腹腔穿刺引流术
57.9400 留置导尿管的置入术
60.1100x002 超声引导下前列腺穿刺活检
86.0400x011 皮肤和皮下组织切开引流术
86.0600x004 药物治疗泵置入
86.1100 皮肤和皮下组织的活组织检查
86.2800x012 皮肤和皮下组织非切除性清创
89.1301 脑干听觉诱发电位
89.1400 脑电图
89.1900x001 视频脑电图监测
89.3701 肺功能测定
89.3702 肺功能康复评定
89.5001 24小时动态心电图
89.5400 心电监测
89.6500x002 动脉血气分析
89.6700 心脏排出量监测，用氧耗技术
93.1800 呼吸训练
93.3908 中药贴敷
93.4201 颈椎牵引术
93.5402 石膏托固定术
95.0400 麻醉下眼检查
96.0800x005 鼻十二指肠营养管置入术
96.4901 膀胱灌注
99.0301 输血
99.0401 红细胞输入
99.0500 输入血小板
99.8300x005 蓝光照射治疗
99.8301 新生儿蓝光治疗",1.6,15378.65,,,10
197,FU25,心律失常及传导障碍，不伴合并症或并发症,"I44.100 Ⅱ度房室传导阻滞
I44.101 二度Ⅰ型房室传导阻滞
I44.303 房室传导阻滞
I44.400 左前分支传导阻滞
I45.600 预激综合征
I45.600x004 A型预激综合征
I45.600x005 B型预激综合征
I47.100 室上性心动过速
I47.100x004 房室结折返性心动过速
I47.101 房性心动过速
I47.102 阵发性室上性心动过速
I47.108 阵发性房性心动过速
I48.000 阵发性心房颤动
I48.100 持续性心房颤动
I48.200 慢性心房颤动
I48.900x003 心房扑动
I48.900x004 心房颤动[心房纤颤]
I49.100x001 房性期前收缩[房性早搏]
I49.300x002 室性期前收缩
I49.500 病态窦房结综合征
I49.800x015 房性逸搏
I49.802 室性心律失常
R00.100 心动过缓
R00.100x001 窦性心动过缓
R00.200 心悸","/
17.912A0 电针治疗
29.1100x002 纤维鼻咽镜检查
33.2400x002 支气管镜下诊断性支气管肺泡灌洗[BAL]
38.9100 动脉导管插入术
38.9304 股静脉穿刺置管术
45.1300x004 胃-十二指肠镜检查
88.7202 经食道超声心动图
89.6700 心脏排出量监测，用氧耗技术
99.6201 心律电复律",0.42,4031.36,,,4
198,EB15,肺大手术，不伴严重合并症或并发症,"A15.201 肺结核瘤，病理(+)
C34.100x003 左肺上叶恶性肿瘤
C34.100x004 右肺上叶恶性肿瘤
C34.201 肺中叶恶性肿瘤
C34.300x003 左肺下叶恶性肿瘤
C34.300x004 右肺下叶恶性肿瘤
C34.800x001 右肺中上叶恶性肿瘤
C34.800x002 右肺中下叶恶性肿瘤
C34.800x003 左肺上下叶恶性肿瘤
C34.803 肺上下叶恶性肿瘤
C34.900x005 右肺恶性肿瘤
C78.000 肺部继发性恶性肿瘤
D02.200x002 肺原位癌
D14.300x001 肺良性肿瘤
J84.102 肺肉芽肿
J86.017 支气管胸膜瘘
J98.400x001 肺病
J98.400x016 肺炎性肿物
J98.402 肺不典型增生
J98.405 肺炎性假瘤
J98.409 肺囊肿
Q85.901 肺错构瘤
R91.x03 肺占位性病变","32.3001 胸腔镜下肺叶部分切除术
32.3902 肺叶部分切除术
32.4100 胸腔镜下肺叶切除术
32.4100x002 胸腔镜下复合肺叶切除术
32.4101 胸腔镜下肺叶伴邻近肺叶节段切除术
32.4902 肺叶切除术",5.17,49796.36,,,9
199,NF15,外阴、阴道、宫颈手术，不伴严重合并症或并发症,"C53.900 宫颈恶性肿瘤
D06.900x002 子宫颈上皮内瘤变III级[CINIII级]
D07.100 外阴原位癌
D07.100x002 外阴上皮内瘤变III级[VINIII级]
D25.901 宫颈平滑肌瘤
D26.100x002 子宫腺肌瘤
D28.000 外阴良性肿瘤
N72.x00x003 慢性子宫颈炎
N75.000 前庭大腺囊肿
N75.100 前庭大腺脓肿
N81.101 阴道前壁脱垂
N81.202 Ⅱ度子宫脱垂
N81.301 Ⅲ度子宫脱垂
N81.801 陈旧性会阴裂伤
N81.802 阴道前后壁脱垂
N84.000 子宫体息肉
N84.001 子宫内膜息肉
N84.100 宫颈息肉
N87.001 宫颈上皮内肿瘤，Ⅰ级
N87.101 宫颈上皮内肿瘤，Ⅱ级
N88.300 宫颈功能不全
N88.807 宫颈赘生物
N89.805 阴道裂伤
N89.806 阴道囊肿
N89.809 阴道赘生物
N90.301 外阴鳞状上皮增生
N90.700 外阴囊肿
N90.800x011 会阴囊肿
N90.801 会阴瘢痕
N90.803 外阴陈旧性裂伤
N90.807 外阴血肿
N90.808 阴唇粘连
N90.902 外阴肿物
N93.901 异常子宫出血
N94.100 性交疼痛
N95.000 绝经后出血
N99.800x010 子宫切口憩室
R93.803 子宫内膜增厚
S30.200x010 创伤性外阴血肿
S31.401 创伤性外阴裂伤
T83.303 子宫内节育器嵌顿","67.2x00 子宫颈锥形切除术
67.3201 子宫颈环形电切术
67.3202 子宫颈锥形电切术
67.3203 宫腔镜子宫颈病损电切术
67.3302 子宫颈冷冻锥形切除术
67.3900x001 经阴道子宫颈病损切除术
67.3902 宫腔镜子宫颈病损切除术
67.3904 子宫颈病损切除术
67.5101 腹腔镜子宫颈环扎术
70.1100 处女膜切开术
70.3301 阴道病损切除术
70.4x03 阴道闭合术
70.7100 阴道裂伤缝合术
71.0100x003 大阴唇粘连松解术
71.0100x004 阴唇粘连松解术
71.0900x004 外阴血肿清除术
71.0900x006 外阴脓肿穿刺术
71.2200x001 前庭大腺囊肿切开术
71.2400x001 前庭大腺病损切除术
71.2400x003 前庭大腺切除术
71.2900x002 前庭大腺造口术
71.3x00x001 大阴唇病损切除术
71.3x00x007 女性会阴部瘢痕切除术
71.3x01 会阴病损切除术
71.3x04 外阴病损切除术
71.7101 外阴裂伤缝合术
71.7102 会阴裂伤缝合术",0.48,4604.46,,,3
200,DJ15,头、颈、耳、鼻、咽、口其他手术，不伴合并症或并发症,"A18.205 颈淋巴结结核
A18.805+K93.8* 颌下腺结核
C08.900 大涎腺恶性肿瘤
C44.300x005 颞部皮肤恶性肿瘤
C44.302 额部皮肤恶性肿瘤
C44.400x004 头皮恶性肿瘤
C77.002 颈部淋巴结继发恶性肿瘤
D04.300x002 面皮肤原位癌
D10.100 舌良性肿瘤
D10.200 口底良性肿瘤
D17.000x003 头部脂肪瘤
D17.001 面部脂肪瘤
D17.002 颈部脂肪瘤
D18.003 面部血管瘤
D18.102 颈部淋巴管瘤
D21.001 面部结缔组织良性肿瘤
D22.301 面部黑素细胞痣
D22.400x002 头皮黑色素痣
D23.301 面部皮肤良性肿瘤
D23.400x003 头皮良性肿瘤
D36.701 头部良性肿瘤
D36.703 颈部良性肿瘤
D48.702 头颈部肿瘤
K09.204 上颌骨囊肿
K09.801 腮腺淋巴上皮囊肿
K09.804 颏部皮样囊肿
K11.205 慢性颌下腺炎
K11.302 颌下腺脓肿
K11.605 颌下腺囊肿
K14.805 舌囊肿
K14.901 舌肿物
Q18.002 先天性鳃裂囊肿
Q38.500x005 悬雍垂过长
Q89.202 甲状舌管囊肿
R04.000 鼻出血
S00.003 头皮异物
S02.600 下颌骨骨折","06.7x01 甲状舌管病损切除术
21.0400 控制鼻出血，用筛动脉结扎术
24.4x01 颌骨上牙囊肿切除术
25.1x01 舌病损切除术
25.1x04 支撑喉镜下舌根部病损切除术
26.2904 颌下腺病损切除术
26.3100x009 腮腺浅叶切除术
26.3201 腮腺切除术
26.3203 颌下腺切除术
27.4900x007 口底病损切除术
27.4902 颌下区病损切除术
27.7901 悬雍垂病损切除术
27.9900x005 面部病损切除术
27.9902 颏下病损切除术
40.2900x021 颈淋巴结切除术
40.2910 淋巴管瘤切除术
86.2201 皮肤伤口切除性清创术
86.3x02 皮肤病损切除术
86.3x03 皮下组织病损切除术",0.59,5641.07,,,3
201,LQY,歧义组(MDCL),"C64.x00x001 肾恶性肿瘤
C67.900 膀胱恶性肿瘤
C68.000 尿道恶性肿瘤
C76.303 会阴部恶性肿瘤
E85.411+N29.8* 淀粉样变肾损害
M31.701+N08.5* ANCA相关性肾炎
M32.101+N08.5* 狼疮性肾炎
M35.006+N16.4* 干燥综合征性肾小管间质肾炎
N01.900x001 急进性肾炎
N02.101 IgA肾病，局灶和节段性肾小球损害
N02.801 IgA肾病
N03.900 慢性肾炎综合征
N04.200x001 肾病综合征伴膜性肾小球肾炎
N04.900 肾病综合征
N05.501 膜增殖性肾小球肾炎
N13.601 肾结石伴有积水和感染
N13.602 输尿管结石伴有积水和感染
N13.603 肾输尿管结石伴有积水和感染
N15.900x002 肾周围感染
N17.800 急性肾衰竭，其他的
N17.900 急性肾衰竭
N17.900x003 急性肾功能不全
N18.300 慢性肾脏病3期
N18.400 慢性肾脏病4期
N18.500 慢性肾脏病5期
N18.904 慢性肾功能不全
N19.x03 肾功能不全
N20.000 肾结石
N20.100 输尿管结石
N20.900 泌尿系结石
N28.100 肾囊肿
N28.839 肾周围炎
N28.900x026 IgG相关性肾病
N30.400 放射性膀胱炎
N39.000 泌尿道感染
N39.300 压力性尿失禁
Q85.903 肾错构瘤
R31.x00 血尿
R93.405 膀胱占位性病变
T82.800x003 人工动静脉瘘闭塞
T82.800x005 人工动静脉瘘血栓形成
T83.802 阴道网片侵蚀
T86.102 移植肾功能不全","00.2400x001 冠状动脉血管内超声(IVUS)
00.6100x012 经皮颈静脉球囊扩张成形术
09.4300 鼻泪管探通术
13.4100x001 白内障超声乳化抽吸术
13.6900x002 激光后囊切开术[YAG]
14.2402 视网膜病损激光凝固术
26.3200x001 唇腺切除术
36.0601 冠状动脉药物涂层支架置入术
36.0700 药物洗脱冠状动脉支架置入
37.7800 暂时性经静脉起搏器系统的置入
38.0300x005 上肢动脉探查术
38.0301 上肢静脉取栓术
39.4900x006 上肢人工血管血栓切除术
39.5300x011 动静脉瘘切除术
39.5303 动静脉瘘结扎术
39.7900x017 结肠动脉栓塞术
39.7900x019 髂动脉栓塞术
39.7900x020 肾动脉栓塞术
39.7901 经导管肾血管栓塞术
39.7906 经导管髂内动脉栓塞术
40.2400 腹股沟淋巴结切除术
43.4105 内镜下胃息肉切除术
43.4108 内镜下胃黏膜切除术[EMR]
44.1101 经腹胃镜检查(手术中)
44.4300x002 胃镜下胃出血止血术
45.4200x003 纤维结肠镜下结肠息肉切除术
45.4201 内镜下乙状结肠息肉切除术
45.4302 内镜下结肠病损切除术
45.4307 内镜下结肠黏膜切除术(EMR)
48.3600x004 内镜下直肠黏膜切除术(EMR)
48.3601 直肠息肉切除术
49.3900x015 肛门皮肤和皮下坏死组织切除清创术
54.2300x003 腹膜后活检术
60.0x00x003 前列腺脓肿引流术
60.7200x002 经尿道精囊镜精囊碎石取石术
68.2915 宫腔镜子宫内膜病损切除术
69.2200x008 腹腔镜下子宫-骶棘韧带固定术
70.3302 阴道病损破坏术
70.5201 阴道后壁修补术
71.3x01 会阴病损切除术
81.9101 关节抽吸术
81.9201 关节治疗性物质注射
86.0100x002 皮肤和皮下组织脓肿抽吸术
86.0502 皮肤和皮下组织异物切开取出术
86.2201 皮肤伤口切除性清创术
86.5900x006 皮肤缝合术
88.4500 肾动脉造影术
88.5500 单根导管的冠状动脉造影术
92.2400x003 调强适形放射治疗[IMRT]
96.0400 气管内插管
99.1000x010 上肢静脉导管溶栓
99.2503 静脉注射化疗药物
99.2800x005 静脉注射抗肿瘤免疫制剂治疗",/,/,,,/
202,FK45,永久性起搏器植入/置换/更新，不伴合并症或并发症,"I21.103 急性下壁心肌梗死
I21.401 急性非ST段抬高型心肌梗死
I25.500 缺血性心肌病
I42.001 扩张型心肌病（充血型心肌病）
I42.100 梗阻性肥厚型心肌病
I44.100 Ⅱ度房室传导阻滞
I44.102 二度Ⅱ型房室传导阻滞
I44.200 Ⅲ度房室传导阻滞
I44.201 高度房室传导阻滞
I47.200 室性心动过速
I48.200 慢性心房颤动
I49.001 心室颤动
I49.500 病态窦房结综合征
I50.101 急性左心衰竭
I50.900x018 慢性心功能不全急性加重
I50.907 急性心力衰竭
T82.100x015 心脏电子装置囊袋破溃
T82.703 心脏起搏器植入感染
Z45.002 更换心脏起搏器
Z45.005 更换心脏起搏器脉冲发生器","37.8101 单腔永久起搏器置入术
37.8201 频率应答单腔永久起搏器置入术
37.8301 双腔永久起搏器置入术
37.8501 单腔永久起搏器置换术
37.8601 频率应答单腔永久起搏器置换术
37.8701 双腔永久起搏器置换术
37.9401 心脏除颤器置入术
37.9402 自动心脏复律器置入术",5.48,52775.88,,,8
203,IB29,脊柱2节段及以下脊柱融合术,"M43.006 腰椎滑脱
M47.101+G99.2* 脊髓型颈椎病
M47.201 神经根型颈椎病
M47.802 混合型颈椎病
M48.005 腰椎椎管狭窄
M50.101+G55.1* 颈椎间盘突出伴有神经根病
M50.201 颈椎间盘突出
M51.100x002+G55.1* 腰椎间盘突出伴神经根病
M51.101+G55.1* 腰椎间盘脱出伴坐骨神经痛
M51.201 胸椎间盘突出
M51.202 腰椎间盘突出
M53.207 腰椎不稳定
M80.801 老年性骨质疏松伴病理性骨折
S12.100x003 枢椎椎弓根骨折[Hangman骨折]
S22.000x061 胸椎骨折T11/T12
S32.000x031 腰椎骨折L3","81.0200x001 前入路颈椎融合术
81.0200x002 前外侧入路颈椎融合术
81.0300x001 后入路颈椎融合术
81.0500x005 后外侧入路胸椎融合术
81.0501 胸椎融合术，后入路
81.0502 胸腰椎融合术，后入路
81.0800x016 后外侧入路腰椎融合术
81.0800x017 后外侧入路腰骶椎融合术
81.0800x018 经椎间孔入路腰椎体融合术
81.0801 腰椎椎体间融合术，后入路",4.62,44481.66,,,13
204,IC45,除置换/翻修外的髋、肩、膝、肘、踝和足部关节其他手术，不伴合并症或并发症,"C40.202 胫骨恶性肿瘤
C49.200x002 下肢软组织恶性肿瘤
D18.000x860 膝关节血管瘤
D21.100x003 肘部结缔组织良性肿瘤
M00.005 葡萄球菌性膝关节炎
M00.900x061 感染性膝关节炎
M05.308 累及全身类风湿性关节炎
M10.002 痛风性关节炎
M10.900x093 痛风石
M12.200x061 膝色素沉着绒毛结节性滑膜炎
M12.200x071 踝关节色素沉着绒毛结节性滑膜炎
M12.500x061 膝关节创伤性关节病
M17.000 原发性双侧膝关节病
M17.101 原发性单侧膝关节病
M19.902 肘关节关节病
M19.905 踝关节关节病
M21.200x021 后天性肘关节屈曲变形
M23.001 膝半月板囊肿
M23.100 盘状半月板(先天性)
M23.213 陈旧性膝半月板损伤
M23.302 内侧半月板后角损伤
M23.303 内侧半月板损伤
M23.306 外侧半月板损伤
M23.308 半月板损伤
M23.400 膝关节游离体
M24.002 肘关节游离体
M24.006 踝关节游离体
M24.401 复发性肩关节脱位
M25.803 肩关节囊肿
M25.804 肘关节囊肿
M25.807 髋关节囊肿
M25.808 膝关节囊肿
M60.001 肩区感染性肌炎
M65.900x062 膝关节滑膜皱襞综合征
M65.902 肘关节滑膜炎
M65.905 髋关节滑膜炎
M65.906 膝关节滑膜炎
M65.907 踝关节滑膜炎
M70.301 过度打击肘
M70.400 髌前囊炎
M71.200x001 腘窝囊肿
M71.307 膝关节滑膜囊肿
M75.000x001 冻结肩
M75.103 肩袖自发性破裂
M76.301 涉及髂胫带弹响髋
M76.600 跟腱炎
M76.800x072 踝关节撞击综合征
M77.101 肱骨外上髁炎
M77.300 跟骨骨刺
M85.600x052 坐骨结节囊肿
M87.800x051 股骨头缺血性坏死
M87.900x071 距骨骨坏死
Q78.405 先天性膝滑膜骨软骨瘤病
S42.200x001 肱骨近端骨折
S42.200x041 肱骨大结节骨折
S43.000 肩关节脱位
S43.000x011 肱骨前脱位
S43.100 肩锁关节脱位
S52.000x001 肘关节骨折
S53.100 肘关节脱位
S53.300x001 尺侧副韧带断裂
S63.000x011 下尺桡关节脱位
S72.000x041 股骨颈经颈骨折
S73.000 髋脱位
S82.010 开放性髌骨骨折
S82.212 开放性胫腓骨干骨折
S83.200x001 膝半月板撕裂
S83.200x006 膝外侧半月板撕裂
S83.201 膝内侧半月板损伤
S83.202 膝外侧半月板损伤
T84.000x012 人工股骨头置换术后假体松动
T84.002 髋关节假体松动
T84.003 髋关节假体障碍
T84.501 髋关节假体植入感染","77.6601 髌骨病损切除术
77.8600 髌骨部分骨切除术
79.7100 肩脱位闭合性复位术
79.7200 肘脱位闭合性复位术
79.7500 髋脱位闭合性复位术
79.8100x003 肩关节脱位切开复位内固定术
79.8100x006 肩锁关节脱位切开复位内固定术
79.8200x001 肘关节脱位切开复位内固定术
79.8900x001 尺桡关节脱位切开复位术
80.1201 关节镜肘关节游离体取出术
80.1600x001 膝关节切开引流术
80.1604 关节镜膝关节游离体取出术
80.1702 踝关节游离体去除术,经关节镜
80.4102 关节镜肩关节松解术
80.4202 关节镜肘关节松解术
80.4502 关节镜髋关节松解术
80.6x00x010 膝关节镜下外侧半月板切除术
80.6x00x011 膝关节镜下内侧半月板切除术
80.6x05 关节镜膝关节半月板切除术
80.6x06 关节镜膝关节半月板部分切除术
80.6x08 关节镜膝外侧半月板部分切除术
80.7101 关节镜肩关节滑膜切除术
80.7201 关节镜肘关节滑膜切除术
80.7601 关节镜膝关节滑膜切除术
80.7701 关节镜踝关节滑膜切除术
80.8101 肩关节病损切除术
80.8201 肘关节病损切除术
80.8202 关节镜肘关节病损切除术
80.8501 髋关节病损切除术
80.8502 关节镜髋关节病损切除术
80.8601 膝关节病损切除术
80.8602 关节镜膝关节病损切除术
80.8701 踝关节病损切除术
80.8702 关节镜踝关节病损切除术
84.1600 膝关节离断术",1.46,14067.43,,,6
205,FL49,先天性心脏病介入治疗,"I25.800x005 冠状动脉瘘
Q21.000 室间隔缺损
Q21.100 房间隔缺损
Q21.101 中央型房间隔缺损(卵圆孔型)
Q21.102 房间隔缺损(继发孔型)
Q25.000 动脉导管未闭","35.5200x001 经皮房间隔缺损封堵术
35.5200x002 经皮卵圆孔未闭封堵术
35.5201 房间隔缺损闭式封堵术
35.5500x001 经皮室间隔缺损封堵术
36.9900x005 经皮冠状动脉-右房瘘封堵术
39.7800x008 经皮动脉导管未闭封堵术",3.33,32118.92,,,5
206,IS15,前臂、腕、手或足损伤，不伴合并症或并发症,"S51.901 开放性前臂损伤
S52.000x002 尺骨近端骨折
S52.000x021 尺骨冠突骨折
S52.100x001 桡骨近端骨折
S52.101 桡骨头骨折
S52.300 桡骨干骨折
S52.400x001 桡尺骨骨干骨折
S52.500x001 桡骨远端骨折
S52.600x001 尺骨远端骨折伴桡骨远端骨折
S52.600x002 尺骨茎突骨折伴桡骨远端骨折
S52.802 尺骨茎突骨折
S52.804 尺骨下端骨折
S53.402 肘关节扭伤
S61.702 开放性手多发损伤
S61.901 开放性手部损伤
S62.000x001 腕舟骨骨折
S62.100x031 豆骨骨折
S62.100x041 大多角骨骨折
S62.200 第一掌骨骨折
S62.200x011 第一掌骨基底骨折
S62.300x011 掌骨基底骨折
S62.300x021 掌骨干骨折
S62.301 掌骨骨折
S62.500 拇指骨折
S62.500x011 拇指近节骨折
S62.500x021 拇指远节骨折
S62.510 开放性拇指骨折
S62.600x011 指骨近节骨折
S62.600x021 指骨中节骨折
S62.600x031 指骨远节骨折
S62.611 开放性指骨骨折
S62.700 手指多处骨折
S62.710 开放性多发性指骨骨折
S63.100x002 拇指关节脱位
S63.500x101 腕关节三角纤维软骨损伤
S66.100x003 腕和手指屈肌腱损伤
S66.100x009 手部指屈肌腱损伤
S66.300x009 手部指伸肌腱损伤
S86.001 跟腱断裂
S91.303 足裂伤
S92.000 跟骨骨折
S92.201 骰骨骨折
S92.202 足舟状骨骨折
S92.203 楔状骨骨折(足)
S92.300 跖骨骨折
S92.300x003 跖骨基底骨折
S92.310 开放性跖骨骨折
S92.400 拇趾骨折
S92.410 开放性拇趾骨折
S92.500x001 趾骨骨折
S92.700 足多处骨折
S92.900 足骨折
S93.300x031 跗跖关节骨折脱位[Lisfranc骨折脱位]
S93.601 足扭伤
S96.100x002 足拇长肌腱损伤
S96.101 足拇长伸肌腱断裂","/
45.1300x004 胃-十二指肠镜检查
86.2701 甲床清创术
93.5300x001 石膏绷带固定
93.5400x001 夹板外固定
93.5401 石膏夹板固定
93.5402 石膏托固定术
93.5403 肢体夹板固定术",0.5,4778.5,,,7
207,FN23,其他外周血管检查和/或治疗，伴一般合并症或并发症,"I15.102 肾性高血压
I26.900x001 肺栓塞
I26.900x009 慢性肺动脉栓塞
I26.900x011 急性大面积肺血栓栓塞症
I70.101 肾动脉狭窄
I70.204 下肢动脉硬化闭塞症
I72.811 脾动脉瘤
I74.201 上肢动脉栓塞
I74.800x011 肠系膜上动脉闭塞
I74.801 锁骨下动脉闭塞
I77.000x011 动静脉内瘘血栓形成
I77.102 锁骨下动脉狭窄
I77.114 腹腔干动脉狭窄
I77.603 血管炎
I80.206 髂静脉血栓形成
I80.207 下肢深静脉血栓形成
I80.300x005 下肢静脉闭塞
I80.303 下肢静脉血栓形成
I82.203 下腔静脉血栓形成
I82.800x005 髂外静脉栓塞
I82.803 锁骨下静脉血栓形成
I83.000 下肢静脉曲张伴有溃疡
I83.101 下肢静脉曲张伴静脉炎
I83.900x004 下肢静脉曲张
I87.100x008 锁骨下静脉压迫综合征
I87.102 上肢静脉狭窄
I87.103 无名静脉狭窄
I87.112 下腔静脉狭窄
I87.115 髂总静脉狭窄
I87.116 髂总静脉压迫综合征[Cockett综合征]
I87.201 下肢静脉功能不全
I87.805 下肢静脉回流障碍
Q25.701 先天性肺动静脉瘘
Q27.800x041 周围动脉畸形
Q28.800x007 支气管动脉畸形
Q28.801 肺血管畸形","38.7x04 下腔静脉滤器置入术
39.5000x013 锁骨下静脉球囊扩张成形术
39.5000x025 上肢静脉球囊扩张成形术
39.5001 锁骨下动脉球囊血管成形术
39.5006 肝静脉球囊血管成形术
39.5016 肱动脉球囊血管成形术
39.7900x028 经皮肠系膜上动脉取栓术
39.7900x036 经皮上肢动脉取栓术
39.7900x037 经皮上肢静脉取栓术
39.7900x043 经皮下肢静脉取栓术
39.7900x809 下肢静脉滤器置入术
39.7902 经导管支气管动脉栓塞术
39.7904 经导管脾动脉栓塞术
39.9000x010 脾动脉支架置入术
39.9000x011 髂静脉支架置入术
39.9000x016 下肢静脉支架置入术
39.9002 腹腔干动脉支架置入术
39.9008 锁骨下动脉支架置入术
39.9016 肾动脉支架置入术
88.4300 肺动脉造影术
88.4500 肾动脉造影术
88.5102 下腔静脉造影
88.6600x002 下肢静脉造影
88.6703 髂静脉造影",3.03,29163.66,,,8
208,EV13,呼吸系统症状、体征，伴合并症或并发症,"R04.200 咯血
R05.x00 咳嗽
R05.x01 咳嗽晕厥综合征
R05.x02 类百日咳综合征
R06.000 呼吸困难
R06.600 呃逆
R06.801 屏气
R09.801 胸闷
R91.x00x001 肺部阴影
R91.x03 肺占位性病变
R93.805 纵隔阴影","/
17.91330 悬灸治疗
17.95420 中药熏药治疗
29.1100x002 纤维鼻咽镜检查
31.4200x003 纤维喉镜检查
33.2200x003 纤维支气管镜检查
33.2400x001 支气管镜下支气管活检
33.2400x002 支气管镜下诊断性支气管肺泡灌洗[BAL]
33.2600x001 肺穿刺活检
33.2600x002 经皮针吸肺活检
33.2702 超声支气管镜下肺活组织检查
34.0401 胸腔闭式引流术
34.9101 胸腔穿刺抽液术
37.0x01 超声引导下心包穿刺引流术
40.1100x005 经支气管超声内镜纵隔淋巴结穿刺活检术
40.1100x007 超声内镜下纵隔淋巴结细针穿刺活检(FNA)
40.1100x009 纵隔淋巴结活检术
40.1101 颈淋巴结活组织检查
40.1103 腋窝淋巴结活组织检查
44.1300x001 胃镜检查
44.1401 胃镜下活组织检查
45.1300x004 胃-十二指肠镜检查
83.2100 软组织活组织检查
89.1900x001 视频脑电图监测",0.71,6856.21,,,6
209,HZ13,其他肝脏疾病，伴一般合并症或并发症,"B65.903+K77.0* 血吸虫性肝炎
D18.013 肝血管瘤
I81.x00 门静脉血栓形成
I86.808 肝静脉瘤
K71.601 药物性肝炎
K71.901 药物性肝损害
K72.004 急性非病毒性肝炎
K72.902 肝萎缩
K75.000 肝脓肿
K75.003 细菌性肝脓肿
K75.400 自身免疫性肝炎
K75.804 胆汁淤积性肝炎
K76.000 脂肪肝
K76.600x007 非肝硬化性门脉高压
K76.800x006 肝功能不全
K76.801 自发性肝破裂出血
K76.803 肝出血
K76.804 肝结节
K76.806 多发性肝囊肿
K76.807 肝囊肿
K76.808 肝结节性局灶性增生
K76.811 肝血肿
K76.813 肝内钙化点
K76.814 肝癌破裂出血
K76.816 肝细胞性黄疸
K76.900x002 肝损害
K76.901 肝肿物
R17.901 高胆红素血症
R93.203 肝占位性病变
R94.500 肝功能检查的异常结果
S36.100x001 肝损伤
S36.100x011 肝挫伤
T86.400x017 肝移植后肝功能不全","/
03.9102 脊神经根阻滞术
17.91110 头针治疗
17.912A0 电针治疗
17.91330 悬灸治疗
17.95420 中药熏药治疗
27.2300 唇活组织检查
38.9100 动脉导管插入术
38.9302 颈内静脉穿刺中心静脉置管术
42.2300x001 食管镜检查
44.1300x001 胃镜检查
45.1300x004 胃-十二指肠镜检查
45.2302 电子结肠镜检查
45.2303 超声结肠镜检查
45.2501 结肠镜下大肠活组织检查
50.1100x001 超声引导下肝穿刺活检
50.1100x005 经皮肝穿刺活检
50.9101 经皮肝穿刺引流术
50.9102 肝脓肿穿刺引流术
50.9103 肝囊肿穿刺引流术
52.1900x001 超声内镜下胰腺检查
54.9101 腹腔穿刺引流术
70.0x00x003 经阴道腹腔穿刺引流术
86.1100 皮肤和皮下组织的活组织检查
93.3908 中药贴敷
99.6000 心肺复苏",0.68,6547.02,,,8
210,NS15,女性生殖系统感染，不伴合并症或并发症,"N70.103 输卵管积水
N70.900x003 输卵管积脓
N70.900x007 输卵管脓肿
N70.904 输卵管炎
N71.901 子宫积脓
N71.902 子宫内膜炎
N73.003 急性女性盆腔炎
N73.101 慢性女性盆腔炎
N73.300 女性急性盆腔腹膜炎
N73.500 女性盆腔腹膜炎
N73.902 女性盆腔炎
N73.903 女性盆腔脓肿
N75.100 前庭大腺脓肿
N75.802 前庭大腺炎
N76.000x006 阴道壁脓肿
N76.400 外阴肿脓","/
45.1300x004 胃-十二指肠镜检查
45.1600x001 胃十二指肠镜下活检
69.0902 宫腔镜诊断性刮宫术
69.9100x001 宫腔引流术
70.0x00x002 后穹窿穿刺引流术
70.1406 阴道切开引流术
71.0902 外阴切开引流术
71.2200x002 前庭大腺脓肿切开引流术",0.34,3230.99,,,6
211,QT15,血栓与止血，不伴合并症或并发症,"D65.x00x001 弥散性血管内凝血
D65.x01 后天性纤维蛋白原缺乏血症
D67.x01 血友病B型
D68.201 纤维蛋白原缺乏血症
D68.400x002 获得性维生素K依赖因子缺乏症
D68.601 抗心磷脂抗体综合征
D68.900x003 凝血功能异常
D68.900x006 低纤维蛋白原血症
D69.001 皮肤型过敏性紫癜
D69.002 关节型过敏性紫癜
D69.004 过敏性紫癜
D69.006 混合型过敏性紫癜
D69.008 变应性血管炎
D69.009 腹型过敏性紫癜
D69.203 紫癜
D69.300 特发性血小板减少性紫癜
D69.400x002 免疫性血小板减少
D69.403 原发性血小板减少症
D69.406 血小板减少性紫癜
D69.500 继发性血小板减少
D69.502 药物性血小板减少症
D69.600 血小板减少","/
17.91330 悬灸治疗
27.2300 唇活组织检查
33.2400x002 支气管镜下诊断性支气管肺泡灌洗[BAL]
41.3100 骨髓活组织检查
45.1300x004 胃-十二指肠镜检查
57.9400 留置导尿管的置入术
86.1100 皮肤和皮下组织的活组织检查
99.0301 输血
99.0500 输入血小板
99.0701 血浆输入
99.0901 人造血浆输入
99.7400 治疗性血小板去除术",0.43,4142.86,,,6
212,HR11,肝胆胰系统恶性肿瘤，伴严重合并症或并发症,"C22.000 肝细胞癌
C22.100 肝内胆管癌
C22.700 肝恶性肿瘤，其他特指的
C22.900 肝恶性肿瘤
C23.x00 胆囊恶性肿瘤
C24.000x007 肝门胆管恶性肿瘤
C24.002 胆管恶性肿瘤
C24.003 胆总管恶性肿瘤
C24.100 法特壶腹恶性肿瘤
C24.900 胆道恶性肿瘤
C25.000 胰头恶性肿瘤
C25.100 胰体恶性肿瘤
C25.200 胰尾恶性肿瘤
C25.701 胰颈恶性肿瘤
C25.800x001 胰头和胰颈及胰体恶性肿瘤
C25.801 胰体胰尾部恶性肿瘤
C25.802 胰颈胰体部恶性肿瘤
C25.803 胰头胰颈部恶性肿瘤
C25.900 胰恶性肿瘤
C78.700 肝部和肝内胆管继发性恶性肿瘤","/
17.912A0 电针治疗
29.1100x002 纤维鼻咽镜检查
33.2600x001 肺穿刺活检
34.0401 胸腔闭式引流术
34.9101 胸腔穿刺抽液术
38.9100 动脉导管插入术
38.9301 经外周静脉穿刺中心静脉置管术
38.9303 锁骨下静脉穿刺中心静脉置管术
38.9304 股静脉穿刺置管术
40.1101 颈淋巴结活组织检查
45.1300x004 胃-十二指肠镜检查
45.1600x001 胃十二指肠镜下活检
45.2301 可曲性光学纤维结肠镜检查
45.2302 电子结肠镜检查
50.1100x001 超声引导下肝穿刺活检
50.1100x005 经皮肝穿刺活检
52.1100x001 胰腺穿刺活检
52.1101 超声内镜下胰腺细针穿刺活组织检查
52.1900x001 超声内镜下胰腺检查
54.2401 经皮腹腔肿物活组织检查
54.2404 经皮腹膜后活组织检查
54.9101 腹腔穿刺引流术
54.9105 腹腔穿刺术
86.0600x004 药物治疗泵置入
86.0601 输注泵置入术
86.0701 静脉输液港植入术
89.5400 心电监测
96.0200 口咽导气管置入
97.0101 鼻-胃管置换",1.3,12497.48,,,11
213,JS23,炎症性皮肤病，伴合并症或并发症,"L20.900 特应性皮炎
L23.901 过敏性皮炎
L24.400 药物接触皮肤引起的刺激性接触性皮炎
L24.900 刺激性接触性皮炎
L24.901 刺激性皮炎
L25.100 药物接触皮肤引起的接触性皮炎
L25.201 染发性皮炎
L25.300 化学产品引起的接触性皮炎，其他的
L25.800 接触性皮炎，其他物质引起的
L25.900 接触性皮炎
L27.003 荨麻疹型药疹
L27.005 药物性皮炎
L27.101 固定性药疹
L28.001 局限性神经性皮炎
L28.100 结节性痒疹
L28.203 丘疹性荨麻疹
L29.802 老年瘙痒症
L30.000 钱币状皮炎
L30.202 皮肤癣菌疹
L30.300 感染性皮炎
L30.800 皮炎，其他特指的
L30.900 皮炎
L30.901 泛发性湿疹
L30.902 湿疹
L30.904 阴囊湿疹
L57.802 日光性皮炎
L81.701 进行性色素性皮肤病","/
17.91330 悬灸治疗
17.98611 肛周药物注射封闭治疗
29.1100x002 纤维鼻咽镜检查
86.0400x011 皮肤和皮下组织切开引流术
86.1100 皮肤和皮下组织的活组织检查
93.0800x002 肌电图",0.47,4493.4,,,8
214,QS53,其他贫血，伴合并症或并发症,"D64.900 贫血
D64.901 轻度贫血
D64.902 中度贫血
D64.903 重度贫血","/
17.91330 悬灸治疗
17.95420 中药熏药治疗
17.98211 内痔硬化剂注射治疗
34.9101 胸腔穿刺抽液术
38.9302 颈内静脉穿刺中心静脉置管术
38.9303 锁骨下静脉穿刺中心静脉置管术
40.1104 腹股沟淋巴结活组织检查
41.3100 骨髓活组织检查
41.3800x001 骨髓穿刺术
45.1300x004 胃-十二指肠镜检查
45.1302 胶囊内镜检查术
45.1600x001 胃十二指肠镜下活检
45.2501 结肠镜下大肠活组织检查
68.1200x001 宫腔镜检查
69.0901 诊断性刮宫术
89.6700 心脏排出量监测，用氧耗技术
99.0301 输血
99.0401 红细胞输入
99.0500 输入血小板",0.78,7495.95,,,6
215,ES15,肺真菌病，不伴严重合并症或并发症,"B37.101+J17.2* 念珠菌性肺炎
B44.101+J99.8* 变态反应性支气管肺曲霉病
B44.102+J17.2* 曲霉菌性肺炎
B45.000x002+J99.8* 新型隐球菌肺炎
B48.501+J17.2* 卡氏肺孢子虫病
B49.x13 支气管真菌感染
B49.x14+J99.8* 肺真菌感染","/
00.6800x001 肢体动脉血管内压力测量
16.2100x001 眼底检查
31.4200x003 纤维喉镜检查
33.2302 电子支气管镜检查
33.2400x001 支气管镜下支气管活检
33.2400x002 支气管镜下诊断性支气管肺泡灌洗[BAL]
33.2403 纤维支气管镜检查伴肺泡灌洗术
33.2405 气管镜刷检术
33.2600x001 肺穿刺活检
33.2600x002 经皮针吸肺活检
33.2700x001 支气管镜下肺活检
38.9100 动脉导管插入术
38.9302 颈内静脉穿刺中心静脉置管术
41.3100 骨髓活组织检查
44.1401 胃镜下活组织检查
86.1100 皮肤和皮下组织的活组织检查
89.6700 心脏排出量监测，用氧耗技术
99.0401 红细胞输入",1.4,13496.69,,,11
216,GR11,消化系统恶性肿瘤，伴严重合并症或并发症,"C15.000 颈部食管恶性肿瘤
C15.100 胸部食管恶性肿瘤
C15.100x002 食管胸上段恶性肿瘤
C15.100x003 食管胸中段恶性肿瘤
C15.100x004 食管胸下段恶性肿瘤
C15.300 食管上三分之一的恶性肿瘤
C15.400 食管中三分之一的恶性肿瘤
C15.500 食管下三分之一的恶性肿瘤
C15.800x003 食管胸部及腹部恶性肿瘤
C15.801 食管中上段恶性肿瘤
C15.802 食管中下段恶性肿瘤
C15.900 食管恶性肿瘤
C16.000 贲门恶性肿瘤
C16.002 食管胃连接处恶性肿瘤
C16.100 胃底恶性肿瘤
C16.200 胃体恶性肿瘤
C16.301 胃窦恶性肿瘤
C16.400 幽门恶性肿瘤
C16.500 胃小弯恶性肿瘤
C16.800 胃交搭跨越恶性肿瘤的损害
C16.801 贲门胃底恶性肿瘤
C16.803 胃窦胃体恶性肿瘤
C16.900 胃恶性肿瘤
C17.000 十二指肠恶性肿瘤
C17.900 小肠恶性肿瘤
C18.001 回盲部恶性肿瘤
C18.100 阑尾恶性肿瘤
C18.200 升结肠恶性肿瘤
C18.300 结肠肝曲恶性肿瘤
C18.400 横结肠恶性肿瘤
C18.500 结肠脾曲恶性肿瘤
C18.600 降结肠恶性肿瘤
C18.700 乙状结肠恶性肿瘤
C18.900 结肠恶性肿瘤
C19.x00 直肠乙状结肠连接处恶性肿瘤
C20.x00 直肠恶性肿瘤
C21.100 肛管恶性肿瘤
C26.000 肠道部位的恶性肿瘤
C26.900 消化系统部位不明确的恶性肿瘤
C26.901 胃肠道恶性肿瘤
C48.000 腹膜后腔恶性肿瘤
C48.200 腹膜恶性肿瘤
C76.200 腹部恶性肿瘤
C77.208 肠周淋巴结继发恶性肿瘤
C78.600x004 腹膜继发恶性肿瘤
C78.601 腹膜后继发恶性肿瘤
C78.801 食管继发恶性肿瘤
C79.809 腹腔继发恶性肿瘤
D01.000 结肠原位癌
D01.200 直肠原位癌","/
17.912A0 电针治疗
17.98410 直肠滴注治疗
33.2600x002 经皮针吸肺活检
34.0401 胸腔闭式引流术
38.9301 经外周静脉穿刺中心静脉置管术
38.9302 颈内静脉穿刺中心静脉置管术
38.9304 股静脉穿刺置管术
38.9900x901 股静脉穿刺术
40.1101 颈淋巴结活组织检查
41.3100 骨髓活组织检查
42.2300x002 超声内镜下食管检查
42.2400x001 食管镜下活检
44.1300x001 胃镜检查
44.1301 超声内镜下胃检查
44.1401 胃镜下活组织检查
44.1402 超声内镜下胃活组织检查
45.1300x004 胃-十二指肠镜检查
45.1301 十二指肠镜检查术
45.1600x001 胃十二指肠镜下活检
45.2301 可曲性光学纤维结肠镜检查
45.2302 电子结肠镜检查
45.2501 结肠镜下大肠活组织检查
48.2300x003 超声内镜下直肠检查
48.2400x002 直肠活检
48.2401 直肠乙状结肠镜下直肠活组织检查
48.8101 直肠周围脓肿切开引流术
50.1100x005 经皮肝穿刺活检
52.1100x001 胰腺穿刺活检
54.2400x002 腹腔病损穿刺活检
54.2400x003 髂部病损穿刺活检
54.2400x006 盆腔病损穿刺活检
54.2403 经皮腹膜活组织检查
54.2404 经皮腹膜后活组织检查
54.9100x009 超声引导下盆腔穿刺术
54.9101 腹腔穿刺引流术
54.9105 腹腔穿刺术
57.3300 闭合性[经尿道]膀胱活组织检查
57.9400 留置导尿管的置入术
86.0600x004 药物治疗泵置入
86.0701 静脉输液港植入术
89.5400 心电监测
96.0700x001 胃插管减压
96.0800x004 鼻空肠营养管置入术
99.0301 输血
99.6000 心肺复苏
99.8500x003 热疗(用于癌症)",1.19,11442.19,,,10
217,BT11,病毒性脑、脊髓和脑膜炎，伴严重合并症或并发症,"A86.x00 病毒性脑炎
A86.x01 病毒性脑脊髓炎
A86.x02 病毒性脑膜脑炎
A87.900 病毒性脑膜炎
B00.300+G02.0* 疱疹病毒性脑膜炎
B00.401+G05.1* 疱疹病毒性脑膜脑炎
G04.001 急性播散性脑脊髓炎
G04.909 急性脊髓炎","/
00.6800 周围动脉的血管内压力测量
03.3101 腰椎穿刺术
04.8101 周围神经阻滞术
29.1100x002 纤维鼻咽镜检查
33.2403 纤维支气管镜检查伴肺泡灌洗术
38.9100 动脉导管插入术
57.9400 留置导尿管的置入术",1.46,14089.23,,,13
218,RS13,淋巴瘤及其他类型白血病，伴一般合并症或并发症,"C81.200 混合细胞型（经典型）霍奇金淋巴瘤
C81.900 霍奇金淋巴瘤，未特指
C83.002 结节边缘区淋巴瘤
C83.100 曼特尔细胞淋巴瘤
C83.300 弥漫性大B细胞淋巴瘤
C83.300x006 原发中枢神经系统弥漫大B细胞淋巴瘤
C83.303 浆母细胞性弥漫大B细胞淋巴瘤
C83.700 伯基特淋巴瘤
C83.800x008 恶性淋巴瘤,淋巴浆细胞性
C84.400x001 成熟T细胞淋巴瘤
C84.401 血管免疫母细胞性T-细胞淋巴瘤
C84.700 间变性大细胞淋巴瘤，ALK阴性
C85.100 B-细胞淋巴瘤
C85.700 非霍奇金淋巴瘤的其他特指类型
C85.700x004 慢性NK细胞淋巴增殖性疾病
C85.900 非霍奇金淋巴瘤
C85.900x006 淋巴瘤
C86.200 肠型T细胞淋巴瘤
C88.400 MALT-淋巴瘤
C91.100 B细胞型慢性淋巴细胞白血病
C91.400 多毛细胞白血病
C91.500 成人T-细胞淋巴瘤/白血病[HTLV-1-相关性]
C91.900 淋巴样白血病
C91.901 淋巴细胞白血病
C92.100x001 慢性粒细胞性白血病
C92.100x019 慢性髓系白血病，BCR/ABL阳性
C92.102 慢性粒细胞白血病t(9:22)(q34；q11)
C93.100 慢性粒单核细胞白血病
C95.100 慢性白血病
C95.100x011 慢性白血病伴缓解
D45.x00 真性红细胞增多症
D46.400 难治性贫血
D46.700 骨髓增生异常综合征，其他的
D46.900 骨髓增生异常综合征
D46.900x002 骨髓增生异常性贫血
D47.100x004 慢性骨髓增殖性肿瘤
D47.100x007 慢性骨髓增殖性疾病(不能分型)
D47.200 意义未明的单克隆丙种球蛋白病
D47.200x003 单克隆免疫球蛋白沉积病
D47.300 特发性(出血性)血小板增多症
D47.401 慢性原发性(特发性)骨髓纤维化
D47.700x006 原发性系统性淀粉样变性
D47.700x007 Castleman病
D47.900x001 淋巴细胞增殖性疾病","/
03.3101 腰椎穿刺术
03.9102 脊神经根阻滞术
06.1100 闭合性[经皮][针吸]甲状腺活组织检查
06.1101 超声引导下经皮甲状腺活组织检查术
26.1100x003 腮腺活检
33.2400x002 支气管镜下诊断性支气管肺泡灌洗[BAL]
33.2600x001 肺穿刺活检
33.2600x002 经皮针吸肺活检
34.9101 胸腔穿刺抽液术
40.1101 颈淋巴结活组织检查
40.1103 腋窝淋巴结活组织检查
40.1104 腹股沟淋巴结活组织检查
41.3100 骨髓活组织检查
44.1401 胃镜下活组织检查
45.1300x004 胃-十二指肠镜检查
50.1100x005 经皮肝穿刺活检
52.1100x001 胰腺穿刺活检
54.2400x002 腹腔病损穿刺活检
54.2400x003 髂部病损穿刺活检
54.2404 经皮腹膜后活组织检查
54.9101 腹腔穿刺引流术
77.4904 椎骨活组织检查
80.3902 脊柱关节活组织检查
83.2100 软组织活组织检查
86.0701 静脉输液港植入术
86.1100 皮肤和皮下组织的活组织检查
99.0301 输血
99.0401 红细胞输入
99.0500 输入血小板
99.0902 间充质干细胞回输
99.7200 治疗性白细胞去除术
99.7300 治疗性红细胞去除术
99.7400 治疗性血小板去除术
99.7901 干细胞采集
99.9900x011 口服免疫抑制剂治疗",1.19,11492.33,,,9
219,XS13,体征及症状，伴合并症或并发症,"R11.x03 呕吐
R18.x00 腹水
R18.x00x005 腹腔积液
R19.001 腹部肿物
R19.002 盆腔肿物
R52.000 急性疼痛
R52.100 慢性顽固性疼痛
R52.200 慢性疼痛，其他的
R52.900 疼痛
R52.901 全身性疼痛
R53.x00x002 乏力
R60.001 下肢水肿
R60.100 全身性水肿
R60.900 水肿
R61.900 多汗症
R63.000 食欲缺乏
R64.x00x002 消瘦
R74.800x007 肌酸激酶增高
R74.900x001 血清肌酶异常
R76.802 免疫球蛋白升高
R77.800x002 PSA升高
R77.800x006 肿瘤标记物升高
R79.800x003 低血氧症","/
03.3101 腰椎穿刺术
03.9101 椎管内置管止痛术
17.912A0 电针治疗
29.1100x002 纤维鼻咽镜检查
44.1401 胃镜下活组织检查
45.1300x004 胃-十二指肠镜检查
45.1401 内镜下小肠活组织检查
45.1600x001 胃十二指肠镜下活检
45.2302 电子结肠镜检查
45.2401 乙状结肠镜检查
54.9101 腹腔穿刺引流术
54.9102 盆腔穿刺引流术
54.9105 腹腔穿刺术
60.1100x002 超声引导下前列腺穿刺活检
60.1101 经直肠前列腺穿剌活组织检查
86.0400x011 皮肤和皮下组织切开引流术
86.0601 输注泵置入术",0.56,5440.91,,,5
220,EW15,胸膜病变及胸腔积液，不伴合并症或并发症,"J43.902 肺大疱破裂
J90.x00x002 渗出性胸膜炎
J90.x00x003 胸膜炎伴积液
J93.003 张力性气胸
J93.100x001 自发性气胸
J93.900 气胸
J94.200 血胸
J94.801 液气胸
J94.802 包裹性胸腔积液
J94.804 胸腔积液
J94.901 胸膜肿物
J95.801 手术后胸腔积液
J95.804 手术后气胸
J98.201 纵隔气肿
R09.100 胸膜炎","/
29.1100x002 纤维鼻咽镜检查
33.2400x002 支气管镜下诊断性支气管肺泡灌洗[BAL]
34.0401 胸腔闭式引流术
34.9101 胸腔穿刺抽液术
34.9102 胸腔穿刺抽气术
34.9103 超声引导下胸腔穿刺术
45.1300x004 胃-十二指肠镜检查
89.3701 肺功能测定",0.45,4327.84,,,6
221,HZ15,其他肝脏疾病，不伴合并症或并发症,"B65.903+K77.0* 血吸虫性肝炎
D18.013 肝血管瘤
I81.x00 门静脉血栓形成
I86.808 肝静脉瘤
K71.601 药物性肝炎
K71.901 药物性肝损害
K72.004 急性非病毒性肝炎
K72.902 肝萎缩
K75.000 肝脓肿
K75.003 细菌性肝脓肿
K75.400 自身免疫性肝炎
K75.804 胆汁淤积性肝炎
K76.000 脂肪肝
K76.600x007 非肝硬化性门脉高压
K76.800x006 肝功能不全
K76.801 自发性肝破裂出血
K76.803 肝出血
K76.804 肝结节
K76.806 多发性肝囊肿
K76.807 肝囊肿
K76.808 肝结节性局灶性增生
K76.811 肝血肿
K76.813 肝内钙化点
K76.814 肝癌破裂出血
K76.816 肝细胞性黄疸
K76.900x002 肝损害
K76.901 肝肿物
R17.901 高胆红素血症
R93.203 肝占位性病变
R94.500 肝功能检查的异常结果
S36.100x001 肝损伤
S36.100x011 肝挫伤
T86.400x017 肝移植后肝功能不全","/
03.9102 脊神经根阻滞术
17.91110 头针治疗
17.912A0 电针治疗
17.91330 悬灸治疗
17.95420 中药熏药治疗
27.2300 唇活组织检查
38.9100 动脉导管插入术
38.9302 颈内静脉穿刺中心静脉置管术
42.2300x001 食管镜检查
44.1300x001 胃镜检查
45.1300x004 胃-十二指肠镜检查
45.2302 电子结肠镜检查
45.2303 超声结肠镜检查
45.2501 结肠镜下大肠活组织检查
50.1100x001 超声引导下肝穿刺活检
50.1100x005 经皮肝穿刺活检
50.9101 经皮肝穿刺引流术
50.9102 肝脓肿穿刺引流术
50.9103 肝囊肿穿刺引流术
52.1900x001 超声内镜下胰腺检查
54.9101 腹腔穿刺引流术
70.0x00x003 经阴道腹腔穿刺引流术
86.1100 皮肤和皮下组织的活组织检查
93.3908 中药贴敷
99.6000 心肺复苏",0.51,4904.53,,,7
222,BZ11,神经系统其他疾病，伴严重合并症或并发症,"E06.302+G94.8* 桥本脑病
E16.108+G94.8* 低血糖性脑病
E85.400x012 脑淀粉样变
E85.414+I68.0* 淀粉样变脑血管损害
G09.x00x001 脊髓炎后遗症
G24.300 痉挛性斜颈
G31.902 脑萎缩
G91.000 交通性脑积水
G91.802 硬脑膜下积液
G91.900 脑积水
G93.001 蛛网膜囊肿
G93.101 肺性脑病
G93.102 缺氧缺血性脑病
G93.200 良性颅内高压
G93.400 脑病
G93.400x008 自身免疫相关性脑病
G93.401 低颅压综合征
G93.402 脑白质病
G93.403 代谢性脑病
G93.800 脑其他特指的疾患
G93.800x007 胰性脑病
G93.805 脑钙化
G93.809 颅内静脉窦狭窄
G93.810 丘脑综合征
G93.902 脑肿物
G93.903 鞍区肿物
G96.000 脑脊液漏
G96.001 脑脊液鼻漏
G97.800x003 手术后肢体功能障碍
I69.000x002 蛛网膜下腔出血恢复期
I69.100x001 脑出血后遗症
I69.300 脑梗死后遗症
I69.300x002 陈旧性脑梗死
I69.300x003 脑梗死恢复期
M32.114+G94.8* 狼疮性脑病
R20.801 皮肤感觉障碍
R20.803 肢体麻木
R25.100 震颤
R25.100x002 上肢震颤
R25.800x001 不自主运动
R42.x00x001 眩晕
R42.x00x002 周期性眩晕
R42.x00x004 头晕
R56.000 发热性惊厥
R90.803 脑缺血灶
R90.804 脑软化灶
T80.600x007 急性透析性脑病
Z42.001 颅骨缺损修补","/
00.6800x001 肢体动脉血管内压力测量
03.3101 腰椎穿刺术
17.95710 中药塌渍治疗
18.1100 耳镜检查
27.2300 唇活组织检查
29.1100x002 纤维鼻咽镜检查
33.2400x001 支气管镜下支气管活检
33.2400x002 支气管镜下诊断性支气管肺泡灌洗[BAL]
33.2600x002 经皮针吸肺活检
34.0401 胸腔闭式引流术
38.9100 动脉导管插入术
38.9301 经外周静脉穿刺中心静脉置管术
38.9302 颈内静脉穿刺中心静脉置管术
38.9502 为肾透析的临时静脉插管术
40.1104 腹股沟淋巴结活组织检查
44.1300x001 胃镜检查
45.1300x004 胃-十二指肠镜检查
45.2302 电子结肠镜检查
89.1400 脑电图
89.1900x001 视频脑电图监测
89.3701 肺功能测定
89.3702 肺功能康复评定
95.0200 综合性眼检查
96.5100 眼冲洗术",1.22,11767.21,,,17
223,GE11,伴穿孔、化脓、坏疽等阑尾切除术，伴严重合并症或并发症,"C18.100 阑尾恶性肿瘤
K35.200 急性阑尾炎伴有弥漫性腹膜炎
K35.201 急性阑尾炎破裂或穿孔后伴有弥漫性腹膜炎
K35.300 急性阑尾炎伴局限性腹膜炎
K35.301 急性阑尾炎伴腹膜脓肿","47.0100 腹腔镜下阑尾切除术
47.0901 阑尾切除术
47.2x00 阑尾脓肿引流术",1.36,13146.09,,,7
224,NA15,女性生殖器官恶性肿瘤的广泛切除手术，不伴严重合并症或并发症,"C51.900 外阴恶性肿瘤
C52.x00 阴道恶性肿瘤
C53.900 宫颈恶性肿瘤
C54.100 子宫内膜恶性肿瘤
C55.x00 子宫恶性肿瘤
C56.x00 卵巢恶性肿瘤
C57.000 输卵管恶性肿瘤
D39.000x001 子宫交界性肿瘤
D39.100x003 卵巢交界性肿瘤","65.6300 腹腔镜双侧卵巢和输卵管切除术
67.4x00x002 子宫颈广泛性切除术
68.4100 腹腔镜经腹全子宫切除术
68.4102 腹腔镜经腹筋膜外子宫切除术
68.4901 经腹全子宫切除术
68.4903 经腹扩大性全子宫切除术
68.6100x001 腹腔镜下子宫广泛性切除术
68.6100x002 腹腔镜下子宫改良广泛性切除术
68.6101 腹腔镜改良根治性子宫切除术
68.6900x001 子宫广泛性切除术
68.6901 子宫根治性切除术
68.7100x001 腹腔镜辅助经阴道子宫广泛性切除术
71.5x00x001 外阴广泛性切除术
71.5x00x003 外阴根治性局部扩大切除术
71.5x00x004 外阴根治性局部切除术",3.52,33860.01,,,12
225,JQY,歧义组(MDCJ),"C43.600x002 手指恶性黑色素瘤
C43.707 足部恶性黑色素瘤
C44.604 肘部皮肤恶性肿瘤
C44.606 手皮肤恶性肿瘤
C50.100 乳房中央部恶性肿瘤
C50.200 乳房上内象限恶性肿瘤
C50.400 乳房上外象限恶性肿瘤
C50.801 乳腺恶性肿瘤，上部
C50.804 乳腺恶性肿瘤，外侧
C50.900 乳房恶性肿瘤
D05.900 乳房的原位癌
D17.000x004 肩部脂肪瘤
D17.100x001 躯干脂肪瘤
D17.200x002 上肢脂肪瘤
D17.200x004 下肢脂肪瘤
D17.200x005 足脂肪瘤
D17.300x005 皮下脂肪瘤
D18.000x018 肢端血管瘤
D18.006 肢体血管瘤
D24.x00 乳房良性肿瘤
E11.603+L99.8* 2型糖尿病性皮肤病
I89.000x015 颈部淋巴水肿
I89.000x021 下肢淋巴水肿
I89.002 淋巴管闭塞
I89.004 上肢淋巴水肿
L02.300 臀部皮肤脓肿、疖和痈
L02.402 下肢皮肤脓肿、疖和痈
L02.403 上肢皮肤脓肿、疖和痈
L03.003 甲沟炎
L03.103 上肢蜂窝织炎
L03.107 下肢蜂窝织炎
L03.108 腿蜂窝织炎
L03.200 面部蜂窝织炎
L08.800x008 足跟感染性窦道
L08.900 皮肤和皮下组织的局部感染
L08.903 上肢皮肤感染
L08.904 下肢皮肤感染
L08.910 足皮肤感染
L20.900 特应性皮炎
L23.901 过敏性皮炎
L52.x00 结节性红斑
L72.000 表皮囊肿
L89.101 骶尾区Ⅱ期压疮
L90.500x048 手部瘢痕
L90.500x052 手指瘢痕
L90.500x061 颈部瘢痕
L97.x00 下肢溃疡，不可归类在他处者
M79.802 下肢肿胀
R22.000x003 面部肿胀
R22.100x001 颈部肿物
R22.203 腹壁肿物
R22.205 背部肿物
R22.300x002 手肿物
R22.902 皮下肿物
S50.800x041 前臂浅表异物
S60.800x042 腕部浅表异物
S60.800x043 手部浅表异物
S60.801 手指浅表异物
S70.800x042 股部浅表异物
S70.901 大腿血肿
S80.100x002 小腿血肿
S80.800x041 小腿浅表异物
S80.800x042 膝部浅表异物
S80.901 膝部血肿","06.2x02 单侧甲状腺切除伴甲状腺峡部切除术
10.3300x002 结膜结石取出术
39.7900x047 经皮下肢动脉弹簧圈栓塞术
39.9500x007 连续性肾脏替代治疗[CRRT]
40.2900x021 颈淋巴结切除术
40.9x00x003 周围淋巴管-小静脉吻合术
40.9x09 淋巴管静脉吻合术
43.4105 内镜下胃息肉切除术
45.4307 内镜下结肠黏膜切除术(EMR)
48.3600x004 内镜下直肠黏膜切除术(EMR)
48.9900 直肠和直肠周围组织的其他手术
49.0200x001 肛周组织下部切开术
59.0303 腹腔镜下输尿管周围粘连松解术
65.6300 腹腔镜双侧卵巢和输卵管切除术
80.1200x002 肘关节切开异物去除术
80.1602 膝关节异物取出术
80.1603 膝关节血肿清除术
80.8101 肩关节病损切除术
80.8201 肘关节病损切除术
80.8401 指关节病损切除术
80.8601 膝关节病损切除术
80.8701 踝关节病损切除术
81.9101 关节抽吸术
82.0201 手部肌肉异物去除术
82.0902 手部软组织切开异物去除术
82.1201 手部筋膜切断术
82.2100 手腱鞘病损切除术
82.3601 手部肌肉清创术
83.0203 肌肉切开异物取出术
83.0204 肌肉切开引流术
83.0902 软组织探查术
83.0903 软组织切开异物取出术
83.3200 肌肉病损切除术
83.3200x001 背部肌肉病损切除术
83.3200x007 躯干肌肉病损切除术
83.3200x009 上肢肌肉病损切除术
83.3200x012 下肢肌肉病损切除术
83.3904 颈部软组织病损切除术
83.4501 肌肉清创术
84.0100x002 手指关节离断术
84.0201 拇指截断术
88.4402 无名动脉造影
88.6600x002 下肢静脉造影
92.2400x003 调强适形放射治疗[IMRT]
98.1100x001 耳内异物去除
99.2503 静脉注射化疗药物
99.2505 化疗药物灌注
99.2800x006 分子靶向治疗",/,/,,,/
226,EJ15,呼吸系统其他手术，不伴严重合并症或并发症,"A15.000x002 肺结核(仅痰涂片证实)
A15.207 空洞型肺结核，病理(+)
C34.000 主支气管恶性肿瘤
C34.000x003 右主支气管恶性肿瘤
C34.001 肺门恶性肿瘤
C34.100x003 左肺上叶恶性肿瘤
C34.100x004 右肺上叶恶性肿瘤
C34.201 肺中叶恶性肿瘤
C34.300x003 左肺下叶恶性肿瘤
C34.300x004 右肺下叶恶性肿瘤
C34.800x001 右肺中上叶恶性肿瘤
C34.900x004 左肺恶性肿瘤
C34.900x005 右肺恶性肿瘤
D36.717 胸壁良性肿瘤
J47.x01 支气管扩张伴咯血
J98.101 肺不张
J98.410 肺空洞
R04.200 咯血","39.7902 经导管支气管动脉栓塞术
86.3x03 皮下组织病损切除术",1.74,16790.8,,,9
227,ZJ15,与多发伤有关的其他手术操作，不伴严重合并症或并发症,"S02.100 颅底骨骨折
S02.712 开放性多发性颅骨骨折
S06.200x081 多发性大脑挫裂伤
S06.202 脑挫伤
S06.300x011 局灶性大脑挫伤伴出血
S06.300x031 局灶性大脑挫伤伴血肿
S06.300x081 局灶性大脑挫裂伤
S06.401 创伤性闭合性硬膜外血肿
S06.500x004 急性创伤性硬脑膜下血肿
S06.501 创伤性急性硬膜下出血
S06.600 创伤性蛛网膜下出血
S06.600x002 创伤性蛛网膜下腔血肿
S06.800x002 创伤性脑内血肿
S06.802 创伤性脑出血
S06.900 颅内损伤
S12.000x002 寰椎骨折
S12.200x031 颈椎骨折C5
S22.100 胸椎多处骨折
S22.400x041 四根以上肋骨骨折不伴第一肋骨骨折
S27.301 肺挫伤
S27.302 创伤性肺破裂
S32.400 髋臼骨折
S32.701 多发性骨盆骨折
S32.802 骨盆骨折
S35.201 肠系膜动脉损伤
S36.000 脾损伤
S36.500x021 横结肠损伤
S37.001 创伤性肾破裂
S42.200x001 肱骨近端骨折
S42.300 肱骨干骨折
S42.310 开放性肱骨干骨折
S42.400x001 肱骨远端骨折
S52.000x002 尺骨近端骨折
S52.001 鹰嘴骨折
S52.010 开放性尺骨上端骨折
S52.200x011 孟氏骨折
S52.300 桡骨干骨折
S52.500x001 桡骨远端骨折
S52.600x001 尺骨远端骨折伴桡骨远端骨折
S52.600x002 尺骨茎突骨折伴桡骨远端骨折
S52.804 尺骨下端骨折
S72.000x051 股骨颈基底骨折
S72.100x001 股骨大粗隆骨折
S72.101 股骨粗隆间骨折
S72.110 开放性股骨粗隆间骨折
S72.200x001 股骨粗隆下骨折
S72.300 股骨干骨折
S72.310 开放性股骨干骨折
S72.400x001 股骨远端骨折
S72.401 股骨髁骨折
S72.410 开放性股骨下端骨折
S82.000 髌骨骨折
S82.100x011 胫骨近端骨折伴腓骨骨折
S82.100x012 胫骨平台伴腓骨骨折
S82.100x087 胫骨平台骨折
S82.100x088 胫骨平台伴髁间骨折
S82.110 开放性胫骨上端骨折
S82.200x011 胫骨干骨折伴腓骨骨折
S82.201 胫腓骨干骨折
S82.210 开放性胫骨骨干骨折
S82.212 开放性胫腓骨干骨折
S82.300x011 胫骨远端骨折伴腓骨骨折
S82.300x081 胫骨远端骨折
S82.301 胫腓骨下端骨折
S82.310 开放性胫骨下端骨折
S82.311 开放性胫腓骨下端骨折
S82.410 开放性腓骨骨折
S82.501 胫骨骨折累及踝关节
S82.510 开放性内踝骨折
S82.800x082 踝关节骨折
S82.801 三踝骨折
S85.000 腘动脉损伤
T02.400x001 双上肢多发性骨折
T02.500x001 双下肢多发性骨折","08.8101 眼睑裂伤缝合术
25.5100x001 舌缝合术
27.5100 唇裂伤缝合术
33.4902 胸腔镜下肺修补术
39.4902 下腔静脉滤器取出术
39.7900x020 肾动脉栓塞术
39.9013 腘动脉支架置入术
46.7604 腹腔镜下结肠瘘修补术
78.1401 腕骨外固定术
78.1701 胫骨外固定术
78.1901 盆骨外固定术
78.4900x007 骨盆重建术
78.4901 骨盆成形术
79.0201 桡骨骨折闭合性复位术
79.1100x004 肱骨骨折闭合复位髓内针内固定术
79.1500x006 股骨骨折闭合复位髓内针内固定术
79.1500x008 股骨骨折闭合复位螺钉内固定术
79.1600x004 胫骨骨折闭合复位髓内针内固定术
79.1903 骨盆骨折闭合复位内固定术
79.2601 胫骨骨折切开复位术
79.3100x005 肱骨骨折切开复位钢板内固定术
79.3101 肱骨骨折切开复位内固定术
79.3200x001 尺骨骨折切开复位钢板内固定术
79.3200x011 桡骨骨折切开复位钢板内固定术
79.3201 桡骨骨折切开复位内固定术
79.3202 尺骨骨折切开复位内固定术
79.3500x016 股骨骨折切开复位钢板内固定术
79.3500x017 股骨骨折切开复位螺钉内固定术
79.3500x018 股骨骨折切开复位髓内针内固定术
79.3500x019 股骨骨折切开复位钢针内固定术
79.3501 股骨骨折切开复位内固定术
79.3600x008 腓骨骨折切开复位钢针内固定术
79.3600x009 踝关节骨折切开复位钢板内固定术
79.3600x010 踝关节骨折切开复位螺钉内固定术
79.3600x012 踝关节骨折切开复位钢针内固定术
79.3600x013 胫骨骨折切开复位钢板内固定术
79.3600x014 胫骨骨折切开复位螺钉内固定术
79.3600x015 胫骨骨折切开复位髓内针内固定术
79.3601 胫骨骨折切开复位内固定术
79.3603 踝关节骨折切开复位内固定术
79.3604 髌骨骨折切开复位内固定术
79.3900x001 髌骨骨折切开复位张力带钢丝内固定术
79.3900x002 髌骨骨折切开复位螺钉内固定术
79.3900x025 骨盆骨折切开复位螺钉内固定术
79.3900x043 骨盆骨折切开复位钢板内固定术
79.3903 肋骨骨折切开复位内固定术
79.6202 尺骨开放性骨折清创术
79.7100 肩脱位闭合性复位术
82.3601 手部肌肉清创术
83.4501 肌肉清创术
86.2200x011 皮肤和皮下坏死组织切除清创术
86.5900x006 皮肤缝合术
86.5902 头皮裂伤清创缝合术
86.7501 皮瓣清创术
86.7503 皮瓣修整术",2.86,27539.69,,,14
228,MZ15,其他男性生殖系统疾病，不伴严重合并症或并发症,"I86.101 精索静脉曲张
N40.x00 前列腺增生
N40.x01 前列腺结节
N42.102 前列腺出血
N42.901 前列腺肿物
N43.300 鞘膜积液
N43.301 睾丸鞘膜积液
N44.x00 睾丸扭转
N44.x01 附睾扭转
N50.103 阴囊血肿
N50.800x023 阴囊水肿
N50.811 睾丸疼痛
N50.902 阴囊肿物
Q53.101 单侧腹股沟型隐睾
Q53.901 睾丸下降不全
S30.205 阴囊挫伤
S30.208 睾丸挫伤
S31.301 开放性睾丸损伤
S39.900x007 阴囊损伤
S39.900x010 睾丸损伤
S39.904 阴茎损伤","/
41.3100 骨髓活组织检查
45.1300x004 胃-十二指肠镜检查
45.2302 电子结肠镜检查
57.3200x001 膀胱镜检查
60.1100x002 超声引导下前列腺穿刺活检
60.1101 经直肠前列腺穿剌活组织检查
61.3x00x006 阴囊皮肤和皮下组织非切除性清创
87.7302 尿路造影",0.53,5072.28,,,6
229,GS15,胃肠出血，不伴合并症或并发症,"I85.000x001 食管静脉曲张破裂出血
I86.401 胃底静脉曲张伴出血
I86.800x014 食管胃底静脉曲张破裂出血
K22.804 食管出血
K55.900x004 缺血性肠病伴出血
K91.800x102 残胃炎伴出血
K91.800x103 残胃溃疡伴出血
K92.000 呕血
K92.200x001 便血
K92.202 残胃出血
K92.204 肠出血
K92.206 结肠出血
K92.207 急性上消化道出血
K92.208 上消化道出血
K92.209 下消化道出血
K92.210 消化道出血
K92.800x001 食管癌伴出血
K92.800x002 胃癌伴出血
K92.800x007 直肠癌伴出血","/
17.91110 头针治疗
17.912A0 电针治疗
17.91330 悬灸治疗
17.95420 中药熏药治疗
17.98410 直肠滴注治疗
34.9101 胸腔穿刺抽液术
34.9103 超声引导下胸腔穿刺术
38.9100 动脉导管插入术
38.9301 经外周静脉穿刺中心静脉置管术
38.9302 颈内静脉穿刺中心静脉置管术
38.9303 锁骨下静脉穿刺中心静脉置管术
38.9304 股静脉穿刺置管术
38.9800x001 动脉穿刺术
38.9900x501 锁骨下静脉穿刺术
41.3100 骨髓活组织检查
42.2300x001 食管镜检查
44.1300x001 胃镜检查
44.1301 超声内镜下胃检查
44.1401 胃镜下活组织检查
45.1300x004 胃-十二指肠镜检查
45.1301 十二指肠镜检查术
45.1302 胶囊内镜检查术
45.1600x001 胃十二指肠镜下活检
45.2302 电子结肠镜检查
45.2501 结肠镜下大肠活组织检查
48.2400x002 直肠活检
57.9400 留置导尿管的置入术
86.0701 静脉输液港植入术
89.3200 食管压力测定
89.6400x001 漂浮导管检查[Swan-Ganz导管插入]
89.6700 心脏排出量监测，用氧耗技术
99.0301 输血
99.0401 红细胞输入
99.0500 输入血小板
99.6000 心肺复苏",0.53,5141.38,,,5
230,HJ13,与肝、胆或胰腺疾病有关的其他手术，伴一般合并症或并发症,"B65.903+K77.0* 血吸虫性肝炎
B67.500x001+K77.0* 肝泡型棘球蚴病
C22.000 肝细胞癌
C22.100 肝内胆管癌
C22.900 肝恶性肿瘤
C24.002 胆管恶性肿瘤
C25.000 胰头恶性肿瘤
C25.801 胰体胰尾部恶性肿瘤
C25.900 胰恶性肿瘤
C78.700 肝部和肝内胆管继发性恶性肿瘤
D13.400 肝良性肿瘤
D18.013 肝血管瘤
D37.706 胰腺肿瘤
K72.000x004 慢加急性肝衰竭
K72.003 急性肝衰竭
K74.302+I98.3* 原发性胆汁性肝硬化伴食管静脉曲张破裂出血
K74.615+I98.3* 肝硬化伴食管静脉曲张破裂出血
K74.617+I98.3* 肝硬化伴食管胃底静脉曲张破裂出血
K76.806 多发性肝囊肿
K76.807 肝囊肿
K76.808 肝结节性局灶性增生
K76.818 单纯性肝囊肿
K76.901 肝肿物
K80.000x004 胆囊结石伴慢性胆囊炎急性发作
K80.001 胆囊结石伴坏疽性胆囊炎
K80.100x001 胆囊结石伴胆囊炎
K80.101 胆囊结石伴慢性胆囊炎
K80.306 肝外胆管结石伴胆管炎
K82.802 胆囊息肉
K83.901 胆管肿物
K85.800x003 胰腺脓肿
K85.818 急性坏死性胰腺炎，重症
K85.902 急性重症胰腺炎
K86.200 胰腺囊肿
K86.300 胰腺假囊肿","39.9500x005 单膜血浆置换
39.9600x003 血液灌流
41.5x00 全脾切除术
42.9100x002 食管静脉曲张套扎术
50.0x03 腹腔镜下肝囊肿开窗引流术
50.1400 腹腔镜下肝活组织检查
50.2501 腹腔镜下肝病损微波消融术
50.2908 肝病损切除术
50.2909 腹腔镜下肝病损切除术
50.9200x001 肝透析[人工肝治疗]
52.0102 腹腔镜下胰腺囊肿外引流术
52.0900x001 腹腔镜下胰腺脓肿引流术
52.1201 胰腺活组织检查，经腹腔镜
52.2101 腹腔镜下胰腺病损切除术
52.2201 胰腺病损切除术
52.4x00x011 超声内镜下胰腺囊肿穿刺引流术
52.4x00x012 CT引导下胰腺囊肿穿刺引流术
52.4x03 胰腺囊肿空肠吻合术
52.4x04 腹腔镜下胰腺囊肿胃肠吻合术
52.4x06 腹腔镜下胰腺囊肿空肠吻合术
54.1900x010 腹腔脓肿切开引流术
54.2200x003 腹腔镜下腹壁活检术
54.3x00x004 腹壁窦道扩创术
54.4x12 腹腔镜下网膜病损切除术
54.4x16 腹腔镜下网膜切除术
54.5101 腹腔镜下肠粘连松解术
54.9904 腹腔镜下腹腔病损切除术",3.2,30779.78,,,11
231,KV11,先天性代谢异常，伴严重合并症或并发症,"E16.803 代谢综合征
E72.201 高氨血症
E77.801 低蛋白血症
E78.500 高脂血症
E79.001 高尿酸血症
E83.500x001 低钙血性惊厥
E88.803 饥饿性酮症","/
06.1101 超声引导下经皮甲状腺活组织检查术
16.2100x001 眼底检查
17.912A0 电针治疗
18.1100 耳镜检查
29.1100x002 纤维鼻咽镜检查
31.4200x003 纤维喉镜检查
38.9100 动脉导管插入术
44.1300x001 胃镜检查
45.1300x004 胃-十二指肠镜检查
45.1301 十二指肠镜检查术
45.1600x001 胃十二指肠镜下活检
45.2302 电子结肠镜检查
86.1100 皮肤和皮下组织的活组织检查
95.1201 眼荧光素血管造影",0.7,6726.95,,,7
232,GR15,消化系统恶性肿瘤，不伴合并症或并发症,"C15.000 颈部食管恶性肿瘤
C15.100 胸部食管恶性肿瘤
C15.100x002 食管胸上段恶性肿瘤
C15.100x003 食管胸中段恶性肿瘤
C15.100x004 食管胸下段恶性肿瘤
C15.300 食管上三分之一的恶性肿瘤
C15.400 食管中三分之一的恶性肿瘤
C15.500 食管下三分之一的恶性肿瘤
C15.800x003 食管胸部及腹部恶性肿瘤
C15.801 食管中上段恶性肿瘤
C15.802 食管中下段恶性肿瘤
C15.900 食管恶性肿瘤
C16.000 贲门恶性肿瘤
C16.002 食管胃连接处恶性肿瘤
C16.100 胃底恶性肿瘤
C16.200 胃体恶性肿瘤
C16.301 胃窦恶性肿瘤
C16.400 幽门恶性肿瘤
C16.500 胃小弯恶性肿瘤
C16.800 胃交搭跨越恶性肿瘤的损害
C16.801 贲门胃底恶性肿瘤
C16.803 胃窦胃体恶性肿瘤
C16.900 胃恶性肿瘤
C17.000 十二指肠恶性肿瘤
C17.900 小肠恶性肿瘤
C18.001 回盲部恶性肿瘤
C18.100 阑尾恶性肿瘤
C18.200 升结肠恶性肿瘤
C18.300 结肠肝曲恶性肿瘤
C18.400 横结肠恶性肿瘤
C18.500 结肠脾曲恶性肿瘤
C18.600 降结肠恶性肿瘤
C18.700 乙状结肠恶性肿瘤
C18.900 结肠恶性肿瘤
C19.x00 直肠乙状结肠连接处恶性肿瘤
C20.x00 直肠恶性肿瘤
C21.100 肛管恶性肿瘤
C26.000 肠道部位的恶性肿瘤
C26.900 消化系统部位不明确的恶性肿瘤
C26.901 胃肠道恶性肿瘤
C48.000 腹膜后腔恶性肿瘤
C48.200 腹膜恶性肿瘤
C76.200 腹部恶性肿瘤
C77.208 肠周淋巴结继发恶性肿瘤
C78.600x004 腹膜继发恶性肿瘤
C78.601 腹膜后继发恶性肿瘤
C78.801 食管继发恶性肿瘤
C79.809 腹腔继发恶性肿瘤
D01.000 结肠原位癌
D01.200 直肠原位癌","/
17.912A0 电针治疗
17.98410 直肠滴注治疗
33.2600x002 经皮针吸肺活检
34.0401 胸腔闭式引流术
38.9301 经外周静脉穿刺中心静脉置管术
38.9302 颈内静脉穿刺中心静脉置管术
38.9304 股静脉穿刺置管术
38.9900x901 股静脉穿刺术
40.1101 颈淋巴结活组织检查
41.3100 骨髓活组织检查
42.2300x002 超声内镜下食管检查
42.2400x001 食管镜下活检
44.1300x001 胃镜检查
44.1301 超声内镜下胃检查
44.1401 胃镜下活组织检查
44.1402 超声内镜下胃活组织检查
45.1300x004 胃-十二指肠镜检查
45.1301 十二指肠镜检查术
45.1600x001 胃十二指肠镜下活检
45.2301 可曲性光学纤维结肠镜检查
45.2302 电子结肠镜检查
45.2501 结肠镜下大肠活组织检查
48.2300x003 超声内镜下直肠检查
48.2400x002 直肠活检
48.2401 直肠乙状结肠镜下直肠活组织检查
48.8101 直肠周围脓肿切开引流术
50.1100x005 经皮肝穿刺活检
52.1100x001 胰腺穿刺活检
54.2400x002 腹腔病损穿刺活检
54.2400x003 髂部病损穿刺活检
54.2400x006 盆腔病损穿刺活检
54.2403 经皮腹膜活组织检查
54.2404 经皮腹膜后活组织检查
54.9100x009 超声引导下盆腔穿刺术
54.9101 腹腔穿刺引流术
54.9105 腹腔穿刺术
57.3300 闭合性[经尿道]膀胱活组织检查
57.9400 留置导尿管的置入术
86.0600x004 药物治疗泵置入
86.0701 静脉输液港植入术
89.5400 心电监测
96.0700x001 胃插管减压
96.0800x004 鼻空肠营养管置入术
99.0301 输血
99.6000 心肺复苏
99.8500x003 热疗(用于癌症)",0.71,6806.34,,,6
233,QR23,网状内皮及免疫性疾病，伴一般合并症或并发症,"D70.x00 粒细胞缺乏
D70.x01 急性粒细胞缺乏症
D70.x04 白细胞减少
D72.100 嗜酸性粒细胞增多
D72.802 白细胞增多症
D72.804 淋巴细胞增多症
D72.806 类白血病反应
D73.100 脾功能亢进
D73.500 脾梗死
D73.504 脾静脉血栓形成
D73.901 脾肿物
D75.100 继发性红细胞增多症
D75.103 高原性红细胞增多症
D75.803 继发性骨髓纤维化
D75.902 骨髓增生减低
D76.101 噬血细胞综合征
D83.900 常见变异型免疫缺陷
D84.900 免疫缺陷
D84.900x002 原发性免疫缺陷
D89.002 多克隆免疫球蛋白增多症
I88.100 慢性淋巴结炎，除外肠系膜
I88.108 慢性腹股沟淋巴结炎
I88.900x003 腹股沟淋巴结炎
I88.900x005 颈淋巴结炎
I88.900x006 淋巴结炎
L03.901 急性淋巴管炎
L04.100 躯干急性淋巴结炎
L04.202 急性腋下淋巴结炎
L04.900x005 淋巴结坏死
L04.902 组织细胞坏死性淋巴结炎
M32.111+D77* 狼疮性血液系统损害
R16.100x001 脾大
R59.000x009 局部淋巴结肿大
R59.004 耳后淋巴结肿大
R59.005 颈淋巴结肿大
R59.007 锁骨上淋巴结肿大
R59.008 腋下淋巴结肿大
R59.010 纵隔淋巴结肿大
R59.014 腹股沟淋巴结肿大
R59.100 全身性淋巴结增大
R59.100x002 淋巴结病
S36.002 创伤性脾破裂","/
00.6800x001 肢体动脉血管内压力测量
03.3101 腰椎穿刺术
29.1100x002 纤维鼻咽镜检查
31.4200x003 纤维喉镜检查
33.2400x002 支气管镜下诊断性支气管肺泡灌洗[BAL]
34.0401 胸腔闭式引流术
37.0x01 超声引导下心包穿刺引流术
38.9100 动脉导管插入术
40.1100x005 经支气管超声内镜纵隔淋巴结穿刺活检术
40.1100x011 颌上淋巴结活检术
40.1101 颈淋巴结活组织检查
40.1102 锁骨上淋巴结活组织检查
40.1103 腋窝淋巴结活组织检查
40.1104 腹股沟淋巴结活组织检查
41.3100 骨髓活组织检查
45.1300x004 胃-十二指肠镜检查
54.9100x009 超声引导下盆腔穿刺术
54.9101 腹腔穿刺引流术
83.2100 软组织活组织检查
83.9502 超声引导下颈部软组织病损抽吸术
99.0401 红细胞输入
99.7300 治疗性红细胞去除术",0.7,6741.42,,,6
234,SB15,全身性感染疾病的手术，不伴严重合并症或并发症,"A18.103+N29.1* 肾结核
A40.300 肺炎链球菌性脓毒症
A40.800 链球菌性脓毒症，其他的
A40.900 链球菌性脓毒症
A41.000 金黄色葡萄球菌性脓毒症
A41.100x002 表皮葡萄球菌脓毒症
A41.101 凝固酶阴性葡萄球菌脓毒症
A41.200 葡萄球菌性脓毒症
A41.300 流感嗜血杆菌性脓毒症
A41.500x083 革兰阴性杆菌脓毒症
A41.501 大肠杆菌脓毒症
A41.502 铜绿假单胞菌脓毒症
A41.503 克雷伯杆菌脓毒症
A41.506 不动杆菌属性脓毒症
A41.804 真菌脓毒症
A41.805 革兰阳性菌脓毒症
A41.806 微球菌属性脓毒症
A41.807 肠球菌性脓毒症
A41.900 脓毒症
A49.815 肺炎克雷伯杆菌感染
A63.001 肛门生殖器尖锐湿疣
B02.700 播散性带状疱疹
B37.700 念珠菌性脓毒症
B65.101 慢性结肠血吸虫病
B67.901 棘球蚴病
T79.300x001 创伤后伤口感染
T81.405 手术后膝关节感染
T81.406 手术后切口感染
T82.700x002 起搏器周围组织感染","21.0100 控制鼻出血，用前鼻孔填塞
29.3900x001 鼻咽病损切除术
31.7201 气管造口闭合术
34.7101 胸壁清创缝合术
37.7800 暂时性经静脉起搏器系统的置入
37.7901 心脏起搏器囊袋清创术
39.2700x001 为肾透析的动静脉造瘘术
39.5000x032 动静脉造瘘后球囊扩张(用于肾透析)
39.7903 经导管肝动脉栓塞术
39.7904 经导管脾动脉栓塞术
39.9500 血液透析
39.9500x005 单膜血浆置换
39.9500x007 连续性肾脏替代治疗[CRRT]
39.9600x003 血液灌流
42.3308 内镜食管静脉曲张硬化剂注射术
42.8101 内镜下食管支架置入术
43.1100x001 内镜下经皮胃造瘘术
43.4105 内镜下胃息肉切除术
43.4108 内镜下胃黏膜切除术[EMR]
44.4302 内镜下胃钛夹止血术
45.3001 内镜下十二指肠病损切除术
45.4302 内镜下结肠病损切除术
45.4307 内镜下结肠黏膜切除术(EMR)
46.7404 小肠腹壁瘘切除术
47.0100 腹腔镜下阑尾切除术
49.0400x009 肛周病损切除术
49.3900x015 肛门皮肤和皮下坏死组织切除清创术
49.3905 肛门病损切除术
49.3907 肛管病损切除术
50.3x05 腹腔镜下肝叶切除术
51.0103 超声引导下胆囊穿刺引流术
51.1000 内镜逆行胰胆管造影[ERCP]
51.2300 腹腔镜下胆囊切除术
51.5900x001 超声引导下胆管穿刺引流术
51.8600x002 内镜下鼻胆管引流术
51.8802 十二指肠镜下胆总管切开取石术
51.8805 腹腔镜-胆道镜联合探查取石术
51.9800x001 超声引导下经皮肝穿刺胆管引流术
51.9800x005 经皮胆道镜下取石术
51.9808 经T管胆道支架植入术
53.0204 腹腔镜下单侧腹股沟斜疝疝囊高位结扎术
54.1900x005 腹腔镜下腹腔积血清除术
54.9800 腹膜透析
55.5103 腹腔镜下单侧肾切除术
55.9201 肾穿刺引流术
55.9205 经皮肾周脓肿抽吸术
56.0x00x005 经尿道输尿管镜输尿管激光碎石术
57.3400x002 直视下膀胱活检术
59.8x03 经尿道输尿管支架置入术
65.4100 腹腔镜单侧输卵管-卵巢切除术
65.7900x009 腹腔镜下卵巢破裂止血术
74.1x01 剖宫产术，子宫下段横切口
78.6900x010 椎骨内固定物取出术
79.1500x006 股骨骨折闭合复位髓内针内固定术
80.7601 关节镜膝关节滑膜切除术
81.9101 关节抽吸术
81.9201 关节治疗性物质注射
82.3601 手部肌肉清创术
83.4501 肌肉清创术
84.1701 大腿截断术
86.0500x008 皮下植入装置取出术
86.2200x011 皮肤和皮下坏死组织切除清创术
86.6905 上肢植皮术
86.6906 下肢植皮术
86.7503 皮瓣修整术
88.4101 脑血管造影
88.5500 单根导管的冠状动脉造影术
93.9000 无创机械性通气
93.9000x002 无创呼吸机辅助通气(双水平气道正压[BiPAP])
93.9000x003 无创呼吸机辅助通气(高频通气[HFPPV])
93.9001 持续性气道正压通气（CPAP）
96.0400 气管内插管
96.7101 呼吸机治疗[小于96小时]
96.7201 呼吸机治疗[大于等于96小时]
97.5506 内镜下胆管支架取出术
98.5103 输尿管体外冲击波碎石术
99.1005 脑动脉血栓溶解剂灌注
99.2503 静脉注射化疗药物
99.2800x005 静脉注射抗肿瘤免疫制剂治疗
99.2800x006 分子靶向治疗",1.47,14153.07,,,11
235,FW29,静脉疾病,"I80.206 髂静脉血栓形成
I80.207 下肢深静脉血栓形成
I80.208 下肢深静脉栓塞
I80.300x006 下肢静脉肌间血栓形成
I80.303 下肢静脉血栓形成
I82.801 颈内静脉血栓形成
I82.806 上肢静脉血栓形成
I82.900x002 静脉血栓形成
I83.000 下肢静脉曲张伴有溃疡
I83.101 下肢静脉曲张伴静脉炎
I83.102 淤积性皮炎
I83.900x004 下肢静脉曲张
I83.903 大隐静脉曲张
I87.106 上腔静脉综合征
I87.117 左肾静脉压迫综合征[胡桃夹现象]
I87.201 下肢静脉功能不全
I87.805 下肢静脉回流障碍
Q27.800x008 躯干血管畸形
R02.x00 坏疽，不可归类在他处者","/
17.912A0 电针治疗
17.91330 悬灸治疗
29.1100x002 纤维鼻咽镜检查
34.9101 胸腔穿刺抽液术
38.9100 动脉导管插入术
38.9304 股静脉穿刺置管术
39.9200 静脉注射硬化药
86.0400x011 皮肤和皮下组织切开引流术
86.1100 皮肤和皮下组织的活组织检查
93.5402 石膏托固定术
99.2904 血管瘤硬化剂注射",0.72,6905.88,,,5
236,FN21,其他外周血管检查和/或治疗，伴严重合并症或并发症,"I15.102 肾性高血压
I26.900x001 肺栓塞
I26.900x009 慢性肺动脉栓塞
I26.900x011 急性大面积肺血栓栓塞症
I70.101 肾动脉狭窄
I70.204 下肢动脉硬化闭塞症
I72.811 脾动脉瘤
I74.201 上肢动脉栓塞
I74.800x011 肠系膜上动脉闭塞
I74.801 锁骨下动脉闭塞
I77.000x011 动静脉内瘘血栓形成
I77.102 锁骨下动脉狭窄
I77.114 腹腔干动脉狭窄
I77.603 血管炎
I80.206 髂静脉血栓形成
I80.207 下肢深静脉血栓形成
I80.300x005 下肢静脉闭塞
I80.303 下肢静脉血栓形成
I82.203 下腔静脉血栓形成
I82.800x005 髂外静脉栓塞
I82.803 锁骨下静脉血栓形成
I83.000 下肢静脉曲张伴有溃疡
I83.101 下肢静脉曲张伴静脉炎
I83.900x004 下肢静脉曲张
I87.100x008 锁骨下静脉压迫综合征
I87.102 上肢静脉狭窄
I87.103 无名静脉狭窄
I87.112 下腔静脉狭窄
I87.115 髂总静脉狭窄
I87.116 髂总静脉压迫综合征[Cockett综合征]
I87.201 下肢静脉功能不全
I87.805 下肢静脉回流障碍
Q25.701 先天性肺动静脉瘘
Q27.800x041 周围动脉畸形
Q28.800x007 支气管动脉畸形
Q28.801 肺血管畸形","38.7x04 下腔静脉滤器置入术
39.5000x013 锁骨下静脉球囊扩张成形术
39.5000x025 上肢静脉球囊扩张成形术
39.5001 锁骨下动脉球囊血管成形术
39.5006 肝静脉球囊血管成形术
39.5016 肱动脉球囊血管成形术
39.7900x028 经皮肠系膜上动脉取栓术
39.7900x036 经皮上肢动脉取栓术
39.7900x037 经皮上肢静脉取栓术
39.7900x043 经皮下肢静脉取栓术
39.7900x809 下肢静脉滤器置入术
39.7902 经导管支气管动脉栓塞术
39.7904 经导管脾动脉栓塞术
39.9000x010 脾动脉支架置入术
39.9000x011 髂静脉支架置入术
39.9000x016 下肢静脉支架置入术
39.9002 腹腔干动脉支架置入术
39.9008 锁骨下动脉支架置入术
39.9016 肾动脉支架置入术
88.4300 肺动脉造影术
88.4500 肾动脉造影术
88.5102 下腔静脉造影
88.6600x002 下肢静脉造影
88.6703 髂静脉造影",3.54,34124.85,,,10
237,HB13,胰、肝切除和/或分流手术，伴一般合并症或并发症,"B67.500x001+K77.0* 肝泡型棘球蚴病
C22.000 肝细胞癌
C22.100 肝内胆管癌
C22.900 肝恶性肿瘤
C23.x00 胆囊恶性肿瘤
C24.000x007 肝门胆管恶性肿瘤
C24.002 胆管恶性肿瘤
C24.003 胆总管恶性肿瘤
C24.100 法特壶腹恶性肿瘤
C24.800x001 肝内及肝外胆管恶性肿瘤
C25.000 胰头恶性肿瘤
C25.900 胰恶性肿瘤
C78.700 肝部和肝内胆管继发性恶性肿瘤
D13.400 肝良性肿瘤
D13.401 肝内胆管良性肿瘤
D13.600 胰良性肿瘤
D18.013 肝血管瘤
D37.706 胰腺肿瘤
K70.302+I98.3* 酒精性肝硬化伴食管静脉曲张破裂出血
K72.100 慢性肝衰竭
K74.300x008+I98.3* 原发性胆汁型肝硬化伴食管胃底静脉曲张破裂出血
K74.603 丙型肝炎后肝硬化失代偿期
K74.607 肝硬化失代偿期
K74.615+I98.3* 肝硬化伴食管静脉曲张破裂出血
K74.617+I98.3* 肝硬化伴食管胃底静脉曲张破裂出血
K75.000 肝脓肿
K75.000x002 胆管炎性肝脓肿
K76.806 多发性肝囊肿
K76.807 肝囊肿
K76.808 肝结节性局灶性增生
K76.818 单纯性肝囊肿
K76.901 肝肿物
K80.100x001 胆囊结石伴胆囊炎
K80.301 胆总管结石伴急性化脓性胆管炎
K80.302 胆总管结石伴胆管炎
K80.303 肝胆管结石伴胆管炎
K80.305 肝内胆管结石伴胆管炎
K83.100 胆管梗阻
K83.105 胆管狭窄
K83.109 梗阻性黄疸
K83.901 胆管肿物
K86.300 胰腺假囊肿
K86.809 胰管结石
K86.901 胰腺肿物
S36.110 开放性肝破裂","39.1x03 门静脉-腔静脉吻合术
39.1x10 经颈静脉肝内门体静脉吻合术
50.2200 部分肝切除术
50.2200x005 肝Ⅳ段切除术
50.2202 肝段切除术
50.2203 腹腔镜下肝段切除术
50.2205 腹腔镜下肝部分切除术
50.3x00 肝叶切除术
50.3x01 右半肝切除术
50.3x02 左半肝切除术
50.3x03 肝叶部分切除术
50.3x04 全肝叶切除术伴其他肝叶部分切除术
50.3x05 腹腔镜下肝叶切除术
50.3x06 腹腔镜下半肝切除术
51.3601 胆总管空肠吻合术
52.5100x001 胰近端切除伴十二指肠切除术
52.5101 胰头切除术
52.5205 腹腔镜下胰尾伴部分胰体切除术
52.5206 腹腔镜下胰体胰尾病损切除术
52.5301 腹腔镜根治性胰体尾切除术
52.5904 胰体尾切除术
52.5905 腹腔镜胰腺部分切除术
52.6x03 腹腔镜下胰十二指肠切除术
52.7x00 根治性胰十二指肠切除术
52.7x01 腹腔镜下胰十二指肠根治术",5.76,55445.62,,,12
238,IB31,与脊柱有关的其他手术，伴严重合并症或并发症,"A18.012+M49.0* 脊柱结核性截瘫
C41.201 颈椎恶性肿瘤
C79.500x001 骨继发恶性肿瘤
C79.500x006 椎体继发恶性肿瘤
C79.500x032 腰椎继发恶性肿瘤
D16.600x002 颈椎良性肿瘤
D16.600x003 胸椎良性肿瘤
D16.600x004 腰椎良性肿瘤
D18.000x025 脊柱血管瘤
D48.013 脊柱肿瘤
D48.903+M90.7* 肿瘤性病理性骨折
M40.200x041 胸椎后凸
M40.200x061 腰椎后凸
M40.201 脊柱后凸
M41.900 脊柱侧弯
M41.900x061 腰椎侧弯
M43.006 腰椎滑脱
M46.300 椎间盘感染(脓性)
M46.500x091 椎体感染
M47.101+G99.2* 脊髓型颈椎病
M47.201 神经根型颈椎病
M47.801 颈椎关节强硬
M47.802 混合型颈椎病
M48.002 颈椎椎管狭窄
M48.003 胸椎椎管狭窄
M48.005 腰椎椎管狭窄
M48.808 黄韧带骨化
M50.101+G55.1* 颈椎间盘突出伴有神经根病
M50.201 颈椎间盘突出
M51.100x002+G55.1* 腰椎间盘突出伴神经根病
M51.101+G55.1* 腰椎间盘脱出伴坐骨神经痛
M51.202 腰椎间盘突出
M80.800 骨质疏松伴有病理性骨折，其他的
M80.801 老年性骨质疏松伴病理性骨折
M80.900 骨质疏松伴有病理性骨折
M84.401 自发性骨折
M86.608 慢性骨髓炎
S12.100 第二颈椎骨折
S12.100x002 枢椎骨折
S22.000x031 胸椎骨折T5/T6
S22.000x041 胸椎骨折T7/T8
S22.000x051 胸椎骨折T9/T10
S22.000x061 胸椎骨折T11/T12
S22.100 胸椎多处骨折
S32.000x002 腰椎压缩性骨折
S32.000x011 腰椎骨折L1
S32.000x021 腰椎骨折L2
S32.000x031 腰椎骨折L3
S32.000x041 腰椎骨折L4
S32.000x051 腰椎骨折L5
S32.702 多发性腰椎骨折","03.0900x003 颈椎后路单开门椎管减压术
03.0900x010 椎管减压术
03.0912 椎板切除减压术
03.0914 椎间盘镜下椎管减压术
03.5302 颈椎骨折切开复位内固定术
03.5304 胸椎骨折切开复位内固定术
03.5305 腰椎骨折切开复位内固定术
77.2900x004 椎骨截骨术
77.2904 椎骨楔形截骨术
77.6900x032 胸椎病损切除术
77.6900x039 腰椎病损切除术
77.6900x055 颈椎病损切除术
77.6905 内镜下脊柱病灶清除术
79.8900x006 腰椎脱位切开复位内固定术
80.5100x013 后入路腰椎间盘切除术
80.5100x024 颈椎间盘切除伴半椎板切除术
80.5102 颈椎间盘切除伴椎管减压术
80.5103 内镜下颈椎间盘切除术
80.5106 内镜下胸椎间盘切除术
80.5109 腰椎髓核切除术
80.5110 内镜下腰椎间盘切除术
80.5111 内镜下腰椎髓核切除术
81.6500 经皮椎骨成形术
81.6600x002 腰椎骨折球囊扩张成形术
81.6600x003 胸椎骨折球囊扩张成形术
81.6601 经皮椎体球囊扩张成形术
84.6101 颈部分椎间盘置换
84.8205 经皮椎弓根钉内固定术",2.3,22105.81,,,10
239,LB25,肾脏其他手术，不伴严重合并症或并发症,"C64.x00x001 肾恶性肿瘤
C66.x00 输尿管恶性肿瘤
D17.700x016 肾脂肪瘤
D18.000x811 肾血管瘤
N13.202 肾积水伴输尿管结石
N13.300x005 肾盂囊肿
N13.301 肾积水
N13.501 肾盂输尿管连接处狭窄
N13.600 肾积脓
N13.601 肾结石伴有积水和感染
N13.603 肾输尿管结石伴有积水和感染
N19.x02 肾无功能
N20.000 肾结石
N28.100 肾囊肿
N28.101 单纯性肾囊肿
N28.102 获得性肾囊肿
N28.815 肾肿物
N28.819 自发性肾破裂
Q61.300 多囊肾
Q62.100 输尿管闭锁和狭窄
Q63.001 重复肾
S37.001 创伤性肾破裂","55.0106 腹腔镜下肾囊肿去顶术
55.0300x005 经皮肾造口术
55.3900x004 腹腔镜下肾病损切除术
55.4x03 腹腔镜下肾部分切除术
55.5101 单侧肾切除术
55.5103 腹腔镜下单侧肾切除术
55.5104 腹腔镜下单侧肾输尿管切除术
55.8702 肾盂输尿管成形术
55.8703 腹腔镜下肾盂输尿管成形术
55.8704 腹腔镜下肾盂成形术
55.8901 肾修补术",1.95,18799.69,,,8
240,DC43,口腔颌面头颈肿瘤切除术，伴一般合并症或并发症,"C04.000 口底前部恶性肿瘤
C05.100 软腭恶性肿瘤
C07.x00 腮腺恶性肿瘤
C08.000 下颌下腺恶性肿瘤
C11.001 鼻咽顶恶性肿瘤
C11.801 鼻咽多壁恶性肿瘤
C11.900 鼻咽恶性肿瘤
C13.100x001 杓状会厌褶恶性肿瘤
C13.900 下咽恶性肿瘤
C32.000 声门恶性肿瘤
C32.001 声带恶性肿瘤
C32.100 声门上恶性肿瘤
C32.101 会厌恶性肿瘤
C32.900 喉恶性肿瘤
C41.000x018 颅骨恶性肿瘤
C41.007 颞骨恶性肿瘤
C44.000 唇皮肤恶性肿瘤
C44.200x001 耳部皮肤恶性肿瘤
C44.201 外耳道皮肤恶性肿瘤
C44.300 面部皮肤恶性肿瘤
C44.300x005 颞部皮肤恶性肿瘤
C44.302 额部皮肤恶性肿瘤
C44.305 颌下皮肤恶性肿瘤
C44.400x004 头皮恶性肿瘤
C76.000x007 颌下恶性肿瘤
C79.502 颅骨继发恶性肿瘤
D02.002 声带原位癌
D02.302 鼻旁窦原位癌
D04.200x001 耳皮肤原位癌
D04.300x002 面皮肤原位癌
D10.300x005 悬雍垂良性肿瘤
D10.300x007 颌下良性肿瘤
D10.303 腭良性肿瘤
D10.400 扁桃体良性肿瘤
D10.500x001 口咽良性肿瘤
D10.700 咽下部良性肿瘤
D10.900 咽良性肿瘤
D11.000 腮腺良性肿瘤
D11.701 下颌下腺良性肿瘤
D14.000x007 上颌窦良性肿瘤
D14.000x009 蝶窦良性肿瘤
D14.001 鼻旁窦良性肿瘤
D14.100 喉良性肿瘤
D14.101 会厌良性肿瘤
D14.102 声带良性肿瘤
D16.400x018 颅骨良性肿瘤
D16.404 颞骨良性肿瘤
D16.406 额骨良性肿瘤
D17.000x003 头部脂肪瘤
D17.001 面部脂肪瘤
D18.000x505 唇部血管瘤
D18.000x506 外耳道血管瘤
D18.000x507 喉部血管瘤
D18.004 颈部血管瘤
D22.000 唇黑素细胞痣
D22.200x002 耳部黑色素痣
D22.201 外耳道黑素细胞痣
D23.200x002 耳廓良性肿瘤
D23.200x003 耳皮肤良性肿瘤
D23.201 外耳道良性肿瘤
D36.703 颈部良性肿瘤
D37.011 腮腺肿瘤
D38.001 喉肿瘤","01.6x00 颅骨病损的切除术
18.2900x003 耳廓病损切除术
18.2900x009 外耳道病损切除术
18.2901 外耳病损切除术
18.3100 外耳病损根治性切除术
18.3900x005 耳廓部分切除术
22.4202 内镜下额窦病损切除术
22.6001 鼻窦病损切除术
22.6002 内镜下鼻窦病损切除术
22.6403 内镜下蝶窦病损切除术
26.2901 腮腺病损切除术
26.2904 颌下腺病损切除术
26.3100x008 腮腺深叶切除术
26.3100x009 腮腺浅叶切除术
26.3101 腮腺部分切除术
26.3102 腮腺叶切除术
26.3201 腮腺切除术
26.3203 颌下腺切除术
27.4200 唇病损广泛切除术
27.4301 唇病损切除术
27.4900x007 口底病损切除术
27.4902 颌下区病损切除术
28.2x00x002 扁桃体切除术
28.2x04 内镜下扁桃体切除术
29.3900x007 支撑喉镜下鼻咽病损切除术
29.3901 咽部病损切除术
29.3902 咽旁病损切除术
29.3905 支撑喉镜下咽部病损切除术
29.3906 支撑喉镜下咽部病损激光切除术
29.3908 内镜下鼻咽病损切除术
30.0900x039 支撑喉镜下喉病损激光烧灼术
30.0903 内镜下会厌病损切除术
30.0904 内镜下会厌病损激光切除术
30.0905 内镜下声带病损切除术
30.0906 内镜下声带病损激光切除术
30.0911 支撑喉镜下喉病损切除术
30.1x00 半喉切除术
30.2100x002 支撑喉镜下会厌切除术
30.2900x003 喉部分切除术
30.2909 垂直喉部分切除术
30.3x01 全喉扩大切除术
38.6201 颈部血管瘤切除术
86.4x01 头.面.颈皮肤病损根治切除术",1.51,14577.72,,,7
241,RS11,淋巴瘤及其他类型白血病，伴严重合并症或并发症,"C81.200 混合细胞型（经典型）霍奇金淋巴瘤
C81.900 霍奇金淋巴瘤，未特指
C83.002 结节边缘区淋巴瘤
C83.100 曼特尔细胞淋巴瘤
C83.300 弥漫性大B细胞淋巴瘤
C83.300x006 原发中枢神经系统弥漫大B细胞淋巴瘤
C83.303 浆母细胞性弥漫大B细胞淋巴瘤
C83.700 伯基特淋巴瘤
C83.800x008 恶性淋巴瘤,淋巴浆细胞性
C84.400x001 成熟T细胞淋巴瘤
C84.401 血管免疫母细胞性T-细胞淋巴瘤
C84.700 间变性大细胞淋巴瘤，ALK阴性
C85.100 B-细胞淋巴瘤
C85.700 非霍奇金淋巴瘤的其他特指类型
C85.700x004 慢性NK细胞淋巴增殖性疾病
C85.900 非霍奇金淋巴瘤
C85.900x006 淋巴瘤
C86.200 肠型T细胞淋巴瘤
C88.400 MALT-淋巴瘤
C91.100 B细胞型慢性淋巴细胞白血病
C91.400 多毛细胞白血病
C91.500 成人T-细胞淋巴瘤/白血病[HTLV-1-相关性]
C91.900 淋巴样白血病
C91.901 淋巴细胞白血病
C92.100x001 慢性粒细胞性白血病
C92.100x019 慢性髓系白血病，BCR/ABL阳性
C92.102 慢性粒细胞白血病t(9:22)(q34；q11)
C93.100 慢性粒单核细胞白血病
C95.100 慢性白血病
C95.100x011 慢性白血病伴缓解
D45.x00 真性红细胞增多症
D46.400 难治性贫血
D46.700 骨髓增生异常综合征，其他的
D46.900 骨髓增生异常综合征
D46.900x002 骨髓增生异常性贫血
D47.100x004 慢性骨髓增殖性肿瘤
D47.100x007 慢性骨髓增殖性疾病(不能分型)
D47.200 意义未明的单克隆丙种球蛋白病
D47.200x003 单克隆免疫球蛋白沉积病
D47.300 特发性(出血性)血小板增多症
D47.401 慢性原发性(特发性)骨髓纤维化
D47.700x006 原发性系统性淀粉样变性
D47.700x007 Castleman病
D47.900x001 淋巴细胞增殖性疾病","/
03.3101 腰椎穿刺术
03.9102 脊神经根阻滞术
06.1100 闭合性[经皮][针吸]甲状腺活组织检查
06.1101 超声引导下经皮甲状腺活组织检查术
26.1100x003 腮腺活检
33.2400x002 支气管镜下诊断性支气管肺泡灌洗[BAL]
33.2600x001 肺穿刺活检
33.2600x002 经皮针吸肺活检
34.9101 胸腔穿刺抽液术
40.1101 颈淋巴结活组织检查
40.1103 腋窝淋巴结活组织检查
40.1104 腹股沟淋巴结活组织检查
41.3100 骨髓活组织检查
44.1401 胃镜下活组织检查
45.1300x004 胃-十二指肠镜检查
50.1100x005 经皮肝穿刺活检
52.1100x001 胰腺穿刺活检
54.2400x002 腹腔病损穿刺活检
54.2400x003 髂部病损穿刺活检
54.2404 经皮腹膜后活组织检查
54.9101 腹腔穿刺引流术
77.4904 椎骨活组织检查
80.3902 脊柱关节活组织检查
83.2100 软组织活组织检查
86.0701 静脉输液港植入术
86.1100 皮肤和皮下组织的活组织检查
99.0301 输血
99.0401 红细胞输入
99.0500 输入血小板
99.0902 间充质干细胞回输
99.7200 治疗性白细胞去除术
99.7300 治疗性红细胞去除术
99.7400 治疗性血小板去除术
99.7901 干细胞采集
99.9900x011 口服免疫抑制剂治疗",1.52,14653.83,,,11
242,IZ23,骨骼、肌肉、肌腱、结缔组织的其他疾病，伴合并症或并发症,"C76.502 腘窝恶性肿瘤
D16.201 股骨良性肿瘤
D16.600x002 颈椎良性肿瘤
D16.600x003 胸椎良性肿瘤
D16.600x005 椎骨良性肿瘤
D21.300 胸部结缔组织和其他软组织良性肿瘤
D21.900x012 滑膜良性肿瘤
D36.700x032 腘窝良性肿瘤
D48.720 下肢肿瘤
M20.100x002 后天性(足母)外翻
M21.502 后天性手畸形
M24.902 肘关节紊乱
M60.000x093 肌肉脓肿
M60.008 腰大肌脓肿
M60.800x061 腓肠肌炎
M60.801 坏死性肌炎
M62.600 肌肉劳损
M62.803 横纹肌溶解症
M62.813 肌疝
M65.101 感染性滑膜炎
M65.400 桡骨茎突腱鞘炎[德奎尔万]
M65.900x093 狭窄性腱鞘炎
M65.904 手关节滑膜炎
M65.905 髋关节滑膜炎
M65.906 膝关节滑膜炎
M66.501 非创伤性肌腱断裂
M67.302 暂时性髋关节滑膜炎
M70.301 过度打击肘
M71.200x001 腘窝囊肿
M71.310 滑膜囊肿
M71.506 膝关节粘连性滑囊炎
M72.001 掌筋膜挛缩症
M72.900x052 臀肌筋膜炎
M72.900x081 腰背部筋膜炎
M75.000x001 冻结肩
M75.001 肩周炎
M75.101 非创伤性冈上肌撕裂
M75.103 肩袖自发性破裂
M76.600 跟腱炎
M76.800x072 踝关节撞击综合征
M77.001 肱骨内上髁炎
M77.101 肱骨外上髁炎
M77.300 跟骨骨刺
M77.503 脚趾滑囊炎
M79.000 风湿病
M79.203 下肢神经痛
M79.209 神经病理性疼痛
M79.300 脂膜炎
M79.600 肢痛
M79.600x002 跟痛症
M79.600x051 下肢疼痛
M79.601 手痛
M79.604 足痛
M79.900x001 肢体肿物
M79.906 大腿软组织疾患
M84.401 自发性骨折
M89.908 大腿骨肿物
S39.800x001 腹部软组织损伤
S39.800x003 骨盆软组织损伤
S39.800x005 臀部软组织损伤
T04.800x001 身体复合部位的挤压伤
T87.400 截断术残端的感染","/
03.9102 脊神经根阻滞术
04.8101 周围神经阻滞术
17.912A0 电针治疗
17.95420 中药熏药治疗
17.96100 针刀治疗
17.97420 关节粘连手法松解术
27.2300 唇活组织检查
34.2300 胸壁活组织检查
44.1300x001 胃镜检查
45.1300x004 胃-十二指肠镜检查
45.1301 十二指肠镜检查术
45.1600x001 胃十二指肠镜下活检
45.2302 电子结肠镜检查
54.9100x009 超声引导下盆腔穿刺术
54.9101 腹腔穿刺引流术
57.9400 留置导尿管的置入术
77.4904 椎骨活组织检查
80.2000 关节镜检查
83.2100 软组织活组织检查
83.9501 超声引导下躯干软组织病损抽吸术
83.9502 超声引导下颈部软组织病损抽吸术
83.9700 腱治疗性药物注入
83.9800x001 软组织治疗性药物局部注射
86.1100 皮肤和皮下组织的活组织检查
93.4600x001 皮牵引",0.65,6220.88,,,10
243,QT13,血栓与止血，伴一般合并症或并发症,"D65.x00x001 弥散性血管内凝血
D65.x01 后天性纤维蛋白原缺乏血症
D67.x01 血友病B型
D68.201 纤维蛋白原缺乏血症
D68.400x002 获得性维生素K依赖因子缺乏症
D68.601 抗心磷脂抗体综合征
D68.900x003 凝血功能异常
D68.900x006 低纤维蛋白原血症
D69.001 皮肤型过敏性紫癜
D69.002 关节型过敏性紫癜
D69.004 过敏性紫癜
D69.006 混合型过敏性紫癜
D69.008 变应性血管炎
D69.009 腹型过敏性紫癜
D69.203 紫癜
D69.300 特发性血小板减少性紫癜
D69.400x002 免疫性血小板减少
D69.403 原发性血小板减少症
D69.406 血小板减少性紫癜
D69.500 继发性血小板减少
D69.502 药物性血小板减少症
D69.600 血小板减少","/
17.91330 悬灸治疗
27.2300 唇活组织检查
33.2400x002 支气管镜下诊断性支气管肺泡灌洗[BAL]
41.3100 骨髓活组织检查
45.1300x004 胃-十二指肠镜检查
57.9400 留置导尿管的置入术
86.1100 皮肤和皮下组织的活组织检查
99.0301 输血
99.0500 输入血小板
99.0701 血浆输入
99.0901 人造血浆输入
99.7400 治疗性血小板去除术",0.66,6369.73,,,6
244,ZZ11,多发性重要创伤无手术，伴严重合并症或并发症,"S02.100 颅底骨骨折
S02.911 开放性颅骨骨折
S06.200x011 弥散性大脑损伤伴出血
S06.200x031 多发性大脑内出血
S06.200x081 多发性大脑挫裂伤
S06.202 脑挫伤
S06.300x011 局灶性大脑挫伤伴出血
S06.300x021 局灶性小脑挫伤伴出血
S06.300x031 局灶性大脑挫伤伴血肿
S06.300x081 局灶性大脑挫裂伤
S06.401 创伤性闭合性硬膜外血肿
S06.500 创伤性硬膜下出血
S06.500x002 创伤性硬脑膜下血肿
S06.500x004 急性创伤性硬脑膜下血肿
S06.500x006 亚急性创伤性硬脑膜下血肿
S06.501 创伤性急性硬膜下出血
S06.502 创伤性慢性硬膜下血肿
S06.600 创伤性蛛网膜下出血
S06.600x002 创伤性蛛网膜下腔血肿
S06.800x004 创伤性小脑血肿
S06.800x005 创伤性小脑挫伤
S06.801 创伤性小脑出血
S06.900 颅内损伤
S06.910 开放性颅内损伤
S12.000x002 寰椎骨折
S12.200x051 颈椎骨折C7
S12.700 颈椎多处骨折
S13.100x032 颈椎脱位C3/C4
S13.102 寰枢椎半脱位
S14.002 颈部脊髓震荡
S14.101 颈部脊髓损伤
S22.000x003 胸椎压缩性骨折
S22.000x007 胸椎横突骨折
S22.000x021 胸椎骨折T3/T4
S22.000x031 胸椎骨折T5/T6
S22.000x041 胸椎骨折T7/T8
S22.000x051 胸椎骨折T9/T10
S22.000x061 胸椎骨折T11/T12
S22.100 胸椎多处骨折
S22.300 肋骨骨折
S22.400 肋骨多处骨折
S22.400x011 肋骨多发性骨折伴第一肋骨骨折
S22.400x021 两根肋骨骨折不伴第一肋骨骨折
S22.400x031 三根肋骨骨折不伴第一肋骨骨折
S22.400x041 四根以上肋骨骨折不伴第一肋骨骨折
S26.000x001 创伤性心包积血
S27.000 创伤性气胸
S27.100 创伤性血胸
S27.200 创伤性血气胸
S27.301 肺挫伤
S32.000x002 腰椎压缩性骨折
S32.000x011 腰椎骨折L1
S32.000x021 腰椎骨折L2
S32.000x031 腰椎骨折L3
S32.000x051 腰椎骨折L5
S32.300 髂骨骨折
S32.400 髋臼骨折
S32.701 多发性骨盆骨折
S32.702 多发性腰椎骨折
S32.802 骨盆骨折
S36.000 脾损伤
S36.002 创伤性脾破裂
S36.100x001 肝损伤
S36.100x011 肝挫伤
S36.100x013 创伤性肝血肿
S36.102 创伤性肝破裂
S37.001 创伤性肾破裂
S37.002 肾挫伤
S42.200x001 肱骨近端骨折
S42.200x041 肱骨大结节骨折
S42.202 肱骨外科颈骨折
S42.300 肱骨干骨折
S52.001 鹰嘴骨折
S52.101 桡骨头骨折
S52.300 桡骨干骨折
S52.500x001 桡骨远端骨折
S52.600x001 尺骨远端骨折伴桡骨远端骨折
S52.600x002 尺骨茎突骨折伴桡骨远端骨折
S62.100x021 三角骨骨折
S62.100x071 钩骨骨折
S72.000 股骨颈骨折
S72.101 股骨粗隆间骨折
S72.400x012 股骨内髁骨折
S72.900 股骨骨折
S82.000 髌骨骨折
S82.100x012 胫骨平台伴腓骨骨折
S82.100x081 胫骨近端骨折
S82.100x087 胫骨平台骨折
S82.100x088 胫骨平台伴髁间骨折
S82.300x011 胫骨远端骨折伴腓骨骨折
S82.400x001 腓骨骨折
S82.400x012 腓骨头骨折
S82.600 外踝骨折
S82.800x082 踝关节骨折","/
00.6800x001 肢体动脉血管内压力测量
03.3101 腰椎穿刺术
24.0x02 牙龈切开引流术
29.1100x002 纤维鼻咽镜检查
33.2403 纤维支气管镜检查伴肺泡灌洗术
34.0401 胸腔闭式引流术
34.9103 超声引导下胸腔穿刺术
38.9100 动脉导管插入术
54.9105 腹腔穿刺术
86.2800x012 皮肤和皮下组织非切除性清创
93.4400x003 股骨牵引
93.4404 股骨髁上牵引
93.4406 胫骨结节牵引
93.4600x001 皮牵引
93.5300x001 石膏绷带固定
93.5401 石膏夹板固定
93.5402 石膏托固定术
95.0400 麻醉下眼检查
97.1400x001 外固定置换",1.16,11148.49,,,10
245,IZ25,骨骼、肌肉、肌腱、结缔组织的其他疾病，不伴合并症或并发症,"C76.502 腘窝恶性肿瘤
D16.201 股骨良性肿瘤
D16.600x002 颈椎良性肿瘤
D16.600x003 胸椎良性肿瘤
D16.600x005 椎骨良性肿瘤
D21.300 胸部结缔组织和其他软组织良性肿瘤
D21.900x012 滑膜良性肿瘤
D36.700x032 腘窝良性肿瘤
D48.720 下肢肿瘤
M20.100x002 后天性(足母)外翻
M21.502 后天性手畸形
M24.902 肘关节紊乱
M60.000x093 肌肉脓肿
M60.008 腰大肌脓肿
M60.800x061 腓肠肌炎
M60.801 坏死性肌炎
M62.600 肌肉劳损
M62.803 横纹肌溶解症
M62.813 肌疝
M65.101 感染性滑膜炎
M65.400 桡骨茎突腱鞘炎[德奎尔万]
M65.900x093 狭窄性腱鞘炎
M65.904 手关节滑膜炎
M65.905 髋关节滑膜炎
M65.906 膝关节滑膜炎
M66.501 非创伤性肌腱断裂
M67.302 暂时性髋关节滑膜炎
M70.301 过度打击肘
M71.200x001 腘窝囊肿
M71.310 滑膜囊肿
M71.506 膝关节粘连性滑囊炎
M72.001 掌筋膜挛缩症
M72.900x052 臀肌筋膜炎
M72.900x081 腰背部筋膜炎
M75.000x001 冻结肩
M75.001 肩周炎
M75.101 非创伤性冈上肌撕裂
M75.103 肩袖自发性破裂
M76.600 跟腱炎
M76.800x072 踝关节撞击综合征
M77.001 肱骨内上髁炎
M77.101 肱骨外上髁炎
M77.300 跟骨骨刺
M77.503 脚趾滑囊炎
M79.000 风湿病
M79.203 下肢神经痛
M79.209 神经病理性疼痛
M79.300 脂膜炎
M79.600 肢痛
M79.600x002 跟痛症
M79.600x051 下肢疼痛
M79.601 手痛
M79.604 足痛
M79.900x001 肢体肿物
M79.906 大腿软组织疾患
M84.401 自发性骨折
M89.908 大腿骨肿物
S39.800x001 腹部软组织损伤
S39.800x003 骨盆软组织损伤
S39.800x005 臀部软组织损伤
T04.800x001 身体复合部位的挤压伤
T87.400 截断术残端的感染","/
03.9102 脊神经根阻滞术
04.8101 周围神经阻滞术
17.912A0 电针治疗
17.95420 中药熏药治疗
17.96100 针刀治疗
17.97420 关节粘连手法松解术
27.2300 唇活组织检查
34.2300 胸壁活组织检查
44.1300x001 胃镜检查
45.1300x004 胃-十二指肠镜检查
45.1301 十二指肠镜检查术
45.1600x001 胃十二指肠镜下活检
45.2302 电子结肠镜检查
54.9100x009 超声引导下盆腔穿刺术
54.9101 腹腔穿刺引流术
57.9400 留置导尿管的置入术
77.4904 椎骨活组织检查
80.2000 关节镜检查
83.2100 软组织活组织检查
83.9501 超声引导下躯干软组织病损抽吸术
83.9502 超声引导下颈部软组织病损抽吸术
83.9700 腱治疗性药物注入
83.9800x001 软组织治疗性药物局部注射
86.1100 皮肤和皮下组织的活组织检查
93.4600x001 皮牵引",0.49,4686.96,,,8
246,IT25,慢性炎症性肌肉骨骼结缔组织疾病，不伴合并症或并发症,"I00.x00x004 急性风湿热
L40.501+M07.3* 银屑病性关节炎
M05.200x092 类风湿性血管炎
M05.308 累及全身类风湿性关节炎
M05.800 血清反应阳性的类风湿性关节炎,其他的
M05.900x093 累及内脏的类风湿性关节炎
M06.003 滑膜炎-痤疮-脓疱疹-骨肥厚-骨炎综合征
M06.100 成年型斯蒂尔病
M30.300 黏膜皮肤淋巴结综合征[川崎病]
M31.101 血栓性血小板减少性紫癜
M31.802 ANCA相关性血管炎
M31.900x001 坏死性脉管炎
M32.110+G73.7* 狼疮性肌病
M32.900 系统性红斑狼疮
M33.100x004 成人皮肌炎
M33.101 皮肌炎
M33.200 多肌炎
M34.800x002+G73.7* 系统性硬化症性肌病
M34.900 全身性硬皮病
M34.900x001 系统性硬化症
M35.000 干燥综合征[舍格伦]
M35.004+G73.7* 干燥综合征性肌病
M35.101 混合性结缔组织病
M35.200 贝赫切特[贝切特]病
M35.901 结缔组织病
M45.x00 强直性脊柱炎
M60.900 肌炎
M60.902 肌筋膜炎","/
03.3101 腰椎穿刺术
03.9102 脊神经根阻滞术
04.8101 周围神经阻滞术
06.1101 超声引导下经皮甲状腺活组织检查术
17.91330 悬灸治疗
27.2300 唇活组织检查
29.1100x002 纤维鼻咽镜检查
33.2400x002 支气管镜下诊断性支气管肺泡灌洗[BAL]
33.2403 纤维支气管镜检查伴肺泡灌洗术
33.2600x001 肺穿刺活检
33.2600x002 经皮针吸肺活检
38.9302 颈内静脉穿刺中心静脉置管术
41.3100 骨髓活组织检查
44.1401 胃镜下活组织检查
45.1300x004 胃-十二指肠镜检查
45.1302 胶囊内镜检查术
45.2302 电子结肠镜检查
50.1100x001 超声引导下肝穿刺活检
55.2300x001 超声引导下肾穿刺活检
83.2100 软组织活组织检查
83.9700 腱治疗性药物注入
86.1100 皮肤和皮下组织的活组织检查
97.8900x004 为肾透析的半永久静脉导管拔管",0.73,7036.99,,,6
247,GG29,直肠其他手术,"C20.x00 直肠恶性肿瘤
D01.200 直肠原位癌
D12.800 直肠良性肿瘤
D37.500x001 直肠交界性肿瘤
D37.501 直肠肿瘤
K51.900 溃疡性结肠炎
K56.500x003 粘连性肠梗阻
K61.001 肛周脓肿
K61.100 直肠脓肿
K61.101 直肠周围脓肿
K61.200 肛门直肠脓肿
K62.100 直肠息肉
K62.300 直肠脱垂
K62.301 直肠黏膜脱垂
K62.400x002 直肠狭窄
K62.903 直肠肿物
T18.502 直肠内异物","48.0x04 直肠脓肿切开引流术
48.3501 直肠病损切除术
48.3502 经肛门直肠病损切除术
48.3504 经阴道直肠病损切除术
48.3601 直肠息肉切除术
48.4105 直肠粘膜切除术
48.7600x008 直肠黏膜悬吊术
48.7603 直肠脱垂悬吊术
48.7900x003 直肠修补术
48.9100 直肠狭窄切开术
98.0502 直肠异物的不切开去除",1.07,10269.92,,,6
248,MD15,睾丸手术，不伴合并症或并发症,"C63.201 阴囊皮肤恶性肿瘤
I86.101 精索静脉曲张
N43.300 鞘膜积液
N43.301 睾丸鞘膜积液
N43.302 精索鞘膜积液
N44.x00 睾丸扭转
N44.x02 精索扭转
N45.000 睾丸炎、附睾炎和附睾-睾丸炎，伴有脓肿
N45.001 附睾脓肿
N45.903 附睾炎
N45.906 睾丸炎
N45.907 急性附睾炎
N45.908 附睾-睾丸炎
N50.803 附睾囊肿
N50.807 睾丸坏死
N50.816 精索囊肿
N50.902 阴囊肿物
P83.500 先天性鞘膜积液
Q53.101 单侧腹股沟型隐睾
Q53.102 单侧腹腔型隐睾
Q53.902 隐睾
S30.205 阴囊挫伤","61.2x02 睾丸鞘膜切除术
61.3x02 阴囊部分切除术
61.3x03 阴囊病损切除术
61.4901 睾丸鞘状突高位结扎术
61.4902 阴囊修补术
61.4904 睾丸鞘膜翻转术
62.3x00 单侧睾丸切除术
62.3x01 单侧睾丸附睾切除术
62.3x03 单侧隐睾切除术
62.3x04 腹腔镜下单侧隐睾切除术
62.4100x004 双侧睾丸切除术
62.5x00 睾丸固定术
62.5x02 睾丸复位术
63.1x00x005 显微镜下精索静脉低位结扎术
63.1x01 精索静脉高位结扎术
63.1x02 精索鞘膜积液切除术
63.1x03 腹腔镜精索静脉高位结扎术
63.2x00 附睾囊肿切除术
63.3x01 精索病损切除术
63.3x02 精索鞘膜囊肿切除术
63.4x00 附睾切除术
63.5201 睾丸扭转复位术",0.72,6980.74,,,3
249,CB65,视网膜及晶状体以外的内眼手术，不伴合并症或并发症,"E11.300x051+H42.0* 2型糖尿病性新生血管性青光眼
H21.000 前房积血
H21.500x003 虹膜根部离断
H40.000x004 青光眼术后眼压失控
H40.100 原发性开角型青光眼
H40.100x001 开角型青光眼
H40.200 原发性闭角型青光眼
H40.202 慢性闭角型青光眼
H40.203 原发性急性闭角型青光眼
H40.401 虹膜睫状体炎继发性青光眼
H40.500x002 继发性青光眼
H40.501 新生血管性青光眼
H40.600x002 糖皮质激素性青光眼
H40.900 青光眼
S05.102 创伤性前房积血
S05.200x007 外伤性虹膜根部离断","12.1101 虹膜激光打孔术
12.1402 虹膜激光切除术
12.3500 瞳孔成形术
12.3901 虹膜离断缝合术
12.4300x001 睫状体病损破坏术
12.5900x001 房角分离术
12.6400x001 激光小梁成形术[ALP、KLP]
12.6400x003 滤帘切除术[小梁切除术]
12.6704 青光眼阀置入术
12.9101 前房穿刺术
12.9903 前房成形术",0.51,4930.4,,,3
250,GB31,小肠、大肠（含直肠）的大手术，伴严重合并症或并发症,"C18.000 盲肠恶性肿瘤
C18.001 回盲部恶性肿瘤
C18.100 阑尾恶性肿瘤
C18.200 升结肠恶性肿瘤
C18.300 结肠肝曲恶性肿瘤
C18.400 横结肠恶性肿瘤
C18.500 结肠脾曲恶性肿瘤
C18.600 降结肠恶性肿瘤
C18.700 乙状结肠恶性肿瘤
C18.801 降结肠乙状结肠恶性肿瘤
C18.900 结肠恶性肿瘤
C19.x00 直肠乙状结肠连接处恶性肿瘤
C20.x00 直肠恶性肿瘤
C21.801 直肠肛管恶性肿瘤
C79.809 腹腔继发恶性肿瘤
D01.000 结肠原位癌
D12.001 回盲部良性肿瘤
D12.100 阑尾良性肿瘤
D12.200 升结肠良性肿瘤
D12.300 横结肠良性肿瘤
D12.400 降结肠良性肿瘤
D12.500 乙状结肠良性肿瘤
D12.600 结肠良性肿瘤
D12.800 直肠良性肿瘤
D37.401 结肠肿瘤
D37.409 乙状结肠肿瘤
D37.501 直肠肿瘤
K27.503 上消化道穿孔
K31.500 十二指肠梗阻
K35.300 急性阑尾炎伴局限性腹膜炎
K35.301 急性阑尾炎伴腹膜脓肿
K38.801 阑尾黏液囊肿
K40.312 嵌顿性腹股沟疝
K52.911 盲肠炎
K55.004 肠坏死
K56.200 肠扭转
K56.203 结肠扭转
K56.500x003 粘连性肠梗阻
K56.600x008 结肠梗阻
K56.604 机械性肠梗阻
K56.700 肠梗阻
K56.700x003 完全性肠梗阻
K57.304 结肠憩室炎
K59.003 慢传输型便秘
K62.800x010 直肠穿孔
K63.102 回肠穿孔
K63.103 结肠穿孔
K63.105 乙状结肠穿孔
K63.108 小肠穿孔
K63.202 腹壁盲肠瘘
K63.900x003 肠系膜肿物
S36.400 小肠损伤
S36.402 创伤性空肠破裂","17.3200 腹腔镜盲肠切除术
17.3200x001 腹腔镜下盲肠部分切除术
17.3200x002 腹腔镜下回盲部切除术
17.3300 腹腔镜右半结肠切除术
17.3400 腹腔镜横结肠切除术
17.3401 腹腔镜横结肠部分切除术
17.3500 腹腔镜左半结肠切除术
17.3500x001 腹腔镜下降结肠部分切除术
17.3600 腹腔镜乙状结肠切除术
17.3600x001 腹腔镜下乙状结肠部分切除术
17.3900x002 腹腔镜下结肠部分切除术
45.7200x004 盲肠部分切除术
45.7300x007 右半结肠切除术
45.7302 右半结肠根治性切除术
45.7400x003 横结肠切除术
45.7500 左半结肠切除术
45.7501 左半结肠根治性切除术
45.7600x008 乙状结肠切除术
45.7601 乙状结肠部分切除术
45.7901 结肠部分切除术
45.8100x001 腹腔镜下结肠次全切除术
45.8200 开放性腹内全结肠切除术
46.1000 结肠造口术
46.1000x007 腹腔镜下结肠造口术
46.2001 腹腔镜回肠造口术
46.2300x001 回肠永久性造口术
46.7303 腹腔镜小肠裂伤修补术
46.8100x001 腹腔镜下小肠扭转复位术
48.5100 腹腔镜下腹会阴直肠切除术
48.6201 腹腔镜下直肠前切除伴结肠造口术
48.6300x001 腹腔镜下经括约肌间直肠前切除术（ISR）
48.6300x003 腹腔镜下超低位直肠前切除术
48.6302 腹腔镜下直肠前切除术
48.6303 腹腔镜低位直肠前切除术
48.6900x004 经肛门直肠病损根治术
48.6909 腹腔镜下直肠部分切除术",6.01,57928.12,,,19
251,HT15,"重症胰腺炎,不伴合并症或并发症","K85.002 急性特发性胰腺炎，重症
K85.102 急性胆源型胰腺炎，重症
K85.202 急性酒精性胰腺炎，重症
K85.800x002 急性出血坏死性胰腺炎
K85.800x003 胰腺脓肿
K85.816 急性复发性胰腺炎，重症
K85.818 急性坏死性胰腺炎，重症
K85.902 急性重症胰腺炎","/
00.6800x001 肢体动脉血管内压力测量
17.91100 毫针治疗
17.91110 头针治疗
17.912A0 电针治疗
17.91330 悬灸治疗
17.95420 中药熏药治疗
17.98410 直肠滴注治疗
17.98422 经直肠中药滴入治疗
38.9100 动脉导管插入术
38.9302 颈内静脉穿刺中心静脉置管术
38.9303 锁骨下静脉穿刺中心静脉置管术
38.9304 股静脉穿刺置管术
38.9700x002 引导下中心静脉置管术
38.9800x001 动脉穿刺术
44.1301 超声内镜下胃检查
45.1300x004 胃-十二指肠镜检查
45.1600x001 胃十二指肠镜下活检
52.1900x001 超声内镜下胰腺检查
54.9100x009 超声引导下盆腔穿刺术
54.9101 腹腔穿刺引流术
89.6400x001 漂浮导管检查[Swan-Ganz导管插入]",0.99,9558.03,,,8
252,IH13,肌肉、肌腱手术，伴合并症或并发症,"A18.031+M01.1* 髋关节结核
A18.800x027+M63.0* 腰大肌结核性脓肿
D18.009 肌内血管瘤
D21.102 手结缔组织良性肿瘤
D21.200x006 下肢结缔组织良性肿瘤
D21.900x013 腱鞘良性肿瘤
D36.715 下肢良性肿瘤
D48.132 上肢结缔组织肿瘤
D48.718 上肢肿瘤
M10.002 痛风性关节炎
M10.900x093 痛风石
M13.900 关节炎
M17.900 膝关节病
M21.302 后天性足下垂
M47.802 混合型颈椎病
M51.100x002+G55.1* 腰椎间盘突出伴神经根病
M51.101+G55.1* 腰椎间盘脱出伴坐骨神经痛
M51.202 腰椎间盘突出
M61.400 肌肉的其他钙化
M62.200x001 骨筋膜室综合征
M62.800x061 腓骨长肌腱滑脱
M62.800x096 肌肉血肿机化
M62.901 肌肉肿物
M65.200 钙化性肌腱炎
M65.300 扳机指
M65.900x093 狭窄性腱鞘炎
M65.910 腱鞘炎
M67.100x041 掌腱膜挛缩
M67.400 腱鞘囊肿
M67.400x031 腕腱鞘囊肿
M72.000 掌腱膜纤维瘤病[迪皮特朗]
M72.600 坏死性筋膜炎
M72.804 指纤维组织瘤样增生
M75.000x001 冻结肩
M75.001 肩周炎
M77.101 肱骨外上髁炎
M79.500x061 小腿软组织异物残留
M86.907 手指骨髓炎
M86.908 掌骨骨髓炎
Q74.010 先天性狭窄性腱鞘炎
S16.x00x001 颈部肌肉损伤
S42.410 开放性肱骨下端骨折
S46.101 二头肌长头肌腱损伤
S46.200x001 肱二头肌肌肉损伤
S46.200x002 肱二头肌肌腱损伤
S46.201 创伤性肱二头肌断裂
S46.300x001 肱三头肌肌肉损伤
S46.802 创伤性三角肌断裂
S46.900x001 肩和上臂肌肉损伤
S51.901 开放性前臂损伤
S52.001 鹰嘴骨折
S52.510 开放性桡骨下端骨折
S56.100x002 前臂指屈肌腱损伤
S56.200x002 前臂屈肌腱损伤
S56.300x002 前臂拇指伸肌腱损伤
S56.400x001 前臂指伸肌损伤
S56.500x001 前臂伸肌损伤
S56.500x002 前臂伸肌腱损伤
S56.500x003 前臂伸肌和肌腱损伤
S56.700x001 前臂多处肌肉和肌腱损伤
S56.801 前臂肌肉和肌腱损伤
S61.701 开放性腕部多发损伤
S61.702 开放性手多发损伤
S61.901 开放性手部损伤
S61.902 手套撕脱伤
S62.210 开放性第一掌骨骨折
S62.301 掌骨骨折
S62.510 开放性拇指骨折
S62.600x031 指骨远节骨折
S62.611 开放性指骨骨折
S62.710 开放性多发性指骨骨折
S63.100 指关节脱位
S66.000x006 腕部拇指长屈肌腱损伤
S66.000x009 手部拇指长屈肌腱损伤
S66.100x003 腕和手指屈肌腱损伤
S66.100x005 腕部指屈肌损伤
S66.100x006 腕部指屈肌腱损伤
S66.100x009 手部指屈肌腱损伤
S66.200x006 腕部拇指伸肌腱损伤
S66.200x007 手部拇指伸肌和肌腱损伤
S66.200x009 手部拇指伸肌腱损伤
S66.300x003 腕和手指伸肌腱损伤
S66.300x006 腕部指伸肌腱损伤
S66.300x009 手部指伸肌腱损伤
S66.600x001 腕和手多处屈肌和肌腱损伤
S66.700x001 腕和手多处伸肌和肌腱损伤
S66.900x003 手部肌肉损伤
S66.900x004 手指肌肉损伤
S68.000x002 拇指不全切断
S68.001 拇指完全切断
S68.100x001 单指不全切断
S76.100x002 股四头肌肌肉损伤
S76.402 大腿肌断裂
S81.901 小腿撕脱伤
S82.010 开放性髌骨骨折
S82.100x081 胫骨近端骨折
S82.100x087 胫骨平台骨折
S82.201 胫腓骨干骨折
S82.210 开放性胫骨骨干骨折
S82.410 开放性腓骨骨折
S86.001 跟腱断裂
S86.200x002 小腿前部肌群肌腱损伤
S86.300x004 腓肠肌断裂
S86.700x002 胫腓肌腱断裂
S91.302 足部皮肤撕裂伤
S91.303 足裂伤
S92.202 足舟状骨骨折
S92.300 跖骨骨折
S92.310 开放性跖骨骨折
S92.410 开放性拇趾骨折
S96.101 足拇长伸肌腱断裂
S96.102 趾伸肌腱断裂
S96.701 踝和足水平多发性肌腱损伤
S96.800x001 踝部胫后肌腱损伤
S96.801 趾肌腱断裂
T79.600x004 上肢骨筋膜室综合征
T79.600x006 下肢骨筋膜室综合征
T84.600x003 内固定装置引起的感染
T84.604 骨折内固定物植入感染
T87.300x001 创伤性神经瘤
T87.601 截肢残端溃疡","82.0101 手部腱鞘松解术
82.2100 手腱鞘病损切除术
82.2101 手部腱鞘囊肿切除术
82.2200 手肌肉病损切除术
82.2900x001 手部软组织病损切除术
82.3301 手部腱鞘切除术
82.3500x001 掌腱膜部分切除术
82.3501 掌腱膜挛缩松解术
82.3601 手部肌肉清创术
82.4400x001 屈腕肌腱缝合术
82.4400x002 屈指肌腱缝合术
82.4500x001 拇长伸肌腱缝合术
82.4500x011 伸指肌腱中央束缝合术
82.4500x013 伸指肌腱缝合术
82.4501 手部伸肌腱缝合术
82.4602 手部肌肉缝合术
82.5301 手部肌腱止点重建术
82.5601 手部肌腱移植术
82.9100x004 手指肌腱松解术
82.9103 手部肌腱粘连松解术
82.9501 手部腱鞘封闭术
83.0201 肌肉筋膜切开减压术
83.0203 肌肉切开异物取出术
83.0204 肌肉切开引流术
83.3200 肌肉病损切除术
83.3200x007 躯干肌肉病损切除术
83.3200x012 下肢肌肉病损切除术
83.4501 肌肉清创术
83.6400x007 前臂肌腱缝合术
83.6400x008 上肢肌腱缝合术
83.6400x009 腕部肌腱缝合术
83.6400x011 下肢肌腱缝合术
83.6400x013 趾肌腱缝合术
83.6401 肌腱缝合术
83.6402 跟腱缝合术
83.6500x012 前臂肌缝合术
83.6500x018 上肢肌肉缝合术
83.6500x020 颈部肌肉缝合术
83.6501 肌肉缝合术
83.7700x022 上肢肌伸肘功能重建伴肌移位术
83.8500x037 肱二头肌腱缩短术
83.8500x055 腓骨长短肌腱缩短术
83.8800x001 跟腱修补术
83.8800x012 足肌腱成形术
83.8800x016 胫前肌腱修补术
83.9100x005 上肢肌腱粘连松解术
83.9105 针刀松解术",0.82,7887.84,,,10
253,LD13,膀胱其他手术，伴合并症或并发症,"C67.200 膀胱侧壁恶性肿瘤
C67.600 输尿管口恶性肿瘤
D30.300 膀胱良性肿瘤
D41.401 膀胱肿瘤
N21.000 膀胱结石
N21.100 尿道结石
N30.400 放射性膀胱炎
N30.809 腺性膀胱炎
N30.902 出血性膀胱炎
N32.000 膀胱颈梗阻
N32.001 膀胱颈挛缩
N32.300 膀胱憩室
N32.803 膀胱出血
N32.901 膀胱肿物
R33.x00 尿潴留
T19.100 膀胱内异物","57.0x00x003 经尿道膀胱镜膀胱异物取出术
57.0x00x005 经尿道膀胱镜膀胱取石术
57.0x00x006 经尿道膀胱镜膀胱血块清除术
57.0x00x007 经尿道膀胱镜膀胱激光碎石术
57.0x00x009 经尿道膀胱镜膀胱气压弹道碎石取石术
57.0x00x011 经尿道膀胱镜膀胱气压弹道碎石术
57.0x00x012 经尿道膀胱镜膀胱激光碎石取石术
57.0x00x013 经尿道膀胱镜膀胱碎石钳碎石取石术
57.0x04 经尿道膀胱血块清除术
57.0x06 经尿道膀胱激光碎石术
57.1902 膀胱切开取石术
57.1903 膀胱切开异物取出术
57.2100 膀胱造口术
57.3400x002 直视下膀胱活检术
57.4900x001 经尿道膀胱病损电切术
57.4901 经尿道膀胱病损切除术
57.4902 经尿道膀胱颈电切术
57.5902 膀胱憩室切除术
57.5906 膀胱病损电灼术
57.6x06 腹腔镜下膀胱部分切除术
57.9101 经尿道膀胱颈切开术
57.9301 经尿道膀胱电凝止血术",1.26,12183.09,,,8
254,OJ15,与妊娠、分娩相关的其他手术操作，不伴严重合并症或并发症,"O00.101 输卵管妊娠流产
O00.201 卵巢妊娠破裂
O00.807 子宫瘢痕处妊娠
O00.809 子宫角妊娠
O01.001 完全性葡萄胎
O01.101 部分性葡萄胎
O01.901 妊娠滋养细胞病
O02.100 稽留流产
O03.300 不完全性自然流产，伴有其他和未特指的并发症
O03.400x001 不完全自然流产
O04.401 不完全性药物流产
O04.901 中期人工流产
O04.905 早期人工流产
O08.803 流产后宫腔粘连
O13.x00 妊娠[妊娠引起的]高血压
O21.900 妊娠呕吐
O24.300x001 妊娠合并原有糖尿病
O24.400 妊娠期发生的糖尿病
O26.606 妊娠期肝内胆汁淤积症
O34.201 妊娠合并子宫瘢痕
O34.400x011 妊娠合并子宫颈环扎后
O34.800x014 妊娠合并卵巢囊肿蒂扭转
O34.800x018 妊娠合并卵巢黄体囊肿破裂
O42.000x001 足月胎膜早破(在24小时之内产程开始)
O69.101 脐带绕颈
O72.002 胎盘滞留伴出血
O72.100 即刻产后出血，其他的
O72.201 胎膜滞留伴出血
O72.202 延迟性产后出血
O73.000 胎盘滞留不伴有出血
O73.101 胎膜滞留不伴出血
O73.102 胎盘部分滞留不伴出血
O86.002 剖宫产后伤口感染","54.6101 腹壁切口裂开缝合术
65.2501 腹腔镜卵巢病损切除术
65.2503 腹腔镜卵巢黄体切除术
65.7900x009 腹腔镜下卵巢破裂止血术
68.2101 宫腔镜子宫内膜粘连松解术
68.3103 腹腔镜子宫楔形切除术
68.4100 腹腔镜经腹全子宫切除术
69.0100x002 人工流产钳刮术
69.0101 终止妊娠刮宫术
69.0200x003 流产后刮宫术
69.0201 人工流产后刮宫术
69.0202 分娩后刮宫术
69.5101 负压吸引人工流产术
69.5102 超声引导下负压吸引人工流产术
69.5103 宫腔镜电吸人流术
69.5201 分娩后电吸刮宫术
69.5901 电吸刮宫术
69.9600 去除子宫颈环扎材料
70.3301 阴道病损切除术",0.48,4619.06,,,3
255,HZ11,其他肝脏疾病，伴严重合并症或并发症,"B65.903+K77.0* 血吸虫性肝炎
D18.013 肝血管瘤
I81.x00 门静脉血栓形成
I86.808 肝静脉瘤
K71.601 药物性肝炎
K71.901 药物性肝损害
K72.004 急性非病毒性肝炎
K72.902 肝萎缩
K75.000 肝脓肿
K75.003 细菌性肝脓肿
K75.400 自身免疫性肝炎
K75.804 胆汁淤积性肝炎
K76.000 脂肪肝
K76.600x007 非肝硬化性门脉高压
K76.800x006 肝功能不全
K76.801 自发性肝破裂出血
K76.803 肝出血
K76.804 肝结节
K76.806 多发性肝囊肿
K76.807 肝囊肿
K76.808 肝结节性局灶性增生
K76.811 肝血肿
K76.813 肝内钙化点
K76.814 肝癌破裂出血
K76.816 肝细胞性黄疸
K76.900x002 肝损害
K76.901 肝肿物
R17.901 高胆红素血症
R93.203 肝占位性病变
R94.500 肝功能检查的异常结果
S36.100x001 肝损伤
S36.100x011 肝挫伤
T86.400x017 肝移植后肝功能不全","/
03.9102 脊神经根阻滞术
17.91110 头针治疗
17.912A0 电针治疗
17.91330 悬灸治疗
17.95420 中药熏药治疗
27.2300 唇活组织检查
38.9100 动脉导管插入术
38.9302 颈内静脉穿刺中心静脉置管术
42.2300x001 食管镜检查
44.1300x001 胃镜检查
45.1300x004 胃-十二指肠镜检查
45.2302 电子结肠镜检查
45.2303 超声结肠镜检查
45.2501 结肠镜下大肠活组织检查
50.1100x001 超声引导下肝穿刺活检
50.1100x005 经皮肝穿刺活检
50.9101 经皮肝穿刺引流术
50.9102 肝脓肿穿刺引流术
50.9103 肝囊肿穿刺引流术
52.1900x001 超声内镜下胰腺检查
54.9101 腹腔穿刺引流术
70.0x00x003 经阴道腹腔穿刺引流术
86.1100 皮肤和皮下组织的活组织检查
93.3908 中药贴敷
99.6000 心肺复苏",0.92,8849.17,,,9
256,FV33,晕厥及/或虚脱，伴合并症或并发症,"I95.101 体位性低血压
R55.x00x001 晕厥
R55.x00x002 心源性晕厥
R55.x00x003 排尿性晕厥
R55.x00x004 脑源性晕厥
R55.x00x006 反射性晕厥
R55.x00x009 血管抑制性晕厥
R55.x00x013 血管迷走性晕厥
R55.x00x014 迷走神经性晕厥","/
17.91330 悬灸治疗
29.1100x002 纤维鼻咽镜检查
38.9100 动脉导管插入术
45.1300x004 胃-十二指肠镜检查
57.9400 留置导尿管的置入术
89.1900x001 视频脑电图监测",0.61,5872.82,,,5
257,GB35,小肠、大肠（含直肠）的大手术，不伴合并症或并发症,"C18.000 盲肠恶性肿瘤
C18.001 回盲部恶性肿瘤
C18.100 阑尾恶性肿瘤
C18.200 升结肠恶性肿瘤
C18.300 结肠肝曲恶性肿瘤
C18.400 横结肠恶性肿瘤
C18.500 结肠脾曲恶性肿瘤
C18.600 降结肠恶性肿瘤
C18.700 乙状结肠恶性肿瘤
C18.801 降结肠乙状结肠恶性肿瘤
C18.900 结肠恶性肿瘤
C19.x00 直肠乙状结肠连接处恶性肿瘤
C20.x00 直肠恶性肿瘤
C21.801 直肠肛管恶性肿瘤
C79.809 腹腔继发恶性肿瘤
D01.000 结肠原位癌
D12.001 回盲部良性肿瘤
D12.100 阑尾良性肿瘤
D12.200 升结肠良性肿瘤
D12.300 横结肠良性肿瘤
D12.400 降结肠良性肿瘤
D12.500 乙状结肠良性肿瘤
D12.600 结肠良性肿瘤
D12.800 直肠良性肿瘤
D37.401 结肠肿瘤
D37.409 乙状结肠肿瘤
D37.501 直肠肿瘤
K27.503 上消化道穿孔
K31.500 十二指肠梗阻
K35.300 急性阑尾炎伴局限性腹膜炎
K35.301 急性阑尾炎伴腹膜脓肿
K38.801 阑尾黏液囊肿
K40.312 嵌顿性腹股沟疝
K52.911 盲肠炎
K55.004 肠坏死
K56.200 肠扭转
K56.203 结肠扭转
K56.500x003 粘连性肠梗阻
K56.600x008 结肠梗阻
K56.604 机械性肠梗阻
K56.700 肠梗阻
K56.700x003 完全性肠梗阻
K57.304 结肠憩室炎
K59.003 慢传输型便秘
K62.800x010 直肠穿孔
K63.102 回肠穿孔
K63.103 结肠穿孔
K63.105 乙状结肠穿孔
K63.108 小肠穿孔
K63.202 腹壁盲肠瘘
K63.900x003 肠系膜肿物
S36.400 小肠损伤
S36.402 创伤性空肠破裂","17.3200 腹腔镜盲肠切除术
17.3200x001 腹腔镜下盲肠部分切除术
17.3200x002 腹腔镜下回盲部切除术
17.3300 腹腔镜右半结肠切除术
17.3400 腹腔镜横结肠切除术
17.3401 腹腔镜横结肠部分切除术
17.3500 腹腔镜左半结肠切除术
17.3500x001 腹腔镜下降结肠部分切除术
17.3600 腹腔镜乙状结肠切除术
17.3600x001 腹腔镜下乙状结肠部分切除术
17.3900x002 腹腔镜下结肠部分切除术
45.7200x004 盲肠部分切除术
45.7300x007 右半结肠切除术
45.7302 右半结肠根治性切除术
45.7400x003 横结肠切除术
45.7500 左半结肠切除术
45.7501 左半结肠根治性切除术
45.7600x008 乙状结肠切除术
45.7601 乙状结肠部分切除术
45.7901 结肠部分切除术
45.8100x001 腹腔镜下结肠次全切除术
45.8200 开放性腹内全结肠切除术
46.1000 结肠造口术
46.1000x007 腹腔镜下结肠造口术
46.2001 腹腔镜回肠造口术
46.2300x001 回肠永久性造口术
46.7303 腹腔镜小肠裂伤修补术
46.8100x001 腹腔镜下小肠扭转复位术
48.5100 腹腔镜下腹会阴直肠切除术
48.6201 腹腔镜下直肠前切除伴结肠造口术
48.6300x001 腹腔镜下经括约肌间直肠前切除术（ISR）
48.6300x003 腹腔镜下超低位直肠前切除术
48.6302 腹腔镜下直肠前切除术
48.6303 腹腔镜低位直肠前切除术
48.6900x004 经肛门直肠病损根治术
48.6909 腹腔镜下直肠部分切除术",4.61,44380.46,,,14
258,JR19,乳房恶性肿瘤,"C50.000x001 乳头恶性肿瘤
C50.100 乳房中央部恶性肿瘤
C50.200 乳房上内象限恶性肿瘤
C50.300 乳房下内象限恶性肿瘤
C50.400 乳房上外象限恶性肿瘤
C50.500 乳房下外象限恶性肿瘤
C50.801 乳腺恶性肿瘤，上部
C50.802 乳腺恶性肿瘤，下部
C50.803 乳腺恶性肿瘤，内侧
C50.804 乳腺恶性肿瘤，外侧
C50.900 乳房恶性肿瘤
C50.900x005 双侧乳腺恶性肿瘤
D05.100 乳房导管原位癌","/
33.2600x001 肺穿刺活检
33.2600x002 经皮针吸肺活检
34.0401 胸腔闭式引流术
34.9101 胸腔穿刺抽液术
34.9103 超声引导下胸腔穿刺术
34.9104 CT引导下胸腔穿刺术
38.9304 股静脉穿刺置管术
40.1100x007 超声内镜下纵隔淋巴结细针穿刺活检(FNA)
40.1101 颈淋巴结活组织检查
54.9101 腹腔穿刺引流术
77.4900x007 髂骨活检术
80.3902 脊柱关节活组织检查
85.1100x001 乳房穿刺活检
85.1200x001 乳腺活检术
86.0701 静脉输液港植入术",1.15,11122.52,,,7
259,BM11,神经介入检查术，伴严重合并症或并发症,"A86.x00 病毒性脑炎
A87.900 病毒性脑膜炎
B02.100+G02.0* 带状疱疹脑膜炎
D32.015 鞍结节脑膜瘤
D33.004 额叶良性肿瘤
D33.007 颞叶良性肿瘤
D33.101 小脑良性肿瘤
D33.700x003 颈静脉孔区良性肿瘤
E05.900x007+G73.0* 甲亢性肌无力综合征
E11.400x140+G59.0* 2型糖尿病性动眼神经麻痹
G04.919 小脑炎
G20.x00 帕金森病
G20.x03 帕金森综合征
G21.900 继发性帕金森综合征
G24.500x002 梅热睑痉挛[Meige综合征]
G30.800x003+F00.2* 混合性痴呆
G30.900 阿尔茨海默病
G31.000 局限性脑萎缩
G31.200 酒精性神经系统变性
G31.902 脑萎缩
G40.300x023 癫痫全面性发作强直阵挛性发作
G43.200 偏头痛状态
G43.900 偏头痛
G44.000x002 发作性丛集性头痛
G44.004 神经性头痛
G44.200 紧张型头痛
G45.800x003 锁骨下盗血综合征伴锁骨下动脉闭塞
G45.800x004 锁骨下盗血综合征伴锁骨下动脉狭窄
G45.802 脑血管供血不足伴短暂性局灶性神经症状
G45.900 短暂性大脑缺血性发作
G51.301 面肌痉挛
G52.800x004 枕神经痛
G70.002 重症肌无力，眼肌型
G95.100 血管性脊髓病
I60.000x003 颈内动脉眼动脉段动脉瘤破裂伴蛛网膜下腔出血
I60.401 基底动脉瘤破裂伴蛛网膜下腔出血
I60.700x001 脑动脉瘤破裂伴蛛网膜下腔出血
I60.701 颅内动脉瘤破裂伴蛛网膜下隙出血
I61.004 基底节出血
I61.006 外囊出血
I61.100x007 额顶叶脑出血
I61.100x011 额颞顶枕叶脑出血
I61.100x013 颞顶叶脑出血
I61.300x002 脑干出血
I61.400x001 小脑出血
I61.500x008 脑室出血
I61.802 丘脑出血
I62.001 急性非创伤性硬膜下血肿
I63.201 颈内动脉狭窄脑梗死
I63.203 颈动脉狭窄脑梗死
I63.204 颈动脉闭塞脑梗死
I63.206 基底动脉狭窄脑梗死
I63.207 椎动脉闭塞脑梗死
I63.208 椎动脉狭窄脑梗死
I63.402 大脑动脉栓塞引起脑梗死
I63.500 大脑动脉的闭塞或狭窄引起的脑梗死
I63.501 大脑动脉狭窄脑梗死
I63.502 大脑动脉闭塞脑梗死
I63.801 腔隙性脑梗死
I63.900 脑梗死
I63.901 脑干梗死
I63.904 小脑梗死
I63.905 多发性脑梗死
I63.906 基底节脑梗死
I63.907 丘脑梗死
I65.000x005 椎动脉迂曲
I65.001 椎动脉狭窄
I65.002 椎动脉闭塞
I65.102 基底动脉狭窄
I65.200x001 颈动脉狭窄
I65.201 颈内动脉狭窄
I65.202 颈总动脉狭窄
I65.203 颈内动脉闭塞
I65.204 颈外动脉狭窄
I65.800x007 无名动脉闭塞
I66.001 大脑中动脉狭窄
I66.002 大脑中动脉闭塞
I66.101 大脑前动脉狭窄
I66.200x002 大脑后动脉栓塞
I66.202 大脑后动脉狭窄
I67.000x009 颅内椎动脉夹层
I67.100x005 脑膜动静脉瘘
I67.100x010 颅内多发动脉瘤
I67.100x011 脉络膜前动脉瘤
I67.100x019 颈内动脉分叉段动脉瘤
I67.100x020 大脑前-前交通动脉瘤
I67.100x021 大脑前动脉近侧段(A1)动脉瘤
I67.100x023 大脑前动脉远侧段(A2-A5)动脉瘤
I67.100x029 小脑前下动脉动脉瘤
I67.100x030 小脑后下动脉动脉瘤
I67.100x033 大脑后动脉动脉瘤
I67.103 后交通动脉瘤
I67.107 前交通动脉瘤
I67.108 大脑中动脉瘤
I67.110 颅内动脉瘤
I67.200 大脑动脉粥样硬化
I67.200x004 颈动脉硬化
I67.202 颈内动脉粥样硬化
I67.203 椎动脉粥样硬化
I67.500 烟雾病
I67.601 颅内静脉窦非脓性血栓形成
I67.800x004 缺血性脑血管病
I69.000x002 蛛网膜下腔出血恢复期
I69.100x003 陈旧性脑出血
I69.300x002 陈旧性脑梗死
I69.300x003 脑梗死恢复期
I72.000x034 颈内动脉海绵窦段动脉瘤
I72.000x035 颈内动脉床突段动脉瘤
I72.000x036 颈内动脉眼动脉段动脉瘤
I72.002 颈内动脉瘤
I72.004 颈内动脉颅内段动脉瘤
I72.500x001 基底动脉瘤
I72.500x002 基底动脉顶端动脉瘤
I72.600x002 椎动脉动脉瘤
Q28.200 大脑血管动静脉畸形
Q28.200x006 颅内巨大动静脉畸形
Q28.202 先天性硬脑膜动静脉瘘
Q28.300x007 脑静脉畸形
Q28.305 先天性小脑动静脉畸形
R42.x00x004 头晕
R90.000 颅内占位性病变
S06.202 脑挫伤
S06.500x004 急性创伤性硬脑膜下血肿
S06.600x002 创伤性蛛网膜下腔血肿
S06.700x001 闭合性颅脑损伤轻型","88.4100 脑动脉造影术
88.4101 脑血管造影
88.4102 脊髓血管造影",1.77,17001.46,,,10
260,QR25,网状内皮及免疫性疾病，不伴合并症或并发症,"D70.x00 粒细胞缺乏
D70.x01 急性粒细胞缺乏症
D70.x04 白细胞减少
D72.100 嗜酸性粒细胞增多
D72.802 白细胞增多症
D72.804 淋巴细胞增多症
D72.806 类白血病反应
D73.100 脾功能亢进
D73.500 脾梗死
D73.504 脾静脉血栓形成
D73.901 脾肿物
D75.100 继发性红细胞增多症
D75.103 高原性红细胞增多症
D75.803 继发性骨髓纤维化
D75.902 骨髓增生减低
D76.101 噬血细胞综合征
D83.900 常见变异型免疫缺陷
D84.900 免疫缺陷
D84.900x002 原发性免疫缺陷
D89.002 多克隆免疫球蛋白增多症
I88.100 慢性淋巴结炎，除外肠系膜
I88.108 慢性腹股沟淋巴结炎
I88.900x003 腹股沟淋巴结炎
I88.900x005 颈淋巴结炎
I88.900x006 淋巴结炎
L03.901 急性淋巴管炎
L04.100 躯干急性淋巴结炎
L04.202 急性腋下淋巴结炎
L04.900x005 淋巴结坏死
L04.902 组织细胞坏死性淋巴结炎
M32.111+D77* 狼疮性血液系统损害
R16.100x001 脾大
R59.000x009 局部淋巴结肿大
R59.004 耳后淋巴结肿大
R59.005 颈淋巴结肿大
R59.007 锁骨上淋巴结肿大
R59.008 腋下淋巴结肿大
R59.010 纵隔淋巴结肿大
R59.014 腹股沟淋巴结肿大
R59.100 全身性淋巴结增大
R59.100x002 淋巴结病
S36.002 创伤性脾破裂","/
00.6800x001 肢体动脉血管内压力测量
03.3101 腰椎穿刺术
29.1100x002 纤维鼻咽镜检查
31.4200x003 纤维喉镜检查
33.2400x002 支气管镜下诊断性支气管肺泡灌洗[BAL]
34.0401 胸腔闭式引流术
37.0x01 超声引导下心包穿刺引流术
38.9100 动脉导管插入术
40.1100x005 经支气管超声内镜纵隔淋巴结穿刺活检术
40.1100x011 颌上淋巴结活检术
40.1101 颈淋巴结活组织检查
40.1102 锁骨上淋巴结活组织检查
40.1103 腋窝淋巴结活组织检查
40.1104 腹股沟淋巴结活组织检查
41.3100 骨髓活组织检查
45.1300x004 胃-十二指肠镜检查
54.9100x009 超声引导下盆腔穿刺术
54.9101 腹腔穿刺引流术
83.2100 软组织活组织检查
83.9502 超声引导下颈部软组织病损抽吸术
99.0401 红细胞输入
99.7300 治疗性红细胞去除术",0.39,3758.04,,,4
261,VJ15,其他损伤的手术，不伴合并症或并发症,"N99.401 手术后盆腔腹膜粘连
S21.200x002 胸壁外部开放性损伤
S31.005 开放性腰背部损伤
S31.006 臀部异物
S31.100 腹壁开放性伤口
S39.907 腹部损伤
S61.000x001 手指开放性损伤
S61.000x002 拇指开放性损伤
S61.100x002 拇指开放性损伤伴指甲损伤
S61.700 腕和手多处开放性伤口
S61.800x081 手掌开放性损伤
S61.900x002 腕部开放性损伤
S67.000x001 拇指挤压伤
S67.000x003 手指碾挫伤
S67.801 手挤压伤
S68.100x002 单指完全离断
S71.000 髋开放性伤口
S71.100 大腿开放性伤口
S81.000 膝开放性伤口
S98.100x001 单趾切断
T01.200x001 上肢多处开放性损伤
T02.400x001 双上肢多发性骨折
T02.500x001 双下肢多发性骨折
T42.400 苯二氮类中毒
T42.401 安定中毒
T42.600 镇癫痫药和镇静催眠药中毒，其他的
T42.600x002 佐匹克隆中毒
T43.201 抗抑郁药中毒
T43.500x002 富马酸喹硫平中毒
T43.500x003 碳酸锂中毒
T43.500x004 抗精神病药中毒
T46.900x001 乌头碱中毒
T50.900x001 药物中毒
T60.100 卤化杀虫剂的毒性效应
T60.300x001 除莠剂中毒
T60.401 杀鼠剂中毒
T60.900 杀虫剂的毒性效应
T60.900x002 农药中毒
T62.001 食入毒蘑菇中毒
T62.200x003 植物类中毒
T65.300 苯及其同类物的氮衍生物和胺衍生物的毒性效应
T79.800x003 创伤性指坏死
T81.000x021 操作后宫颈出血
T81.000x030 操作后咽出血
T81.005 手术后扁桃体出血
T81.006 手术后咽出血
T81.010 手术后腹腔出血
T81.024 手术后切口血肿
T81.200x010 操作中血管损伤
T81.301 手术后伤口裂开
T81.500x007 操作后残留异物
T81.800x017 手术后切口愈合不良
T81.811 手术后伤口愈合不良","01.2500x003 颅骨清创术
03.0901 椎管探查术
06.0201 甲状腺术后止血术
28.7x01 扁桃体切除术后止血
34.7101 胸壁清创缝合术
38.8203 舌动脉结扎术
39.3102 股动脉缝合术
39.9500 血液透析
39.9500x005 单膜血浆置换
39.9500x007 连续性肾脏替代治疗[CRRT]
39.9600x003 血液灌流
39.9800x001 伤口止血术
41.5x00 全脾切除术
52.9504 胰腺修补术
54.1907 腹腔出血止血术
54.2100 腹腔镜检查
54.3x00x011 腹壁伤口清创术
54.6101 腹壁切口裂开缝合术
54.9201 腹腔切开异物取出术
67.3200x009 子宫颈电凝止血术
70.7905 阴道残端缝合术
79.3200x011 桡骨骨折切开复位钢板内固定术
79.3201 桡骨骨折切开复位内固定术
79.3604 髌骨骨折切开复位内固定术
82.3601 手部肌肉清创术
83.2900x002 手肌腱、血管、神经探查术
83.2900x003 足血管、神经、肌腱探查术
83.6501 肌肉缝合术
83.8901 筋膜成形术
84.0102 手指截断术，拇指除外
85.2000x001 乳房皮肤和皮下坏死组织切除清创术
86.0502 皮肤和皮下组织异物切开取出术
86.700x0014 皮瓣转移术
86.8900x011 残端皮肤修整术",0.9,8684.88,,,6
262,BV10,"癫痫,年龄≤19岁","G40.100x006 癫痫单纯部分性发作继发全面发作
G40.200x002 颞叶性癫痫
G40.200x006 癫痫复杂部分性发作
G40.202 伴海马硬化颞叶内侧癫痫
G40.300x006 癫痫全面性发作强直性发作
G40.300x010 癫痫全面性发作阵挛性发作
G40.300x023 癫痫全面性发作强直阵挛性发作
G40.800x004 症状性癫痫[继发性癫痫]
G40.805 难治性癫痫
G40.900 癫痫
G41.000x002 癫痫全面性强直-阵挛发作持续状态
G41.000x004 癫痫强直性发作持续状态
G41.001 全面性强直阵挛性癫痫持续状态
G41.806 局灶性癫痫持续状态
G41.900 癫痫持续状态
R56.800x003 不明原因抽搐
R56.800x005 良性惊厥
R56.801 癫痫样发作
R56.803 惊厥
T90.503 创伤性癫痫","/
03.3101 腰椎穿刺术
38.9100 动脉导管插入术
38.9304 股静脉穿刺置管术
38.9800x001 动脉穿刺术
89.1400 脑电图
89.1900x001 视频脑电图监测",0.3,2870.09,,,3
263,DE15,中耳/内耳/侧颅底手术，不伴严重合并症或并发症,"D17.001 面部脂肪瘤
D18.003 面部血管瘤
D21.004 耳部结缔组织良性肿瘤
D23.400x003 头皮良性肿瘤
H65.300x001 慢性分泌性中耳炎
H65.900x001 分泌性中耳炎
H66.301 慢性化脓性中耳炎
H66.900x003 慢性中耳炎
H69.900 咽鼓管疾患
H70.000x009 急性乳突积脓
H70.002 急性化脓性乳突炎
H71.x00 中耳胆脂瘤
H71.x02 中耳肉芽肿
H71.x03 鼓室胆脂瘤
H72.900 鼓膜穿孔
H74.000 鼓室硬化
H83.101 半规管瘘
H93.901 耳后肿物
S09.200 耳鼓膜创伤性破裂","19.2901 镫骨粘连松解术
19.4x00x004 内镜下鼓膜修补术
19.4x00x005 内镜下鼓室成形术
19.4x01 鼓室成形术,I型
19.5200 鼓室成形术，II型
19.5300 鼓室成形术，III型
19.5400 鼓室成形术，IV型
20.2101 乳突切开引流术
20.2301 鼓室探查术
20.4901 乳突改良根治术
20.5100x002 耳后病损切除术
20.6100x004 半规管阻塞术
20.8x02 咽鼓管成形术
20.8x05 咽鼓管扩张术
20.9303 半规管瘘修补术",1.37,13186.01,,,5
264,IS13,前臂、腕、手或足损伤，伴合并症或并发症,"S51.901 开放性前臂损伤
S52.000x002 尺骨近端骨折
S52.000x021 尺骨冠突骨折
S52.100x001 桡骨近端骨折
S52.101 桡骨头骨折
S52.300 桡骨干骨折
S52.400x001 桡尺骨骨干骨折
S52.500x001 桡骨远端骨折
S52.600x001 尺骨远端骨折伴桡骨远端骨折
S52.600x002 尺骨茎突骨折伴桡骨远端骨折
S52.802 尺骨茎突骨折
S52.804 尺骨下端骨折
S53.402 肘关节扭伤
S61.702 开放性手多发损伤
S61.901 开放性手部损伤
S62.000x001 腕舟骨骨折
S62.100x031 豆骨骨折
S62.100x041 大多角骨骨折
S62.200 第一掌骨骨折
S62.200x011 第一掌骨基底骨折
S62.300x011 掌骨基底骨折
S62.300x021 掌骨干骨折
S62.301 掌骨骨折
S62.500 拇指骨折
S62.500x011 拇指近节骨折
S62.500x021 拇指远节骨折
S62.510 开放性拇指骨折
S62.600x011 指骨近节骨折
S62.600x021 指骨中节骨折
S62.600x031 指骨远节骨折
S62.611 开放性指骨骨折
S62.700 手指多处骨折
S62.710 开放性多发性指骨骨折
S63.100x002 拇指关节脱位
S63.500x101 腕关节三角纤维软骨损伤
S66.100x003 腕和手指屈肌腱损伤
S66.100x009 手部指屈肌腱损伤
S66.300x009 手部指伸肌腱损伤
S86.001 跟腱断裂
S91.303 足裂伤
S92.000 跟骨骨折
S92.201 骰骨骨折
S92.202 足舟状骨骨折
S92.203 楔状骨骨折(足)
S92.300 跖骨骨折
S92.300x003 跖骨基底骨折
S92.310 开放性跖骨骨折
S92.400 拇趾骨折
S92.410 开放性拇趾骨折
S92.500x001 趾骨骨折
S92.700 足多处骨折
S92.900 足骨折
S93.300x031 跗跖关节骨折脱位[Lisfranc骨折脱位]
S93.601 足扭伤
S96.100x002 足拇长肌腱损伤
S96.101 足拇长伸肌腱断裂","/
45.1300x004 胃-十二指肠镜检查
86.2701 甲床清创术
93.5300x001 石膏绷带固定
93.5400x001 夹板外固定
93.5401 石膏夹板固定
93.5402 石膏托固定术
93.5403 肢体夹板固定术",0.62,5960.6,,,8
265,XJ15,其他接触健康服务的诊断伴手术操作，不伴合并症或并发症,"R10.200x001 盆腔痛
R13.x00 吞咽困难
R18.x00x001 包裹性腹腔积液
R18.x00x005 腹腔积液
R19.002 盆腔肿物
R59.901 淋巴结反应性增生
R60.001 下肢水肿
R60.900 水肿
R61.000 局限性多汗症
R61.001 手汗症
R61.900 多汗症
R87.900x001 子宫颈标本异常
T92.103 陈旧性肱骨骨折
T92.105 陈旧性尺骨骨折
T92.106 陈旧性桡骨骨折
T92.201 陈旧性腕骨骨折
T92.203 陈旧性手指骨折
T92.500x008 伸拇长肌腱损伤后遗症
T92.500x009 伸指肌腱损伤后遗症
T92.500x015 指屈肌腱粘连后遗症
T92.500x016 肩袖损伤后遗症
T92.503 创伤后手指屈曲畸形
T92.600x002 创伤性手指缺如
T92.600x003 创伤性上肢骨缺损
T93.102 陈旧性股骨颈骨折
T93.103 陈旧性股骨干骨折
T93.202 陈旧性髌骨骨折
T93.203 陈旧性胫骨骨折
T93.206 陈旧性踝关节骨折
T93.501 跟腱断裂后遗症
T93.800 下肢其他特指损伤的后遗症
Z09.000x001 手术后随诊检查
Z22.800 传染病病原携带者，其他的
Z30.103 安装子宫内节育器
Z30.503 取除子宫内节育器
Z41.800x002 处女膜修复
Z43.200 回肠造口维护
Z43.201 关闭回肠造口
Z43.301 关闭结肠造口
Z44.300 外部假乳房的安装和调整
Z45.201 取除下腔静脉滤器
Z45.202 取除输液港
Z45.803 取除胃内支架
Z45.805 取除胆管支架
Z51.400x002 随后治疗的准备医疗","05.0x01 胸腔镜下交感神经切断术
05.2904 胸腔镜下胸交感神经部分切除术
17.3600x001 腹腔镜下乙状结肠部分切除术
17.3900x002 腹腔镜下结肠部分切除术
38.7x04 下腔静脉滤器置入术
39.4902 下腔静脉滤器取出术
40.2100 深部颈淋巴结切除术
43.1900x003 永久性胃造口术
43.4105 内镜下胃息肉切除术
45.4302 内镜下结肠病损切除术
45.7901 结肠部分切除术
46.4101 回肠造口修复术
46.5100x002 回肠造口还纳术
46.5101 回肠造口闭合术
46.5200x006 结肠造口还纳术
51.6901 胆管病损切除术
54.2100 腹腔镜检查
54.5100x009 腹腔镜下盆腔粘连松解术
54.9900x010 腹腔镜下盆腔病损切除术
65.2501 腹腔镜卵巢病损切除术
65.6300 腹腔镜双侧卵巢和输卵管切除术
67.2x00 子宫颈锥形切除术
67.3904 子宫颈病损切除术
69.7x00 子宫内避孕装置置入
70.1202 腹腔镜女性盆腔脓肿引流术
70.7600 处女膜缝合术
74.1x01 剖宫产术，子宫下段横切口
77.2700x003 胫骨截骨术
79.1500x008 股骨骨折闭合复位螺钉内固定术
79.2601 胫骨骨折切开复位术
79.3200x011 桡骨骨折切开复位钢板内固定术
79.3202 尺骨骨折切开复位内固定术
79.3300x013 腕骨骨折切开复位空心钉内固定术
79.3400x005 指骨骨折切开复位钢板内固定术
79.3401 指骨骨折切开复位内固定术
79.3900x001 髌骨骨折切开复位张力带钢丝内固定术
81.5100 全髋关节置换
81.8300x008 肩关节镜下肩袖修补术
81.8400 肘关节全部置换
82.3601 手部肌肉清创术
82.4500x001 拇长伸肌腱缝合术
82.4500x013 伸指肌腱缝合术
82.9100x004 手指肌腱松解术
83.0903 软组织切开异物取出术
83.6402 跟腱缝合术
83.7700x020 上肢肌伸指功能重建伴肌移位术
84.0102 手指截断术，拇指除外
85.9600 乳房组织扩张器去除
86.0500x007 皮下引流装置取出术
86.0500x008 皮下植入装置取出术
86.3x13 颈部皮下组织病损切除术
86.7300x003 手带蒂皮瓣移植术
86.8900x011 残端皮肤修整术
88.4101 脑血管造影
88.5500 单根导管的冠状动脉造影术
88.6600x002 下肢静脉造影
97.5506 内镜下胆管支架取出术
97.5903 内镜下胃支架取出术",1.05,10105.1,,,4
266,CB43,"玻璃体、视网膜、脉络膜手术,伴合并症或并发症","E10.300x053+H36.0* 1型糖尿病性牵拉性视网膜脱离
E11.300x024+H36.0* 2型糖尿病性增殖性前期出血性视网膜病
E11.300x031+H36.0* 2型糖尿病性增殖性视网膜病
E11.300x032+H36.0* 2型糖尿病性增殖性出血性视网膜病
E11.300x034+H36.0* 2型糖尿病性增殖性玻璃体出血性视网膜病
E11.300x036+H36.0* 2型糖尿病性增殖性视网膜牵引性视网膜病
E11.300x045+H36.0* 2型糖尿病性环状的黄斑病性视网膜病
E11.300x053+H36.0* 2型糖尿病性牵拉性视网膜脱离
E11.301+H36.0* 2型糖尿病性视网膜病变
E14.300x034+H36.0* 糖尿病性增殖性玻璃体出血性视网膜病
H20.900x004 葡萄膜炎[色素膜炎]
H21.500x003 虹膜根部离断
H27.100 晶状体脱位
H31.802 脉络膜新生血管
H33.000x005 巨大裂孔性视网膜脱离
H33.000x007 黄斑裂孔性视网膜脱离
H33.001 孔源性视网膜脱离
H33.200x004 渗出性视网膜脱离
H33.304 视网膜裂孔
H33.400 牵引性视网膜脱离
H33.500 视网膜脱离,其他的
H33.500x008 局限性视网膜脱离
H33.503 创伤性视网膜脱离
H34.801 视网膜分支静脉阻塞
H34.802 视网膜静脉阻塞
H34.803 视网膜中心性静脉阻塞
H35.002 视网膜静脉周围炎
H35.200 增生性视网膜病变，其他的
H35.300x011 湿性年龄相关性黄斑变性
H35.303 黄斑裂孔
H35.305 年龄相关性黄斑变性
H35.306 黄斑前膜
H35.800x005 急性视网膜坏死综合征
H35.804 黄斑囊样水肿
H40.500x002 继发性青光眼
H40.501 新生血管性青光眼
H43.100 玻璃体积血
H43.900 玻璃体疾患
H44.000x005 眼内炎
H59.800x009 玻璃体切除术后视网膜脱离
S05.102 创伤性前房积血
S05.200x003 外伤性玻璃体嵌顿
S05.204 角膜穿通伤伴玻璃体嵌顿
S05.500x001 眼内异物
Z48.801 取出眼内硅油","14.2402 视网膜病损激光凝固术
14.4100 巩膜环扎术伴有植入物
14.4900x001 巩膜环扎术
14.7100x001 前入路玻璃体切除术
14.7300x001 前入路玻璃体切割术
14.7401 后入路玻璃体切割术
14.7903 玻璃体药物注射术",0.86,8260.09,,,3
267,QS13,红细胞病及营养性贫血，伴合并症或并发症,"D48.906+D63.0* 肿瘤性贫血
D50.001 慢性失血性贫血
D50.900 缺铁性贫血
D51.001 恶性贫血
D53.100 巨幼细胞性贫血，其他的，不可归类在他处者
E83.101 血色病","/
29.1100x002 纤维鼻咽镜检查
33.2400x002 支气管镜下诊断性支气管肺泡灌洗[BAL]
41.3100 骨髓活组织检查
44.1301 超声内镜下胃检查
44.1401 胃镜下活组织检查
45.1300x004 胃-十二指肠镜检查
45.1600x001 胃十二指肠镜下活检
86.1100 皮肤和皮下组织的活组织检查
99.0301 输血
99.0401 红细胞输入",0.77,7452.67,,,7
268,IR23,股骨骨折，伴合并症或并发症,"S72.000 股骨颈骨折
S72.000x031 股骨颈头下骨折
S72.000x081 股骨头骨折
S72.100x001 股骨大粗隆骨折
S72.101 股骨粗隆间骨折
S72.200x001 股骨粗隆下骨折
S72.300 股骨干骨折
S72.400x001 股骨远端骨折
S72.400x012 股骨内髁骨折
S72.400x013 股骨外髁骨折
S72.400x031 股骨髁上骨折
S72.401 股骨髁骨折","/
38.9100 动脉导管插入术
41.3100 骨髓活组织检查
80.2500 关节镜髋关节检查
93.4406 胫骨结节牵引
93.4407 跟骨牵引术
93.4600x001 皮牵引
93.5300x001 石膏绷带固定
93.5402 石膏托固定术",1.22,11797.15,,,9
269,FZ13,其他循环系统疾病，伴合并症或并发症,"C79.800x863 恶性心包积液
D44.703 颈静脉球肿瘤
D48.712 心脏肿瘤
E03.900x004+I43.8* 甲状腺功能减退性心脏病
E05.903+I43.8* 甲状腺功能亢进性心脏病
I09.900 风湿性心脏病
I27.900 肺源性心脏病
I27.900x002 慢性肺源性心脏病
I51.302 心房血栓
I51.800x006 心房肿物
I51.901 心脏肿物
I95.900 低血压
Q28.801 肺血管畸形
R03.001 应激性高血压
R07.400 胸痛
R94.303 心电图异常
R94.304 RR间期延长
T82.002 二尖瓣机械瓣周漏
T82.400 血管透析导管的机械性并发症","/
17.91330 悬灸治疗
17.95420 中药熏药治疗
29.1100x002 纤维鼻咽镜检查
31.4200x003 纤维喉镜检查
33.2400x002 支气管镜下诊断性支气管肺泡灌洗[BAL]
34.0401 胸腔闭式引流术
37.0x00x002 心包穿刺引流术
37.0x01 超声引导下心包穿刺引流术
38.9302 颈内静脉穿刺中心静脉置管术
89.6700 心脏排出量监测，用氧耗技术
97.3801 角膜缝线去除
99.6000 心肺复苏",0.87,8350.32,,,10
270,JZ13,其他皮肤及乳腺疾病，伴合并症或并发症,"B36.901 皮肤真菌感染
L03.003 甲沟炎
L03.102 急性下肢淋巴管炎
L08.910 足皮肤感染
L50.801 急性荨麻疹
L50.802 慢性荨麻疹
L50.900 荨麻疹
L68.900 多毛症
L72.000 表皮囊肿
L72.102 头颈皮脂腺囊肿
L72.103 躯干皮脂腺囊肿
L72.105 皮脂腺囊肿
L72.106 会阴皮脂腺囊肿
L72.900x002 皮下囊肿
L75.000 臭汗症
M35.600 复发性脂膜炎[韦伯-克里斯琴]
Q85.801 息肉-色素沉着-脱发-爪甲营养不良综合征
R21.x00x001 过敏性皮疹","/
17.912A0 电针治疗
17.91330 悬灸治疗
31.4201 喉镜检查
38.9302 颈内静脉穿刺中心静脉置管术
45.1300x004 胃-十二指肠镜检查
45.2302 电子结肠镜检查
54.0x00x004 腹壁脓肿切开引流术
83.0904 软组织切开引流术
86.0400x011 皮肤和皮下组织切开引流术",0.38,3665.77,,,6
271,CT15,前房出血及眼创伤的非手术治疗，不伴严重合并症或并发症,"H20.802 创伤性虹膜睫状体炎
H31.400 脉络膜脱离
H33.304 视网膜裂孔
H33.500x008 局限性视网膜脱离
H35.600 视网膜出血
H35.601 黄斑出血
H35.602 眼底出血
H43.100 玻璃体积血
S00.101 眼周区挫伤
S01.101 眼睑裂伤
S02.801 眶骨骨折
S05.100x004 眼球挫伤
S05.102 创伤性前房积血
S05.300x004 眼球破裂伤
S05.306 结膜裂伤
S05.600x002 眼球穿通伤
S05.601 角膜穿通伤
S05.802 眼挫伤
S05.808 视网膜震荡","/
08.0902 眼睑切开引流术
38.9100 动脉导管插入术
93.5402 石膏托固定术
95.1201 眼荧光素血管造影",0.31,2986.8,,,4
272,JS25,炎症性皮肤病，不伴合并症或并发症,"L20.900 特应性皮炎
L23.901 过敏性皮炎
L24.400 药物接触皮肤引起的刺激性接触性皮炎
L24.900 刺激性接触性皮炎
L24.901 刺激性皮炎
L25.100 药物接触皮肤引起的接触性皮炎
L25.201 染发性皮炎
L25.300 化学产品引起的接触性皮炎，其他的
L25.800 接触性皮炎，其他物质引起的
L25.900 接触性皮炎
L27.003 荨麻疹型药疹
L27.005 药物性皮炎
L27.101 固定性药疹
L28.001 局限性神经性皮炎
L28.100 结节性痒疹
L28.203 丘疹性荨麻疹
L29.802 老年瘙痒症
L30.000 钱币状皮炎
L30.202 皮肤癣菌疹
L30.300 感染性皮炎
L30.800 皮炎，其他特指的
L30.900 皮炎
L30.901 泛发性湿疹
L30.902 湿疹
L30.904 阴囊湿疹
L57.802 日光性皮炎
L81.701 进行性色素性皮肤病","/
17.91330 悬灸治疗
17.98611 肛周药物注射封闭治疗
29.1100x002 纤维鼻咽镜检查
86.0400x011 皮肤和皮下组织切开引流术
86.1100 皮肤和皮下组织的活组织检查
93.0800x002 肌电图",0.38,3705.4,,,7
273,OS25,流产相关疾病，不伴严重合并症或并发症,"O01.001 完全性葡萄胎
O01.101 部分性葡萄胎
O02.100 稽留流产
O03.400x001 不完全自然流产
O03.900x002 自然流产
O03.901 难免性流产
O04.101 不完全性医疗性流产并发过度出血
O04.400 不完全性医疗性流产，无并发症
O04.401 不完全性药物流产
O04.402 早期不完全性医疗性流产
O04.901 中期人工流产
O04.905 早期人工流产
O07.402 药物流产失败
O08.000x006 流产后脓毒症
O08.004 流产后盆腔感染
O08.100x002 流产后出血
O08.602 人工流产后子宫穿孔
O08.803 流产后宫腔粘连","/
03.9101 椎管内置管止痛术
68.1200x001 宫腔镜检查
69.0901 诊断性刮宫术
69.0902 宫腔镜诊断性刮宫术",0.3,2871.4,,,3
274,MZ11,其他男性生殖系统疾病，伴严重合并症或并发症,"I86.101 精索静脉曲张
N40.x00 前列腺增生
N40.x01 前列腺结节
N42.102 前列腺出血
N42.901 前列腺肿物
N43.300 鞘膜积液
N43.301 睾丸鞘膜积液
N44.x00 睾丸扭转
N44.x01 附睾扭转
N50.103 阴囊血肿
N50.800x023 阴囊水肿
N50.811 睾丸疼痛
N50.902 阴囊肿物
Q53.101 单侧腹股沟型隐睾
Q53.901 睾丸下降不全
S30.205 阴囊挫伤
S30.208 睾丸挫伤
S31.301 开放性睾丸损伤
S39.900x007 阴囊损伤
S39.900x010 睾丸损伤
S39.904 阴茎损伤","/
41.3100 骨髓活组织检查
45.1300x004 胃-十二指肠镜检查
45.2302 电子结肠镜检查
57.3200x001 膀胱镜检查
60.1100x002 超声引导下前列腺穿刺活检
60.1101 经直肠前列腺穿剌活组织检查
61.3x00x006 阴囊皮肤和皮下组织非切除性清创
87.7302 尿路造影",1.05,10113.12,,,8
275,NZ11,女性生殖系统其他疾病，伴严重合并症或并发症,"D25.000 子宫黏膜下平滑肌瘤
D25.100x001 子宫肌壁间平滑肌瘤
D25.200 子宫浆膜下层平滑肌瘤
D25.900 子宫平滑肌瘤
D25.900x001 子宫多发性平滑肌瘤
D26.100x002 子宫腺肌瘤
D39.101 卵巢肿瘤
E28.100 雄激素过多
N73.604 子宫粘连
N76.600 外阴溃疡
N80.001 子宫腺肌病
N80.100x001 卵巢巧克力样囊肿
N80.601 腹壁瘢痕子宫内膜异位症
N81.201 Ⅰ度子宫脱垂
N81.202 Ⅱ度子宫脱垂
N81.301 Ⅲ度子宫脱垂
N81.600 直肠膨出
N82.000 膀胱阴道瘘
N83.100x002 卵巢黄体破裂
N83.100x003 卵巢黄体血肿
N83.101 出血性卵巢黄体囊肿
N83.201 卵巢囊肿
N83.901 卵巢肿物
N84.001 子宫内膜息肉
N84.100 宫颈息肉
N85.000 子宫内膜腺性增生
N85.000x002 子宫内膜囊性增生
N85.001 子宫内膜单纯性增生
N85.002 子宫内膜复杂性增生
N85.101 子宫内膜非典型增生
N85.600 子宫内粘连
N85.804 子宫穿孔
N85.807 子宫积水
N85.815 子宫萎缩
N87.002 低级别鳞状上皮内病变
N88.807 宫颈赘生物
N89.800x009 阴道排液
N89.805 阴道裂伤
N90.807 外阴血肿
N91.100 继发闭经
N91.500 月经稀少
N92.000x001 月经过多
N92.600 月经不规则
N93.000x001 性交后出血
N93.900 异常的子宫和阴道出血
N93.901 异常子宫出血
N94.806 盆腔积液
N94.807 盆腔囊肿
N95.000 绝经后出血
N95.100 绝经期和女性更年期状态
N96.x00 习惯性流产
N98.100 卵巢过度刺激
N99.807 阴道残端出血
R93.800x006 宫腔占位
R93.800x007 卵巢占位性病变
R93.803 子宫内膜增厚
S30.200x010 创伤性外阴血肿
S31.401 创伤性外阴裂伤
S39.902 阴道损伤
T83.301 子宫内节育器残留
T83.302 子宫内节育器断裂
T83.303 子宫内节育器嵌顿
T83.305 子宫内节育器移位","/
00.0901 高强度聚焦超声治疗
34.9103 超声引导下胸腔穿刺术
45.1300x004 胃-十二指肠镜检查
45.2302 电子结肠镜检查
54.2400x006 盆腔病损穿刺活检
54.9101 腹腔穿刺引流术
67.1100 子宫颈内活组织检查
68.1200x001 宫腔镜检查
68.1602 宫腔镜子宫活组织检查
69.0901 诊断性刮宫术
69.0902 宫腔镜诊断性刮宫术
69.9100x001 宫腔引流术
70.2400 阴道活组织检查
97.7101 子宫内避孕器取出术
97.7102 宫腔镜子宫内避孕器取出术
99.8500x004 高强度聚焦超声治疗[HIFU]",0.88,8499.5,,,4
276,RS15,淋巴瘤及其他类型白血病，不伴合并症或并发症,"C81.200 混合细胞型（经典型）霍奇金淋巴瘤
C81.900 霍奇金淋巴瘤，未特指
C83.002 结节边缘区淋巴瘤
C83.100 曼特尔细胞淋巴瘤
C83.300 弥漫性大B细胞淋巴瘤
C83.300x006 原发中枢神经系统弥漫大B细胞淋巴瘤
C83.303 浆母细胞性弥漫大B细胞淋巴瘤
C83.700 伯基特淋巴瘤
C83.800x008 恶性淋巴瘤,淋巴浆细胞性
C84.400x001 成熟T细胞淋巴瘤
C84.401 血管免疫母细胞性T-细胞淋巴瘤
C84.700 间变性大细胞淋巴瘤，ALK阴性
C85.100 B-细胞淋巴瘤
C85.700 非霍奇金淋巴瘤的其他特指类型
C85.700x004 慢性NK细胞淋巴增殖性疾病
C85.900 非霍奇金淋巴瘤
C85.900x006 淋巴瘤
C86.200 肠型T细胞淋巴瘤
C88.400 MALT-淋巴瘤
C91.100 B细胞型慢性淋巴细胞白血病
C91.400 多毛细胞白血病
C91.500 成人T-细胞淋巴瘤/白血病[HTLV-1-相关性]
C91.900 淋巴样白血病
C91.901 淋巴细胞白血病
C92.100x001 慢性粒细胞性白血病
C92.100x019 慢性髓系白血病，BCR/ABL阳性
C92.102 慢性粒细胞白血病t(9:22)(q34；q11)
C93.100 慢性粒单核细胞白血病
C95.100 慢性白血病
C95.100x011 慢性白血病伴缓解
D45.x00 真性红细胞增多症
D46.400 难治性贫血
D46.700 骨髓增生异常综合征，其他的
D46.900 骨髓增生异常综合征
D46.900x002 骨髓增生异常性贫血
D47.100x004 慢性骨髓增殖性肿瘤
D47.100x007 慢性骨髓增殖性疾病(不能分型)
D47.200 意义未明的单克隆丙种球蛋白病
D47.200x003 单克隆免疫球蛋白沉积病
D47.300 特发性(出血性)血小板增多症
D47.401 慢性原发性(特发性)骨髓纤维化
D47.700x006 原发性系统性淀粉样变性
D47.700x007 Castleman病
D47.900x001 淋巴细胞增殖性疾病","/
03.3101 腰椎穿刺术
03.9102 脊神经根阻滞术
06.1100 闭合性[经皮][针吸]甲状腺活组织检查
06.1101 超声引导下经皮甲状腺活组织检查术
26.1100x003 腮腺活检
33.2400x002 支气管镜下诊断性支气管肺泡灌洗[BAL]
33.2600x001 肺穿刺活检
33.2600x002 经皮针吸肺活检
34.9101 胸腔穿刺抽液术
40.1101 颈淋巴结活组织检查
40.1103 腋窝淋巴结活组织检查
40.1104 腹股沟淋巴结活组织检查
41.3100 骨髓活组织检查
44.1401 胃镜下活组织检查
45.1300x004 胃-十二指肠镜检查
50.1100x005 经皮肝穿刺活检
52.1100x001 胰腺穿刺活检
54.2400x002 腹腔病损穿刺活检
54.2400x003 髂部病损穿刺活检
54.2404 经皮腹膜后活组织检查
54.9101 腹腔穿刺引流术
77.4904 椎骨活组织检查
80.3902 脊柱关节活组织检查
83.2100 软组织活组织检查
86.0701 静脉输液港植入术
86.1100 皮肤和皮下组织的活组织检查
99.0301 输血
99.0401 红细胞输入
99.0500 输入血小板
99.0902 间充质干细胞回输
99.7200 治疗性白细胞去除术
99.7300 治疗性红细胞去除术
99.7400 治疗性血小板去除术
99.7901 干细胞采集
99.9900x011 口服免疫抑制剂治疗",0.85,8175.44,,,6
277,FV35,晕厥及/或虚脱，不伴合并症或并发症,"I95.101 体位性低血压
R55.x00x001 晕厥
R55.x00x002 心源性晕厥
R55.x00x003 排尿性晕厥
R55.x00x004 脑源性晕厥
R55.x00x006 反射性晕厥
R55.x00x009 血管抑制性晕厥
R55.x00x013 血管迷走性晕厥
R55.x00x014 迷走神经性晕厥","/
17.91330 悬灸治疗
29.1100x002 纤维鼻咽镜检查
38.9100 动脉导管插入术
45.1300x004 胃-十二指肠镜检查
57.9400 留置导尿管的置入术
89.1900x001 视频脑电图监测",0.43,4187.9,,,4
278,LJ15,泌尿系统其他手术，不伴严重合并症或并发症,"C67.900 膀胱恶性肿瘤
N02.801 IgA肾病
N03.900 慢性肾炎综合征
N04.900 肾病综合征
N05.201 膜性肾病
N05.301 系膜增生性肾小球肾炎
N13.100x001 肾积水伴输尿管狭窄
N13.201 肾积水伴肾结石
N13.203 肾积水伴肾输尿管结石
N13.301 肾积水
N13.504 输尿管狭窄
N13.600 肾积脓
N13.601 肾结石伴有积水和感染
N13.602 输尿管结石伴有积水和感染
N13.603 肾输尿管结石伴有积水和感染
N18.200 慢性肾脏病2期
N18.300 慢性肾脏病3期
N18.400 慢性肾脏病4期
N18.500 慢性肾脏病5期
N20.100 输尿管结石
N28.101 单纯性肾囊肿
N35.900 尿道狭窄
N39.000 泌尿道感染
Q61.300 多囊肾
R33.x00 尿潴留
S37.300 尿道损伤
T83.002 肾造瘘管移位","55.9201 肾穿刺引流术
55.9203 肾穿刺术
55.9601 肾囊肿硬化剂注射术
57.1101 膀胱穿刺术
57.1700x001 超声引导下耻骨上膀胱造口导尿管插入术
57.1701 经皮耻骨上膀胱造口导尿管插入术
59.0301 腹腔镜下输尿管狭窄松解术
59.0302 腹腔镜下肾周粘连松解术
98.5101 肾体外冲击波碎石术
98.5103 输尿管体外冲击波碎石术
98.5104 肾盂体外冲击波碎石术",0.41,3992.22,,,4
279,DT13,中耳炎及上呼吸道感染，伴合并症或并发症,"B08.501 疱疹性咽峡炎
H66.000 急性化脓性中耳炎
H66.301 慢性化脓性中耳炎
H66.400 化脓性中耳炎
H66.900x002 急性中耳炎
H70.000 急性乳突炎
H71.x00 中耳胆脂瘤
J01.900 急性鼻窦炎
J01.900x003 急性鼻窦脓肿
J03.000 链球菌性扁桃体炎
J03.900 急性扁桃体炎
J03.901 急性化脓性扁桃体炎
J06.900 急性上呼吸道感染
J10.100x001 已知病毒的流行性感冒
J11.100x001 未知病毒的流感性感冒
J31.000 慢性鼻炎
J31.001 肥大性鼻炎
J31.100 慢性鼻咽炎
J32.803 慢性多鼻窦炎
J32.900 慢性鼻窦炎
J32.906 鼻窦肿物
J35.000 慢性扁桃体炎
J39.001 咽后脓肿
J39.003 咽旁脓肿
J39.216 咽喉溃疡
J39.220 咽旁间隙感染","/
17.91330 悬灸治疗
18.1100 耳镜检查
27.0x08 咽旁间隙切开引流术
28.0x01 咽后组织切开引流术
28.0x03 咽旁切开引流术
28.1101 扁桃体活组织检查
29.1100x002 纤维鼻咽镜检查
29.1203 内镜下鼻咽活组织检查
31.4200x003 纤维喉镜检查
33.2403 纤维支气管镜检查伴肺泡灌洗术
41.3100 骨髓活组织检查
42.2400x001 食管镜下活检
45.1300x004 胃-十二指肠镜检查
89.1400 脑电图
89.1900x001 视频脑电图监测",0.27,2595.79,,,4
280,DG13,咽、喉、气管手术，伴合并症或并发症,"C32.900 喉恶性肿瘤
D10.100 舌良性肿瘤
D10.200x002 舌下良性肿瘤
D10.400 扁桃体良性肿瘤
J38.101 喉息肉
J38.102 声带息肉
J38.300x015 声带鳞状上皮不典型性增生
J38.301 声带白斑
J38.304 声带囊肿
J38.308 声带肿物
J38.311 声带不典型性增生
J38.312 声带肉芽肿
J38.600 喉狭窄
J38.601 喉梗阻
J38.700x017 室带肥厚
J38.704 喉溃疡
J38.705 喉囊肿
J38.708 喉肿物
J38.710 喉肉芽肿
J38.715 会厌囊肿
J39.003 咽旁脓肿
J39.203 鼻咽囊肿
J39.215 咽部囊肿
J39.216 咽喉溃疡
J39.219 咽部肿物
J39.221 咽旁间隙囊肿
J39.224 鼻咽部病变
J39.225 鼻咽淋巴组织增生
J95.501 手术后喉狭窄
K13.603 腭黏膜息肉
Q18.002 先天性鳃裂囊肿
Z43.001 关闭气管造口","29.2x00x001 鳃裂囊肿切除术
29.3900x019 咽旁间隙病损切除术
29.3901 咽部病损切除术
29.3905 支撑喉镜下咽部病损切除术
29.3908 内镜下鼻咽病损切除术
30.0900x016 支撑喉镜下声门病损切除术
30.0900x021 会厌病损切除术
30.0900x039 支撑喉镜下喉病损激光烧灼术
30.0903 内镜下会厌病损切除术
30.0904 内镜下会厌病损激光切除术
30.0905 内镜下声带病损切除术
30.0906 内镜下声带病损激光切除术
30.0911 支撑喉镜下喉病损切除术
30.2903 室带部分切除术
30.2909 垂直喉部分切除术
31.1x00x005 暂时性气管切开术
31.6202 喉气管瘘修补术
31.7201 气管造口闭合术
31.7400 气管造口修复术
31.9202 声带粘连松解术",0.89,8620.23,,,5
281,BB21,伴出血诊断的颅脑手术，伴严重合并症或并发症,"I60.101 大脑中动脉瘤破裂伴蛛网膜下腔出血
I60.200x005 大脑前动脉远侧段(A2-A5)动脉瘤破裂伴蛛网膜下腔出血
I60.201 前交通动脉瘤破裂伴蛛网膜下腔出血
I61.004 基底节出血
I61.100x002 多处脑叶出血
I61.100x005 枕叶出血
I61.100x006 颞叶出血
I61.100x008 顶枕叶脑出血
I61.100x010 额颞顶叶脑出血
I61.100x011 额颞顶枕叶脑出血
I61.100x012 额颞枕叶脑出血
I61.100x013 颞顶叶脑出血
I61.100x014 颞枕叶脑出血
I61.400x001 小脑出血
I61.600x001 多灶性脑出血
I61.802 丘脑出血
I61.902 高血压脑出血
I62.000x005 亚急性非创伤性硬脑膜下出血
I62.001 急性非创伤性硬膜下血肿
I62.003 慢性硬膜下血肿
I62.101 硬膜外血肿
Q28.200 大脑血管动静脉畸形
Q28.300x001 脑血管畸形","01.2400x013 硬脑膜外血肿清除术
01.2408 颅内血肿清除术
01.3104 脑膜切开伴硬脑膜下腔血肿清除术
01.3108 硬脑膜下钻孔引流术
01.3900x009 脑内血肿清除术
01.3900x012 经外侧裂脑内血肿清除术
01.3906 内镜下脑血肿引流术
38.6101 颅内血管畸形切除术
39.5102 大脑前动脉瘤夹闭术
39.5103 大脑中动脉瘤夹闭术
39.5107 前交通动脉瘤夹闭术",8.07,77688.13,,,21
282,ZJ11,与多发伤有关的其他手术操作，伴严重合并症或并发症,"S02.100 颅底骨骨折
S02.712 开放性多发性颅骨骨折
S06.200x081 多发性大脑挫裂伤
S06.202 脑挫伤
S06.300x011 局灶性大脑挫伤伴出血
S06.300x031 局灶性大脑挫伤伴血肿
S06.300x081 局灶性大脑挫裂伤
S06.401 创伤性闭合性硬膜外血肿
S06.500x004 急性创伤性硬脑膜下血肿
S06.501 创伤性急性硬膜下出血
S06.600 创伤性蛛网膜下出血
S06.600x002 创伤性蛛网膜下腔血肿
S06.800x002 创伤性脑内血肿
S06.802 创伤性脑出血
S06.900 颅内损伤
S12.000x002 寰椎骨折
S12.200x031 颈椎骨折C5
S22.100 胸椎多处骨折
S22.400x041 四根以上肋骨骨折不伴第一肋骨骨折
S27.301 肺挫伤
S27.302 创伤性肺破裂
S32.400 髋臼骨折
S32.701 多发性骨盆骨折
S32.802 骨盆骨折
S35.201 肠系膜动脉损伤
S36.000 脾损伤
S36.500x021 横结肠损伤
S37.001 创伤性肾破裂
S42.200x001 肱骨近端骨折
S42.300 肱骨干骨折
S42.310 开放性肱骨干骨折
S42.400x001 肱骨远端骨折
S52.000x002 尺骨近端骨折
S52.001 鹰嘴骨折
S52.010 开放性尺骨上端骨折
S52.200x011 孟氏骨折
S52.300 桡骨干骨折
S52.500x001 桡骨远端骨折
S52.600x001 尺骨远端骨折伴桡骨远端骨折
S52.600x002 尺骨茎突骨折伴桡骨远端骨折
S52.804 尺骨下端骨折
S72.000x051 股骨颈基底骨折
S72.100x001 股骨大粗隆骨折
S72.101 股骨粗隆间骨折
S72.110 开放性股骨粗隆间骨折
S72.200x001 股骨粗隆下骨折
S72.300 股骨干骨折
S72.310 开放性股骨干骨折
S72.400x001 股骨远端骨折
S72.401 股骨髁骨折
S72.410 开放性股骨下端骨折
S82.000 髌骨骨折
S82.100x011 胫骨近端骨折伴腓骨骨折
S82.100x012 胫骨平台伴腓骨骨折
S82.100x087 胫骨平台骨折
S82.100x088 胫骨平台伴髁间骨折
S82.110 开放性胫骨上端骨折
S82.200x011 胫骨干骨折伴腓骨骨折
S82.201 胫腓骨干骨折
S82.210 开放性胫骨骨干骨折
S82.212 开放性胫腓骨干骨折
S82.300x011 胫骨远端骨折伴腓骨骨折
S82.300x081 胫骨远端骨折
S82.301 胫腓骨下端骨折
S82.310 开放性胫骨下端骨折
S82.311 开放性胫腓骨下端骨折
S82.410 开放性腓骨骨折
S82.501 胫骨骨折累及踝关节
S82.510 开放性内踝骨折
S82.800x082 踝关节骨折
S82.801 三踝骨折
S85.000 腘动脉损伤
T02.400x001 双上肢多发性骨折
T02.500x001 双下肢多发性骨折","08.8101 眼睑裂伤缝合术
25.5100x001 舌缝合术
27.5100 唇裂伤缝合术
33.4902 胸腔镜下肺修补术
39.4902 下腔静脉滤器取出术
39.7900x020 肾动脉栓塞术
39.9013 腘动脉支架置入术
46.7604 腹腔镜下结肠瘘修补术
78.1401 腕骨外固定术
78.1701 胫骨外固定术
78.1901 盆骨外固定术
78.4900x007 骨盆重建术
78.4901 骨盆成形术
79.0201 桡骨骨折闭合性复位术
79.1100x004 肱骨骨折闭合复位髓内针内固定术
79.1500x006 股骨骨折闭合复位髓内针内固定术
79.1500x008 股骨骨折闭合复位螺钉内固定术
79.1600x004 胫骨骨折闭合复位髓内针内固定术
79.1903 骨盆骨折闭合复位内固定术
79.2601 胫骨骨折切开复位术
79.3100x005 肱骨骨折切开复位钢板内固定术
79.3101 肱骨骨折切开复位内固定术
79.3200x001 尺骨骨折切开复位钢板内固定术
79.3200x011 桡骨骨折切开复位钢板内固定术
79.3201 桡骨骨折切开复位内固定术
79.3202 尺骨骨折切开复位内固定术
79.3500x016 股骨骨折切开复位钢板内固定术
79.3500x017 股骨骨折切开复位螺钉内固定术
79.3500x018 股骨骨折切开复位髓内针内固定术
79.3500x019 股骨骨折切开复位钢针内固定术
79.3501 股骨骨折切开复位内固定术
79.3600x008 腓骨骨折切开复位钢针内固定术
79.3600x009 踝关节骨折切开复位钢板内固定术
79.3600x010 踝关节骨折切开复位螺钉内固定术
79.3600x012 踝关节骨折切开复位钢针内固定术
79.3600x013 胫骨骨折切开复位钢板内固定术
79.3600x014 胫骨骨折切开复位螺钉内固定术
79.3600x015 胫骨骨折切开复位髓内针内固定术
79.3601 胫骨骨折切开复位内固定术
79.3603 踝关节骨折切开复位内固定术
79.3604 髌骨骨折切开复位内固定术
79.3900x001 髌骨骨折切开复位张力带钢丝内固定术
79.3900x002 髌骨骨折切开复位螺钉内固定术
79.3900x025 骨盆骨折切开复位螺钉内固定术
79.3900x043 骨盆骨折切开复位钢板内固定术
79.3903 肋骨骨折切开复位内固定术
79.6202 尺骨开放性骨折清创术
79.7100 肩脱位闭合性复位术
82.3601 手部肌肉清创术
83.4501 肌肉清创术
86.2200x011 皮肤和皮下坏死组织切除清创术
86.5900x006 皮肤缝合术
86.5902 头皮裂伤清创缝合术
86.7501 皮瓣清创术
86.7503 皮瓣修整术",3.56,34293.32,,,16
283,CB39,晶状体联合视网膜及晶状体以外的内眼手术,"H25.900 老年性白内障
H26.200 并发性白内障
H27.000 无晶状体
H40.000x004 青光眼术后眼压失控
H40.100 原发性开角型青光眼
H40.100x001 开角型青光眼
H40.200 原发性闭角型青光眼
H40.202 慢性闭角型青光眼
H40.203 原发性急性闭角型青光眼
H40.900 青光眼
S05.300x004 眼球破裂伤
S05.500x001 眼内异物
T85.201 人工晶体夹持
T85.202 人工晶体移位","12.5200x001 前房角切开术
12.5900x001 房角分离术
12.6400x003 滤帘切除术[小梁切除术]
13.4100x001 白内障超声乳化抽吸术
13.7200x001 人工晶体二期置入术
13.9001 人工晶状体复位术
13.9002 人工晶状体悬吊术
16.1x00x001 眼内异物取出术
16.8200 眼球破裂修补术",0.8,7729.92,,,3
284,TB15,精神病患者的手术，不伴严重合并症或并发症,"F05.000x001 药物中毒性意识障碍(包括谵妄状态)
F06.800x026 血管性认知功能障碍
F06.800x027 认知障碍
F32.000x011 伴有躯体症状的轻度抑郁发作
F32.100x011 伴有躯体症状的中度抑郁发作
F32.200 不伴有精神病性症状的重度抑郁发作
F32.900 抑郁发作
F32.901 抑郁状态
F33.100 复发性抑郁障碍，目前为中度发作
F33.900 复发性抑郁障碍
F41.100 广泛性焦虑障碍
F41.101 焦虑状态
F41.900 焦虑障碍
F45.304 心血管性神经官能症
F45.306 心脏神经官能症
F45.403 功能性腹痛综合征
F45.900 躯体形式障碍
G47.000x001 失眠
G47.900 睡眠障碍","05.3100x006 星状神经节阻滞术
09.7300x004 泪道重建术
16.9900 眼球其他手术
39.7900x058 经皮肠系膜上动脉栓塞术
39.9600x003 血液灌流
42.3301 内镜食管病损切除术
42.3310 内镜食管出血止血术
43.4105 内镜下胃息肉切除术
44.4300x002 胃镜下胃出血止血术
45.4200x003 纤维结肠镜下结肠息肉切除术
45.4302 内镜下结肠病损切除术
45.4305 内镜下直肠止血术
45.4307 内镜下结肠黏膜切除术(EMR)
48.3600x002 内镜下直肠病损切除术
48.3600x004 内镜下直肠黏膜切除术(EMR)
48.3602 直肠-乙状结肠镜下直肠息肉切除术
83.6501 肌肉缝合术
88.4101 脑血管造影
88.5500 单根导管的冠状动脉造影术
88.5600 用两根导管的冠状动脉造影术
98.5103 输尿管体外冲击波碎石术",0.88,8475.61,,,6
285,DE25,耳部其他小手术，不伴合并症或并发症,"C11.900 鼻咽恶性肿瘤
H60.400 外耳胆脂瘤
H60.400x004 外耳道胆脂瘤
H60.401 外耳肉芽肿
H61.000 外耳软骨膜炎
H61.100x009 耳廓瘢痕
H61.103 耳廓假性囊肿
H61.105 耳廓肿物
H61.800x005 外耳道瘢痕
H61.806 外耳道囊肿
H61.901 外耳道肿物
H65.000x002 急性分泌性中耳炎
H65.300x001 慢性分泌性中耳炎
H74.101 粘连性中耳炎
H91.200 突发特发性听觉丧失
H91.200x001 突发性聋
H93.900x001 耳甲腔囊肿
Q17.001 多耳畸形
Q18.102 先天性耳前瘘管
S01.300x012 耳廓开放性损伤","18.2100x006 耳前瘘管切除术
18.2900x003 耳廓病损切除术
18.2900x009 外耳道病损切除术
18.2900x016 耳廓皮肤和皮下坏死组织切除清创术
18.2901 外耳病损切除术
18.2907 副耳切除术
18.7100x001 耳廓成形术
20.0100x005 鼓室置管术
20.0100x006 内镜下鼓膜置管术
20.0902 鼓膜穿刺术",0.47,4513.28,,,3
286,HB11,胰、肝切除和/或分流手术，伴严重合并症或并发症,"B67.500x001+K77.0* 肝泡型棘球蚴病
C22.000 肝细胞癌
C22.100 肝内胆管癌
C22.900 肝恶性肿瘤
C23.x00 胆囊恶性肿瘤
C24.000x007 肝门胆管恶性肿瘤
C24.002 胆管恶性肿瘤
C24.003 胆总管恶性肿瘤
C24.100 法特壶腹恶性肿瘤
C24.800x001 肝内及肝外胆管恶性肿瘤
C25.000 胰头恶性肿瘤
C25.900 胰恶性肿瘤
C78.700 肝部和肝内胆管继发性恶性肿瘤
D13.400 肝良性肿瘤
D13.401 肝内胆管良性肿瘤
D13.600 胰良性肿瘤
D18.013 肝血管瘤
D37.706 胰腺肿瘤
K70.302+I98.3* 酒精性肝硬化伴食管静脉曲张破裂出血
K72.100 慢性肝衰竭
K74.300x008+I98.3* 原发性胆汁型肝硬化伴食管胃底静脉曲张破裂出血
K74.603 丙型肝炎后肝硬化失代偿期
K74.607 肝硬化失代偿期
K74.615+I98.3* 肝硬化伴食管静脉曲张破裂出血
K74.617+I98.3* 肝硬化伴食管胃底静脉曲张破裂出血
K75.000 肝脓肿
K75.000x002 胆管炎性肝脓肿
K76.806 多发性肝囊肿
K76.807 肝囊肿
K76.808 肝结节性局灶性增生
K76.818 单纯性肝囊肿
K76.901 肝肿物
K80.100x001 胆囊结石伴胆囊炎
K80.301 胆总管结石伴急性化脓性胆管炎
K80.302 胆总管结石伴胆管炎
K80.303 肝胆管结石伴胆管炎
K80.305 肝内胆管结石伴胆管炎
K83.100 胆管梗阻
K83.105 胆管狭窄
K83.109 梗阻性黄疸
K83.901 胆管肿物
K86.300 胰腺假囊肿
K86.809 胰管结石
K86.901 胰腺肿物
S36.110 开放性肝破裂","39.1x03 门静脉-腔静脉吻合术
39.1x10 经颈静脉肝内门体静脉吻合术
50.2200 部分肝切除术
50.2200x005 肝Ⅳ段切除术
50.2202 肝段切除术
50.2203 腹腔镜下肝段切除术
50.2205 腹腔镜下肝部分切除术
50.3x00 肝叶切除术
50.3x01 右半肝切除术
50.3x02 左半肝切除术
50.3x03 肝叶部分切除术
50.3x04 全肝叶切除术伴其他肝叶部分切除术
50.3x05 腹腔镜下肝叶切除术
50.3x06 腹腔镜下半肝切除术
51.3601 胆总管空肠吻合术
52.5100x001 胰近端切除伴十二指肠切除术
52.5101 胰头切除术
52.5205 腹腔镜下胰尾伴部分胰体切除术
52.5206 腹腔镜下胰体胰尾病损切除术
52.5301 腹腔镜根治性胰体尾切除术
52.5904 胰体尾切除术
52.5905 腹腔镜胰腺部分切除术
52.6x03 腹腔镜下胰十二指肠切除术
52.7x00 根治性胰十二指肠切除术
52.7x01 腹腔镜下胰十二指肠根治术",7.64,73561.07,,,19
287,JV25,乳房良性病变，不伴合并症或并发症,"A18.811 乳腺结核
D24.x00 乳房良性肿瘤
D48.601 乳腺肿瘤
N60.000x001 乳腺囊肿
N60.201 乳腺腺病
N61.x00x014 慢性乳腺炎
N61.x01 乳房炎性肉芽肿
N61.x03 乳腺脓肿
N61.x04 乳腺炎
N61.x05 急性乳腺炎
N61.x06 浆细胞性乳腺炎
N61.x07 乳房炎性肿物
N62.x02 男性乳房发育
N63.x01 乳房结节
N64.503 乳头溢血
N64.504 乳头溢液
N64.900 乳房疾患
T85.401 乳房假体障碍","/
45.1300x004 胃-十二指肠镜检查
85.0x00x002 乳房切开引流术
85.1100x001 乳房穿刺活检
85.1900x002 乳管镜检查
85.9100 乳房抽吸术",0.41,3973.14,,,3
288,MR15,男性生殖系统恶性肿瘤，不伴严重合并症或并发症,"C60.901 阴茎皮肤恶性肿瘤
C61.x00 前列腺恶性肿瘤
C62.900 睾丸恶性肿瘤
C63.201 阴囊皮肤恶性肿瘤
D40.001 前列腺肿瘤
D40.101 睾丸肿瘤","/
29.1100x002 纤维鼻咽镜检查
33.2600x002 经皮针吸肺活检
34.9101 胸腔穿刺抽液术
38.9304 股静脉穿刺置管术
55.2300x001 超声引导下肾穿刺活检
57.3200x001 膀胱镜检查
60.1100x002 超声引导下前列腺穿刺活检
60.1101 经直肠前列腺穿剌活组织检查
78.8100x003 肋骨穿刺活组织检查
86.0600x004 药物治疗泵置入
86.0701 静脉输液港植入术
86.1100 皮肤和皮下组织的活组织检查
89.6000x001 连续血氧饱和度监测
99.6000 心肺复苏",0.86,8265.2,,,8
289,BD13,脊柱脊髓手术，伴一般合并症或并发症,"B02.202+G53.0* 带状疱疹性神经痛
B02.203+G53.0* 带状疱疹性神经根炎
C72.000 脊髓恶性肿瘤
C72.003 脊髓胸段恶性肿瘤
D17.700x026 椎管内脂肪瘤
D32.103 胸段脊膜瘤
D33.400 脊髓良性肿瘤
D33.902 椎管内良性肿瘤
D36.109 脊神经良性肿瘤
G44.100x004 颈源性头痛[颈神经后支源性头痛]
G91.900 脑积水
M51.003+G99.2* 腰椎间盘突出伴脊髓病
S14.101 颈部脊髓损伤","03.0900x003 颈椎后路单开门椎管减压术
03.0914 椎间盘镜下椎管减压术
03.4x03 脊髓病损切除术
03.4x07 内镜下椎管内病损切除术
03.7100 脊髓蛛网膜下-腹腔分流术
04.0300x003 脊神经根切断术
04.2x05 脊髓神经根射频消融术
80.5111 内镜下腰椎髓核切除术",2.83,27257.37,,,11
290,CU15,急性重大眼感染，不伴合并症或并发症,"B00.501+H19.1* 疱疹病毒性角膜炎
B02.304+H13.1* 带状疱疹性结膜炎
B30.201+H13.1* 咽结膜热
B49.x03+H19.2* 真菌性角膜炎
B49.x04+H19.2* 真菌性角膜溃疡
H00.003 眼睑蜂窝织炎
H05.001 眶蜂窝织炎
H16.000 角膜溃疡
H16.003 蚕蚀性角膜溃疡
H16.205 暴露性角膜炎
H16.300x005 角膜基质炎
H16.900 角膜炎
H20.900 虹膜睫状体炎
H44.000x005 眼内炎
H44.102 眼炎性假瘤","/
08.0902 眼睑切开引流术
10.9100 结膜下注射",0.29,2770.62,,,5
291,DT25,会厌炎、喉炎及气管炎，不伴合并症或并发症,"J04.000 急性喉炎
J04.100 急性气管炎
J05.100 急性会厌炎
J06.000 急性咽喉炎
J36.x00 扁桃体周脓肿
J36.x00x001 扁桃体脓肿
J36.x00x003 扁桃体周围炎
J38.716 会厌脓肿","/
17.91330 悬灸治疗
28.0x00x002 扁桃体周围切开引流术
29.1100x002 纤维鼻咽镜检查
29.1204 支撑喉镜下咽部活组织检查
31.3x00x005 会厌切开引流术
31.4200x003 纤维喉镜检查
31.4201 喉镜检查",0.3,2913.15,,,4
292,DZ15,其他头、颈、耳、鼻、咽、口疾病，不伴合并症或并发症,"A18.205 颈淋巴结结核
B02.801+H62.1* 外耳带状疱疹
G47.300 睡眠呼吸暂停
G47.300x001 睡眠呼吸暂停低通气综合征
G47.300x037 阻塞性睡眠呼吸暂停低通气综合征
G47.301 阻塞性睡眠呼吸暂停综合征
H60.000 外耳脓肿
H60.100 外耳蜂窝织炎
H60.100x002 耳廓蜂窝织炎
H60.300x002 耳廓感染
H60.400x004 外耳道胆脂瘤
H61.000 外耳软骨膜炎
H92.100x001 耳流脓
J04.200 急性喉气管炎
J34.008 鼻蜂窝织炎
J38.002 声带麻痹
J38.301 声带白斑
J38.302 声带出血
J38.400 喉水肿
J38.601 喉梗阻
J39.212 咽水肿
J39.223 手术后咽瘘
J39.224 鼻咽部病变
K11.201 急性腮腺炎
K11.202 急性颌下腺炎
K11.204 慢性腮腺炎
K11.205 慢性颌下腺炎
K11.701 口干燥症
L02.000 面部皮肤脓肿、疖和痈
L04.002 急性颈部淋巴结炎
Q18.102 先天性耳前瘘管
Q89.202 甲状舌管囊肿
R04.000 鼻出血","/
06.1101 超声引导下经皮甲状腺活组织检查术
18.0901 耳前切开引流术
18.1100 耳镜检查
21.2200 鼻活组织检查
26.1100x003 腮腺活检
27.0x03 颌下切开引流术
27.2300 唇活组织检查
27.9201 口内切开引流术
28.0x00x002 扁桃体周围切开引流术
29.1100x002 纤维鼻咽镜检查
29.1203 内镜下鼻咽活组织检查
31.4200x003 纤维喉镜检查
40.1101 颈淋巴结活组织检查
44.1300x001 胃镜检查
44.1401 胃镜下活组织检查
45.1300x004 胃-十二指肠镜检查
83.9502 超声引导下颈部软组织病损抽吸术
89.1701 睡眠监测",0.31,2956.14,,,5
293,HS13,肝功能衰竭，伴合并症或并发症,"K70.401 急性酒精性肝衰竭
K70.402 慢性酒精性肝衰竭
K71.102 急性药物性肝衰竭
K72.000x004 慢加急性肝衰竭
K72.000x005 慢加亚急性肝衰竭
K72.000x013 重症肝炎
K72.001 亚急性肝衰竭
K72.003 急性肝衰竭
K72.100 慢性肝衰竭","/
00.6800x001 肢体动脉血管内压力测量
17.91110 头针治疗
17.912A0 电针治疗
17.91330 悬灸治疗
17.95420 中药熏药治疗
27.2300 唇活组织检查
34.0401 胸腔闭式引流术
34.9101 胸腔穿刺抽液术
38.9100 动脉导管插入术
38.9304 股静脉穿刺置管术
38.9502 为肾透析的临时静脉插管术
38.9800x001 动脉穿刺术
45.1300x004 胃-十二指肠镜检查
50.1100x001 超声引导下肝穿刺活检
52.1900x001 超声内镜下胰腺检查
54.9101 腹腔穿刺引流术
54.9102 盆腔穿刺引流术
54.9105 腹腔穿刺术
89.6400x001 漂浮导管检查[Swan-Ganz导管插入]",1.31,12605.62,,,12
294,NQY,歧义组(MDCN),"C53.900 宫颈恶性肿瘤
C54.100 子宫内膜恶性肿瘤
C55.x00 子宫恶性肿瘤
C56.x00 卵巢恶性肿瘤
C57.000 输卵管恶性肿瘤
N80.001 子宫腺肌病
N80.800x010 腹壁子宫内膜异位
N81.301 Ⅲ度子宫脱垂
N81.600 直肠膨出
N83.809 输卵管囊肿
T83.305 子宫内节育器移位","39.7906 经导管髂内动脉栓塞术
48.3602 直肠-乙状结肠镜下直肠息肉切除术
49.4901 痔上直肠黏膜环形切除吻合术（PPH术）
54.9202 腹腔镜下腹腔异物取出术
54.9902 腹腔病损切除术
55.9201 肾穿刺引流术
59.5x01 经阴道无张力尿道悬吊术（TVT）
59.8x03 经尿道输尿管支架置入术
66.6201 腹腔镜输卵管切除伴输卵管妊娠去除术
86.0500x008 皮下植入装置取出术
92.2400x003 调强适形放射治疗[IMRT]
99.2503 静脉注射化疗药物
99.2505 化疗药物灌注
99.2800x006 分子靶向治疗",/,/,,,/
295,FN13,下肢动脉经皮血管内治疗，伴合并症或并发症,"I70.204 下肢动脉硬化闭塞症
I70.214 下肢动脉硬化闭塞症伴坏疽
I72.300x003 髂动脉夹层
I72.300x006 髂动脉瘤
I72.300x021 髂内动脉瘤
I72.304 髂动脉瘤破裂
I72.400x223 胫后动脉假性动脉瘤
I72.405 腘动脉瘤
I74.002 腹主动脉血栓形成
I74.300x030 下肢动脉闭塞
I74.300x510 腘动脉血栓形成
I74.301 下肢动脉栓塞
I74.302 下肢动脉血栓形成
I74.305 股动脉闭塞
I74.308 腘动脉闭塞
I74.500x002 髂动脉闭塞
I74.500x007 髂总动脉闭塞
I74.500x008 髂动脉血栓形成
I74.504 髂外动脉闭塞
I77.125 髂总动脉狭窄
I77.129 下肢动脉狭窄
I80.303 下肢静脉血栓形成
I82.800x003 髂静脉栓塞
I87.116 髂总静脉压迫综合征[Cockett综合征]
T82.800x401 股动脉支架内再狭窄
T82.800x408 股动脉支架闭塞","17.5600x001 经皮周围血管动脉粥样斑块切除术
39.5000x031 下肢动脉球囊扩张成形术
39.5005 髂动脉球囊血管成形术
39.5007 髂静脉球囊血管成形术
39.5009 腘动脉球囊血管成形术
39.7900x007 髂动脉瘤覆膜支架置入术
39.7900x032 经皮股动脉取栓术
39.7900x042 经皮下肢动脉取栓术
39.7900x070 经皮下肢动脉栓塞术
39.7906 经导管髂内动脉栓塞术
39.9000x019 股动脉覆膜支架置入术
39.9000x028 髂动脉覆膜支架置入术
39.9004 髂动脉支架置入术
39.9009 股动脉支架置入术
39.9013 腘动脉支架置入术",8.27,79655.37,,,12
296,JS13,重大皮肤疾病，伴一般合并症或并发症,"E11.603+L99.8* 2型糖尿病性皮肤病
L00.x00 葡萄球菌性烫伤样皮肤综合征
L02.300 臀部皮肤脓肿、疖和痈
L03.103 上肢蜂窝织炎
L03.105 臂蜂窝织炎
L03.106 手蜂窝织炎
L03.107 下肢蜂窝织炎
L03.108 腿蜂窝织炎
L03.109 足蜂窝织炎
L03.200 面部蜂窝织炎
L03.305 脐部蜂窝织炎
L03.306 会阴蜂窝织炎
L03.800 蜂窝织炎，其他部位的
L03.900 蜂窝织炎
L08.002 脓疱性皮疹
L08.805 腹壁感染性窦道
L08.900 皮肤和皮下组织的局部感染
L08.907 腹壁软组织感染
L08.911 足软组织感染
L10.000 寻常型天疱疮
L10.900 天疱疮
L12.000 大疱性类天疱疮
L12.900 类天疱疮
L30.204 自体过敏性皮炎
L40.001 斑块状银屑病
L40.100 全身脓疱性银屑病
L40.802 红皮病性银屑病
L51.100 大疱型多形性红斑
L51.200 中毒性表皮坏死松解症[莱尔]
L51.802 渗出性多形红斑
L51.900 多形性红斑
L52.x00 结节性红斑
L83.x00 黑棘皮病
L88.x00 坏疽性脓皮症
L89.301 骶尾区Ⅳ期压疮
L93.100 亚急性皮肤红斑狼疮
L94.000 局限性硬皮病[硬斑病]
L95.901 荨麻疹性血管炎
L97.x00 下肢溃疡，不可归类在他处者
L98.200 热性中性粒细胞皮肤病[斯威特]
L98.400 皮肤慢性溃疡，不可归类在他处者
M31.000x005 变应性皮肤血管炎
M34.000 进行性全身性硬皮病
Q82.802 良性家族性天疱疮","/
17.91330 悬灸治疗
18.1100 耳镜检查
24.0x02 牙龈切开引流术
29.1100x002 纤维鼻咽镜检查
31.4200x003 纤维喉镜检查
45.1300x004 胃-十二指肠镜检查
45.2302 电子结肠镜检查
54.0x00x001 骶部脓肿切开引流术
54.0x00x004 腹壁脓肿切开引流术
54.0x00x013 腹股沟脓肿切开引流术
54.2200x004 腹壁穿刺活检
86.0400x011 皮肤和皮下组织切开引流术
86.1100 皮肤和皮下组织的活组织检查
86.2701 甲床清创术
96.5300 鼻道冲洗术",0.6,5767.41,,,9
297,LX19,尿路结石、阻塞及尿道狭窄,"N13.100x001 肾积水伴输尿管狭窄
N13.201 肾积水伴肾结石
N13.202 肾积水伴输尿管结石
N13.203 肾积水伴肾输尿管结石
N13.300x005 肾盂囊肿
N13.301 肾积水
N13.400 输尿管积水
N13.504 输尿管狭窄
N13.506 腹膜后纤维化伴输尿管狭窄
N20.000 肾结石
N20.100 输尿管结石
N20.900 泌尿系结石
N21.000 膀胱结石
N21.100 尿道结石
N35.900 尿道狭窄","/
17.91330 悬灸治疗
38.9800x001 动脉穿刺术
44.1300x001 胃镜检查
45.1300x004 胃-十二指肠镜检查
56.3100 输尿管镜检查
57.3200x001 膀胱镜检查
58.2200x001 尿道镜检查
59.9901 输尿管支架置换术
97.6204 输尿管镜输尿管支架取出术
97.6205 膀胱镜输尿管支架取出术",0.3,2922.01,,,4
298,ES11,肺真菌病，伴严重合并症或并发症,"B37.101+J17.2* 念珠菌性肺炎
B44.101+J99.8* 变态反应性支气管肺曲霉病
B44.102+J17.2* 曲霉菌性肺炎
B45.000x002+J99.8* 新型隐球菌肺炎
B48.501+J17.2* 卡氏肺孢子虫病
B49.x13 支气管真菌感染
B49.x14+J99.8* 肺真菌感染","/
00.6800x001 肢体动脉血管内压力测量
16.2100x001 眼底检查
31.4200x003 纤维喉镜检查
33.2302 电子支气管镜检查
33.2400x001 支气管镜下支气管活检
33.2400x002 支气管镜下诊断性支气管肺泡灌洗[BAL]
33.2403 纤维支气管镜检查伴肺泡灌洗术
33.2405 气管镜刷检术
33.2600x001 肺穿刺活检
33.2600x002 经皮针吸肺活检
33.2700x001 支气管镜下肺活检
38.9100 动脉导管插入术
38.9302 颈内静脉穿刺中心静脉置管术
41.3100 骨髓活组织检查
44.1401 胃镜下活组织检查
86.1100 皮肤和皮下组织的活组织检查
89.6700 心脏排出量监测，用氧耗技术
99.0401 红细胞输入",1.89,18167.57,,,14
299,ET15,肺间质性疾病，不伴合并症或并发症,"J64.x00 肺尘埃沉着病
J70.001 放射性肺炎
J82.x00x001 肺嗜酸性粒细胞增多症
J82.x01 嗜酸细胞性肺炎
J84.001 肺泡蛋白沉积症
J84.100x007 继发性肺间质纤维化
J84.100x008 弥漫性肺间质纤维化
J84.101 肺间质纤维化
J84.102 肺肉芽肿
J84.104 特发性肺间质纤维化
J84.108 机化性肺炎
J84.803 肺弥漫性间质病变
J84.804 淋巴细胞性间质性肺炎
J84.900 间质性肺病
M05.100+J99.0* 类风湿性肺病
M05.101+J99.0* 类风湿性关节炎伴肺泡炎
M05.102+J99.0* 类风湿性关节炎伴肺间质纤维化
M32.103+J99.1* 狼疮性肺炎
M33.103+J99.1* 皮肌炎性肺间质纤维化
M33.201+J99.1* 多肌炎伴肺间质纤维化
M34.801+J99.1* 硬皮病性肺间质纤维化
M35.002+J99.1* 干燥综合征伴肺间质纤维化
M35.904+J99.1* 结缔组织病肺间质纤维化","/
00.6800x001 肢体动脉血管内压力测量
04.8101 周围神经阻滞术
27.2300 唇活组织检查
29.1100x002 纤维鼻咽镜检查
33.2400x002 支气管镜下诊断性支气管肺泡灌洗[BAL]
33.2600x001 肺穿刺活检
33.2600x002 经皮针吸肺活检
33.2702 超声支气管镜下肺活组织检查
38.9302 颈内静脉穿刺中心静脉置管术
41.3100 骨髓活组织检查
45.1300x004 胃-十二指肠镜检查
45.1600x001 胃十二指肠镜下活检
86.1100 皮肤和皮下组织的活组织检查
89.3701 肺功能测定",0.69,6655.22,,,7
300,GK21,胃镜治疗操作，伴严重合并症或并发症,"A09.000x001 肠道感染
A09.004 感染性腹泻
C15.100 胸部食管恶性肿瘤
C15.300 食管上三分之一的恶性肿瘤
C15.802 食管中下段恶性肿瘤
C15.900 食管恶性肿瘤
C16.900 胃恶性肿瘤
C20.x00 直肠恶性肿瘤
C78.600x004 腹膜继发恶性肿瘤
D01.200 直肠原位癌
D12.500 乙状结肠良性肿瘤
D12.600 结肠良性肿瘤
D12.601 家族性息肉病
D13.000 食管良性肿瘤
D13.100 胃良性肿瘤
D13.200 十二指肠良性肿瘤
D17.500x007 回盲部脂肪瘤
K21.001 反流性食管炎
K21.900x003 胃食管反流
K22.102 贲门溃疡
K22.200 食管梗阻
K22.205 食管狭窄
K22.208 手术后食管狭窄
K22.800x011 贲门息肉
K22.807 食管息肉
K22.815 食管黏膜鳞状上皮增生
K25.000x002 急性胃黏膜病变伴出血
K25.400x001 胃溃疡伴出血
K25.400x002 胃窦部溃疡伴出血
K25.900x001 胃溃疡
K26.000 急性十二指肠溃疡伴有出血
K26.400x003 十二指肠糜烂出血
K26.401 十二指肠球部溃疡伴出血
K27.400x002 复合性溃疡伴出血
K27.400x004 消化性溃疡伴出血
K29.701 残胃炎
K31.500 十二指肠梗阻
K31.701 十二指肠息肉
K31.702 十二指肠球部息肉
K31.703 胃息肉
K31.905 胃黏膜病变
K36.x00x004 阑尾残端炎
K44.901 食管裂孔疝
K56.100 肠套叠
K56.700 肠梗阻
K56.701 不完全性肠梗阻
K58.801 肠易激综合征
K62.100 直肠息肉
K62.813 肛门括约肌松弛
K63.500 结肠息肉
K64.811 混合痔
K65.902 自发性腹膜炎
K65.903 腹腔感染
K91.802 残胃吻合口炎
K91.809 食管胃吻合口狭窄
K92.203 十二指肠出血
K92.207 急性上消化道出血
K92.208 上消化道出血
K92.210 消化道出血
R10.400x002 功能性腹痛","42.3301 内镜食管病损切除术
42.3302 内镜食管病损氩离子凝固术
42.3304 内镜食管息肉切除术
42.3306 内镜食管黏膜切除术
42.8101 内镜下食管支架置入术
42.9200x006 内镜下食管球囊扩张成形术
42.9202 内镜下食管扩张术
43.4100x011 胃镜下贲门病损切除术
43.4100x014 胃镜下胃病损切除术
43.4100x015 胃镜下贲门病损电切术
43.4101 内镜下胃病损氩离子凝固术
43.4102 内镜下胃病损套扎治疗术
43.4105 内镜下胃息肉切除术
43.4108 内镜下胃黏膜切除术[EMR]
44.4300x001 胃镜下十二指肠止血术
44.4300x002 胃镜下胃出血止血术
44.4302 内镜下胃钛夹止血术
44.4303 内镜下十二指肠钛夹止血术
45.3001 内镜下十二指肠病损切除术
45.3005 内镜下十二指肠黏膜切除术(EMR)
97.5902 内镜下食管支架取出术
98.0301 内镜下胃内异物去除",0.87,8337.32,,,7
301,HJ15,与肝、胆或胰腺疾病有关的其他手术，不伴合并症或并发症,"B65.903+K77.0* 血吸虫性肝炎
B67.500x001+K77.0* 肝泡型棘球蚴病
C22.000 肝细胞癌
C22.100 肝内胆管癌
C22.900 肝恶性肿瘤
C24.002 胆管恶性肿瘤
C25.000 胰头恶性肿瘤
C25.801 胰体胰尾部恶性肿瘤
C25.900 胰恶性肿瘤
C78.700 肝部和肝内胆管继发性恶性肿瘤
D13.400 肝良性肿瘤
D18.013 肝血管瘤
D37.706 胰腺肿瘤
K72.000x004 慢加急性肝衰竭
K72.003 急性肝衰竭
K74.302+I98.3* 原发性胆汁性肝硬化伴食管静脉曲张破裂出血
K74.615+I98.3* 肝硬化伴食管静脉曲张破裂出血
K74.617+I98.3* 肝硬化伴食管胃底静脉曲张破裂出血
K76.806 多发性肝囊肿
K76.807 肝囊肿
K76.808 肝结节性局灶性增生
K76.818 单纯性肝囊肿
K76.901 肝肿物
K80.000x004 胆囊结石伴慢性胆囊炎急性发作
K80.001 胆囊结石伴坏疽性胆囊炎
K80.100x001 胆囊结石伴胆囊炎
K80.101 胆囊结石伴慢性胆囊炎
K80.306 肝外胆管结石伴胆管炎
K82.802 胆囊息肉
K83.901 胆管肿物
K85.800x003 胰腺脓肿
K85.818 急性坏死性胰腺炎，重症
K85.902 急性重症胰腺炎
K86.200 胰腺囊肿
K86.300 胰腺假囊肿","39.9500x005 单膜血浆置换
39.9600x003 血液灌流
41.5x00 全脾切除术
42.9100x002 食管静脉曲张套扎术
50.0x03 腹腔镜下肝囊肿开窗引流术
50.1400 腹腔镜下肝活组织检查
50.2501 腹腔镜下肝病损微波消融术
50.2908 肝病损切除术
50.2909 腹腔镜下肝病损切除术
50.9200x001 肝透析[人工肝治疗]
52.0102 腹腔镜下胰腺囊肿外引流术
52.0900x001 腹腔镜下胰腺脓肿引流术
52.1201 胰腺活组织检查，经腹腔镜
52.2101 腹腔镜下胰腺病损切除术
52.2201 胰腺病损切除术
52.4x00x011 超声内镜下胰腺囊肿穿刺引流术
52.4x00x012 CT引导下胰腺囊肿穿刺引流术
52.4x03 胰腺囊肿空肠吻合术
52.4x04 腹腔镜下胰腺囊肿胃肠吻合术
52.4x06 腹腔镜下胰腺囊肿空肠吻合术
54.1900x010 腹腔脓肿切开引流术
54.2200x003 腹腔镜下腹壁活检术
54.3x00x004 腹壁窦道扩创术
54.4x12 腹腔镜下网膜病损切除术
54.4x16 腹腔镜下网膜切除术
54.5101 腹腔镜下肠粘连松解术
54.9904 腹腔镜下腹腔病损切除术",1.95,18784.46,,,7
302,EB11,肺大手术，伴严重合并症或并发症,"A15.201 肺结核瘤，病理(+)
C34.100x003 左肺上叶恶性肿瘤
C34.100x004 右肺上叶恶性肿瘤
C34.201 肺中叶恶性肿瘤
C34.300x003 左肺下叶恶性肿瘤
C34.300x004 右肺下叶恶性肿瘤
C34.800x001 右肺中上叶恶性肿瘤
C34.800x002 右肺中下叶恶性肿瘤
C34.800x003 左肺上下叶恶性肿瘤
C34.803 肺上下叶恶性肿瘤
C34.900x005 右肺恶性肿瘤
C78.000 肺部继发性恶性肿瘤
D02.200x002 肺原位癌
D14.300x001 肺良性肿瘤
J84.102 肺肉芽肿
J86.017 支气管胸膜瘘
J98.400x001 肺病
J98.400x016 肺炎性肿物
J98.402 肺不典型增生
J98.405 肺炎性假瘤
J98.409 肺囊肿
Q85.901 肺错构瘤
R91.x03 肺占位性病变","32.3001 胸腔镜下肺叶部分切除术
32.3902 肺叶部分切除术
32.4100 胸腔镜下肺叶切除术
32.4100x002 胸腔镜下复合肺叶切除术
32.4101 胸腔镜下肺叶伴邻近肺叶节段切除术
32.4902 肺叶切除术",5.82,56084.2,,,14
303,GC21,胃、十二指肠其他手术，伴严重合并症或并发症,"C15.500 食管下三分之一的恶性肿瘤
C16.000 贲门恶性肿瘤
C16.100 胃底恶性肿瘤
C16.200 胃体恶性肿瘤
C16.301 胃窦恶性肿瘤
C16.500 胃小弯恶性肿瘤
C16.600 胃大弯恶性肿瘤
C16.900 胃恶性肿瘤
D13.100 胃良性肿瘤
D13.101 贲门良性肿瘤
I86.401 胃底静脉曲张伴出血
K22.000x002 贲门失弛缓
K22.205 食管狭窄
K25.100x001 胃溃疡伴急性穿孔
K25.400x001 胃溃疡伴出血
K25.400x002 胃窦部溃疡伴出血
K25.500x001 胃溃疡伴穿孔
K26.000 急性十二指肠溃疡伴有出血
K26.500x001 十二指肠溃疡伴穿孔
K31.703 胃息肉
K31.800x806 十二指肠穿孔
K31.808 胃结石
K31.810 胃囊肿
K31.814 胃穿孔
K31.903 十二指肠肿物
K44.901 食管裂孔疝
K63.210 手术后肠吻合口瘘
K65.902 自发性腹膜炎
K66.102 腹膜后血肿
K91.812 食管空肠吻合口狭窄
K91.819 手术后胃肠吻合口狭窄
K92.210 消化道出血","42.9200x007 内镜下贲门括约肌切开术(POEM)
43.1900x003 永久性胃造口术
43.8201 腹腔镜胃部分切除术
44.4102 腹腔镜胃溃疡穿孔修补术
44.4200x001 腹腔镜下十二指肠溃疡穿孔修补术
44.4202 腹腔镜十二指肠溃疡修补术
44.4400x005 胃十二指肠动脉栓塞术
44.4401 十二指肠动脉栓塞术
44.4402 经导管胃静脉栓塞术
44.4901 胃切开止血术
44.5x01 胃肠吻合口修补术
44.6701 腹腔镜胃底折叠术
44.6902 腹腔镜胃修补术
44.9100x001 贲门周围血管离断术
46.7900x009 腹腔镜下十二指肠成形术",4.36,41975.02,,,13
304,GU21,其他消化道溃疡，伴严重合并症或并发症,"K22.100 食管溃疡
K22.103 食管糜烂
K25.000 急性胃溃疡伴有出血
K25.000x002 急性胃黏膜病变伴出血
K25.400x001 胃溃疡伴出血
K25.400x002 胃窦部溃疡伴出血
K25.401 幽门溃疡伴出血
K25.700 慢性胃溃疡不伴有出血或穿孔
K25.900x001 胃溃疡
K26.000 急性十二指肠溃疡伴有出血
K26.001 急性十二指肠球部溃疡并出血
K26.400 慢性十二指肠溃疡伴有出血
K26.400x003 十二指肠糜烂出血
K26.401 十二指肠球部溃疡伴出血
K26.900x001 十二指肠溃疡
K26.900x002 十二指肠球部溃疡
K27.000 急性消化性溃疡伴有出血
K27.400x002 复合性溃疡伴出血
K27.400x004 消化性溃疡伴出血
K27.900x001 多发性复合性溃疡
K27.900x002 复合性溃疡
K27.901 消化性溃疡
K28.400x002 吻合口溃疡伴出血
K28.900x001 吻合口溃疡
K63.302 小肠溃疡
K63.305 结肠溃疡
K63.307 直肠乙状结肠溃疡","/
17.91330 悬灸治疗
38.9100 动脉导管插入术
38.9302 颈内静脉穿刺中心静脉置管术
38.9800x001 动脉穿刺术
38.9900x501 锁骨下静脉穿刺术
41.3100 骨髓活组织检查
42.2300x001 食管镜检查
42.2400x001 食管镜下活检
44.1300x001 胃镜检查
44.1401 胃镜下活组织检查
45.1300x004 胃-十二指肠镜检查
45.1301 十二指肠镜检查术
45.1302 胶囊内镜检查术
45.1600x001 胃十二指肠镜下活检
45.2302 电子结肠镜检查
45.2501 结肠镜下大肠活组织检查
50.1100x001 超声引导下肝穿刺活检
96.0800x004 鼻空肠营养管置入术",0.89,8561.44,,,8
305,TS25,神经症及相关障碍，不伴严重合并症或并发症,"F44.802 心因性意识障碍
F44.900 分离［转换］性障碍
F45.304 心血管性神经官能症
F45.306 心脏神经官能症
F45.403 功能性腹痛综合征
F45.803 功能性吞咽困难
F45.900 躯体形式障碍
F48.901 神经官能症
F95.000 一过性抽动障碍","/
29.1100x002 纤维鼻咽镜检查
45.1300x004 胃-十二指肠镜检查
45.1301 十二指肠镜检查术
45.1600x001 胃十二指肠镜下活检
45.2302 电子结肠镜检查",0.52,5020.76,,,6
306,DZ13,其他头、颈、耳、鼻、咽、口疾病，伴合并症或并发症,"A18.205 颈淋巴结结核
B02.801+H62.1* 外耳带状疱疹
G47.300 睡眠呼吸暂停
G47.300x001 睡眠呼吸暂停低通气综合征
G47.300x037 阻塞性睡眠呼吸暂停低通气综合征
G47.301 阻塞性睡眠呼吸暂停综合征
H60.000 外耳脓肿
H60.100 外耳蜂窝织炎
H60.100x002 耳廓蜂窝织炎
H60.300x002 耳廓感染
H60.400x004 外耳道胆脂瘤
H61.000 外耳软骨膜炎
H92.100x001 耳流脓
J04.200 急性喉气管炎
J34.008 鼻蜂窝织炎
J38.002 声带麻痹
J38.301 声带白斑
J38.302 声带出血
J38.400 喉水肿
J38.601 喉梗阻
J39.212 咽水肿
J39.223 手术后咽瘘
J39.224 鼻咽部病变
K11.201 急性腮腺炎
K11.202 急性颌下腺炎
K11.204 慢性腮腺炎
K11.205 慢性颌下腺炎
K11.701 口干燥症
L02.000 面部皮肤脓肿、疖和痈
L04.002 急性颈部淋巴结炎
Q18.102 先天性耳前瘘管
Q89.202 甲状舌管囊肿
R04.000 鼻出血","/
06.1101 超声引导下经皮甲状腺活组织检查术
18.0901 耳前切开引流术
18.1100 耳镜检查
21.2200 鼻活组织检查
26.1100x003 腮腺活检
27.0x03 颌下切开引流术
27.2300 唇活组织检查
27.9201 口内切开引流术
28.0x00x002 扁桃体周围切开引流术
29.1100x002 纤维鼻咽镜检查
29.1203 内镜下鼻咽活组织检查
31.4200x003 纤维喉镜检查
40.1101 颈淋巴结活组织检查
44.1300x001 胃镜检查
44.1401 胃镜下活组织检查
45.1300x004 胃-十二指肠镜检查
83.9502 超声引导下颈部软组织病损抽吸术
89.1701 睡眠监测",0.43,4162.79,,,6
307,RL25,恶性及增生性疾病放射治疗（近距离照射），不伴合并症或并发症,"Z51.002 恶性肿瘤术后放射治疗
Z51.003 恶性肿瘤放射治疗
Z51.806 肿瘤术后同位素治疗
Z51.811 肿瘤同位素治疗","92.2800 放射性核素注射或滴入
92.2900x001 放射治疗",1.21,11616.29,,,5
308,FV19,先天性心脏病,"I27.801 艾森门格综合征
Q21.000 室间隔缺损
Q21.101 中央型房间隔缺损(卵圆孔型)
Q21.102 房间隔缺损(继发孔型)
Q21.800 心间隔的其他先天性畸形
Q23.101 先天性主动脉瓣二叶瓣畸形
Q24.501 冠状动脉肌桥
Q24.806 心室肌致密化不全
Q25.000 动脉导管未闭
Q25.300 主动脉狭窄","/
03.3101 腰椎穿刺术
29.1100x002 纤维鼻咽镜检查
31.4200x003 纤维喉镜检查
38.9900x901 股静脉穿刺术
44.1300x001 胃镜检查
45.1300x004 胃-十二指肠镜检查
89.1301 脑干听觉诱发电位
93.5401 石膏夹板固定",0.59,5706.37,,,5
309,IC43,除置换/翻修外的髋、肩、膝、肘、踝和足部关节其他手术，伴一般合并症或并发症,"C40.202 胫骨恶性肿瘤
C49.200x002 下肢软组织恶性肿瘤
D18.000x860 膝关节血管瘤
D21.100x003 肘部结缔组织良性肿瘤
M00.005 葡萄球菌性膝关节炎
M00.900x061 感染性膝关节炎
M05.308 累及全身类风湿性关节炎
M10.002 痛风性关节炎
M10.900x093 痛风石
M12.200x061 膝色素沉着绒毛结节性滑膜炎
M12.200x071 踝关节色素沉着绒毛结节性滑膜炎
M12.500x061 膝关节创伤性关节病
M17.000 原发性双侧膝关节病
M17.101 原发性单侧膝关节病
M19.902 肘关节关节病
M19.905 踝关节关节病
M21.200x021 后天性肘关节屈曲变形
M23.001 膝半月板囊肿
M23.100 盘状半月板(先天性)
M23.213 陈旧性膝半月板损伤
M23.302 内侧半月板后角损伤
M23.303 内侧半月板损伤
M23.306 外侧半月板损伤
M23.308 半月板损伤
M23.400 膝关节游离体
M24.002 肘关节游离体
M24.006 踝关节游离体
M24.401 复发性肩关节脱位
M25.803 肩关节囊肿
M25.804 肘关节囊肿
M25.807 髋关节囊肿
M25.808 膝关节囊肿
M60.001 肩区感染性肌炎
M65.900x062 膝关节滑膜皱襞综合征
M65.902 肘关节滑膜炎
M65.905 髋关节滑膜炎
M65.906 膝关节滑膜炎
M65.907 踝关节滑膜炎
M70.301 过度打击肘
M70.400 髌前囊炎
M71.200x001 腘窝囊肿
M71.307 膝关节滑膜囊肿
M75.000x001 冻结肩
M75.103 肩袖自发性破裂
M76.301 涉及髂胫带弹响髋
M76.600 跟腱炎
M76.800x072 踝关节撞击综合征
M77.101 肱骨外上髁炎
M77.300 跟骨骨刺
M85.600x052 坐骨结节囊肿
M87.800x051 股骨头缺血性坏死
M87.900x071 距骨骨坏死
Q78.405 先天性膝滑膜骨软骨瘤病
S42.200x001 肱骨近端骨折
S42.200x041 肱骨大结节骨折
S43.000 肩关节脱位
S43.000x011 肱骨前脱位
S43.100 肩锁关节脱位
S52.000x001 肘关节骨折
S53.100 肘关节脱位
S53.300x001 尺侧副韧带断裂
S63.000x011 下尺桡关节脱位
S72.000x041 股骨颈经颈骨折
S73.000 髋脱位
S82.010 开放性髌骨骨折
S82.212 开放性胫腓骨干骨折
S83.200x001 膝半月板撕裂
S83.200x006 膝外侧半月板撕裂
S83.201 膝内侧半月板损伤
S83.202 膝外侧半月板损伤
T84.000x012 人工股骨头置换术后假体松动
T84.002 髋关节假体松动
T84.003 髋关节假体障碍
T84.501 髋关节假体植入感染","77.6601 髌骨病损切除术
77.8600 髌骨部分骨切除术
79.7100 肩脱位闭合性复位术
79.7200 肘脱位闭合性复位术
79.7500 髋脱位闭合性复位术
79.8100x003 肩关节脱位切开复位内固定术
79.8100x006 肩锁关节脱位切开复位内固定术
79.8200x001 肘关节脱位切开复位内固定术
79.8900x001 尺桡关节脱位切开复位术
80.1201 关节镜肘关节游离体取出术
80.1600x001 膝关节切开引流术
80.1604 关节镜膝关节游离体取出术
80.1702 踝关节游离体去除术,经关节镜
80.4102 关节镜肩关节松解术
80.4202 关节镜肘关节松解术
80.4502 关节镜髋关节松解术
80.6x00x010 膝关节镜下外侧半月板切除术
80.6x00x011 膝关节镜下内侧半月板切除术
80.6x05 关节镜膝关节半月板切除术
80.6x06 关节镜膝关节半月板部分切除术
80.6x08 关节镜膝外侧半月板部分切除术
80.7101 关节镜肩关节滑膜切除术
80.7201 关节镜肘关节滑膜切除术
80.7601 关节镜膝关节滑膜切除术
80.7701 关节镜踝关节滑膜切除术
80.8101 肩关节病损切除术
80.8201 肘关节病损切除术
80.8202 关节镜肘关节病损切除术
80.8501 髋关节病损切除术
80.8502 关节镜髋关节病损切除术
80.8601 膝关节病损切除术
80.8602 关节镜膝关节病损切除术
80.8701 踝关节病损切除术
80.8702 关节镜踝关节病损切除术
84.1600 膝关节离断术",1.76,16976.35,,,9
310,JZ15,其他皮肤及乳腺疾病，不伴合并症或并发症,"B36.901 皮肤真菌感染
L03.003 甲沟炎
L03.102 急性下肢淋巴管炎
L08.910 足皮肤感染
L50.801 急性荨麻疹
L50.802 慢性荨麻疹
L50.900 荨麻疹
L68.900 多毛症
L72.000 表皮囊肿
L72.102 头颈皮脂腺囊肿
L72.103 躯干皮脂腺囊肿
L72.105 皮脂腺囊肿
L72.106 会阴皮脂腺囊肿
L72.900x002 皮下囊肿
L75.000 臭汗症
M35.600 复发性脂膜炎[韦伯-克里斯琴]
Q85.801 息肉-色素沉着-脱发-爪甲营养不良综合征
R21.x00x001 过敏性皮疹","/
17.912A0 电针治疗
17.91330 悬灸治疗
31.4201 喉镜检查
38.9302 颈内静脉穿刺中心静脉置管术
45.1300x004 胃-十二指肠镜检查
45.2302 电子结肠镜检查
54.0x00x004 腹壁脓肿切开引流术
83.0904 软组织切开引流术
86.0400x011 皮肤和皮下组织切开引流术",0.3,2910.08,,,5
311,FM23,经皮大血管常规手术，伴合并症或并发症,"I26.900x001 肺栓塞
I26.900x003 肺血栓栓塞症
I26.900x005 大面积肺血栓栓塞症
I26.900x010 急性肺栓塞
I26.900x015 急性肺血栓栓塞症
I26.902 慢性肺血栓栓塞症
I71.000x011 主动脉夹层A型
I71.000x021 主动脉夹层B型
I71.000x029 胸腹主动脉夹层
I71.004 腹主动脉夹层
I71.204 主动脉弓动脉瘤
I71.300 腹主动脉瘤破裂
I71.401 腹主动脉假性动脉瘤
I71.402 腹主动脉扩张
I71.902 降主动脉瘤
I72.300 髂动脉瘤伴夹层
I72.300x003 髂动脉夹层
I72.300x006 髂动脉瘤
I72.301 髂总动脉瘤
I74.001 腹主动脉栓塞
I74.006 腹主动脉闭塞
I77.800x022 胸主动脉溃疡
I77.800x024 胸腹主动脉溃疡
I77.802 腹主动脉溃疡
I77.803 主动脉溃疡
Q25.701 先天性肺动静脉瘘","39.7101 腹主动脉支架置入术
39.7102 腹主动脉覆膜支架腔内隔绝术
39.7300x003 主动脉覆膜支架腔内隔绝术
39.7301 胸主动脉支架置入术
39.7303 胸主动脉覆膜支架腔内隔绝术
39.7900x030 经皮肺动脉取栓术
39.7900x031 经皮腹主动脉取栓术
39.7900x517 肺动静脉瘘栓塞术
39.9000x037 肺动脉分支支架置入术",18.11,174431.19,,,13
312,BU15,神经系统肿瘤，不伴严重合并症或并发症,"C47.200x001 下肢周围神经和自主神经恶性肿瘤
C71.000 大脑(除外脑叶和脑室)恶性肿瘤
C71.000x004 岛叶恶性肿瘤
C71.002 丘脑恶性肿瘤
C71.100 额叶恶性肿瘤
C71.200 颞叶恶性肿瘤
C71.800x006 额颞岛叶恶性肿瘤
C71.801 额顶叶恶性肿瘤
C71.900 脑恶性肿瘤
C71.900x002 颅内恶性肿瘤
C71.900x006 颅底恶性肿瘤
C72.001 脊髓颈段恶性肿瘤
C75.300 松果体恶性肿瘤
C79.300x002 脑继发恶性肿瘤
C79.300x011 颅内继发恶性肿瘤
C79.301 脑膜继发恶性肿瘤
C79.304 顶叶继发恶性肿瘤
C79.306 颞叶继发恶性肿瘤
D17.700x026 椎管内脂肪瘤
D32.000x014 颅窝脑膜瘤
D32.000x019 桥脑脑膜瘤
D32.004 额叶脑膜瘤
D32.005 顶叶脑膜瘤
D32.006 大脑镰旁脑膜瘤
D32.016 鞍背脑膜瘤
D32.103 胸段脊膜瘤
D32.900x002 脑膜瘤
D33.004 额叶良性肿瘤
D33.007 颞叶良性肿瘤
D33.103 脑干良性肿瘤
D33.308 听神经良性肿瘤
D33.902 椎管内良性肿瘤
D35.201 鞍区良性肿瘤
D36.102 颈周围神经和自主神经良性肿瘤
D36.109 脊神经良性肿瘤
D43.003 脑室肿瘤
D43.007 额叶肿瘤
D43.013 颞叶肿瘤
D43.105 小脑肿瘤
D43.107 延髓肿瘤
D43.201 脑肿瘤
D43.401 脊髓肿瘤
D44.401 颅咽管肿瘤
D44.501 松果体肿瘤
D48.216 下肢周围神经肿瘤
D48.907+G13.0* 神经系统副肿瘤综合征
R90.000 颅内占位性病变
R90.806 脊髓占位性病变","/
01.1300x002 立体定向脑活检
03.3101 腰椎穿刺术
06.1101 超声引导下经皮甲状腺活组织检查术
38.9301 经外周静脉穿刺中心静脉置管术
38.9304 股静脉穿刺置管术
45.1300x004 胃-十二指肠镜检查
83.9502 超声引导下颈部软组织病损抽吸术",0.72,6904.77,,,7
313,LA21,膀胱肿瘤手术，伴严重合并症或并发症,"C67.000 膀胱三角区恶性肿瘤
C67.100 膀胱顶恶性肿瘤
C67.200 膀胱侧壁恶性肿瘤
C67.300 膀胱前壁恶性肿瘤
C67.400 膀胱后壁恶性肿瘤
C67.500 膀胱颈恶性肿瘤
C67.800 膀胱交搭跨越恶性肿瘤的损害
C67.900 膀胱恶性肿瘤
C67.900x002 膀胱多处恶性肿瘤
C79.101 膀胱继发恶性肿瘤","57.4900x001 经尿道膀胱病损电切术
57.4901 经尿道膀胱病损切除术
57.4904 经尿道膀胱部分切除术
57.5900x001 膀胱病损激光切除术
57.5906 膀胱病损电灼术
57.6x06 腹腔镜下膀胱部分切除术
57.7103 腹腔镜下膀胱根治切除术",2.03,19595.63,,,12
314,XS15,体征及症状，不伴合并症或并发症,"R11.x03 呕吐
R18.x00 腹水
R18.x00x005 腹腔积液
R19.001 腹部肿物
R19.002 盆腔肿物
R52.000 急性疼痛
R52.100 慢性顽固性疼痛
R52.200 慢性疼痛，其他的
R52.900 疼痛
R52.901 全身性疼痛
R53.x00x002 乏力
R60.001 下肢水肿
R60.100 全身性水肿
R60.900 水肿
R61.900 多汗症
R63.000 食欲缺乏
R64.x00x002 消瘦
R74.800x007 肌酸激酶增高
R74.900x001 血清肌酶异常
R76.802 免疫球蛋白升高
R77.800x002 PSA升高
R77.800x006 肿瘤标记物升高
R79.800x003 低血氧症","/
03.3101 腰椎穿刺术
03.9101 椎管内置管止痛术
17.912A0 电针治疗
29.1100x002 纤维鼻咽镜检查
44.1401 胃镜下活组织检查
45.1300x004 胃-十二指肠镜检查
45.1401 内镜下小肠活组织检查
45.1600x001 胃十二指肠镜下活检
45.2302 电子结肠镜检查
45.2401 乙状结肠镜检查
54.9101 腹腔穿刺引流术
54.9102 盆腔穿刺引流术
54.9105 腹腔穿刺术
60.1100x002 超声引导下前列腺穿刺活检
60.1101 经直肠前列腺穿剌活组织检查
86.0400x011 皮肤和皮下组织切开引流术
86.0601 输注泵置入术",0.4,3828.41,,,4
315,QS41,其他再生障碍性贫血，伴严重合并症或并发症,"D60.000x001 慢性后天性纯红细胞再生障碍性贫血
D60.100x001 短暂后天性纯红细胞再生障碍性贫血
D60.900x001 纯红细胞再生障碍性贫血
D61.101 化疗后骨髓抑制
D61.202 放疗后骨髓抑制
D61.900 再生障碍性贫血
D61.900x001 骨髓抑制
D61.902 慢性再生障碍性贫血
D61.903 全血细胞减少","/
17.91330 悬灸治疗
29.1100x002 纤维鼻咽镜检查
31.4200x003 纤维喉镜检查
31.4201 喉镜检查
41.3100 骨髓活组织检查
45.1300x004 胃-十二指肠镜检查
48.2401 直肠乙状结肠镜下直肠活组织检查
54.9101 腹腔穿刺引流术
99.0301 输血
99.0401 红细胞输入
99.0500 输入血小板
99.0902 间充质干细胞回输
99.8500x003 热疗(用于癌症)
99.9900x011 口服免疫抑制剂治疗",0.91,8723.86,,,7
316,BV35,头痛，不伴合并症或并发症,"G43.000 偏头痛不伴有先兆［普通偏头痛］
G43.100 偏头痛伴有先兆［典型偏头痛］
G43.100x006 有先兆急性发作的偏头痛
G43.105 家族性偏瘫性偏头痛
G43.106 散发性偏瘫性偏头痛
G43.300 复杂性偏头痛
G43.803 视网膜性偏头痛
G43.900 偏头痛
G44.000 丛集性头痛综合征
G44.000x002 发作性丛集性头痛
G44.001 慢性偏头痛
G44.004 神经性头痛
G44.005 神经血管性头痛
G44.100 血管性头痛，不可归类在他处者
G44.100x004 颈源性头痛[颈神经后支源性头痛]
G44.200 紧张型头痛
G44.207 慢性紧张型头痛
R51.x00 头痛
R51.x00x002 低颅压性头痛","/
03.3101 腰椎穿刺术
03.9102 脊神经根阻滞术
04.8101 周围神经阻滞术
06.1101 超声引导下经皮甲状腺活组织检查术
29.1100x002 纤维鼻咽镜检查
41.3100 骨髓活组织检查
44.1300x001 胃镜检查
45.1300x004 胃-十二指肠镜检查
45.2302 电子结肠镜检查
89.1900x001 视频脑电图监测",0.5,4850.98,,,6
317,GT13,炎症性肠病，伴合并症或并发症,"K50.000 小肠克罗恩病
K50.000x001 末端性回肠炎
K50.002 回肠克罗恩病
K50.900 克罗恩病
K51.200x001 溃疡性直肠炎
K51.800x001 溃疡性结肠炎伴出血
K51.900 溃疡性结肠炎
K51.901 溃疡性结肠炎，轻度
K51.902 溃疡性结肠炎，中度
K51.903 溃疡性结肠炎，重度
K52.104 药物性胃肠炎和结肠炎
K52.804 嗜酸细胞性胃肠炎","/
29.1100x002 纤维鼻咽镜检查
45.1300x004 胃-十二指肠镜检查
45.1600x001 胃十二指肠镜下活检
45.2302 电子结肠镜检查
45.2501 结肠镜下大肠活组织检查
48.2400x002 直肠活检
48.2401 直肠乙状结肠镜下直肠活组织检查
48.8101 直肠周围脓肿切开引流术",0.59,5655.82,,,6
318,RR13,急性白血病，伴一般合并症或并发症,"C91.000 急性淋巴细胞白血病
C91.004 慢性粒细胞性白血病，急淋变
C91.007 成人Ph+急性淋巴细胞白血病（ALL）
C92.000 急性髓细胞白血病
C92.000x017 急性髓系白血病，完全缓解
C92.001 急性髓细胞白血病，微分化型
C92.100x002 慢性粒细胞性白血病(急性变)
C92.100x017 慢性髓系白血病，急性发作
C92.400x011 急性早幼粒细胞白血病伴缓解(M3型)
C92.401 急性早幼粒细胞性白血病，完全缓解
C92.402 急性髓细胞白血病，M3型
C92.501 急性髓细胞白血病，M4型
C93.003 急性髓细胞白血病，M5型
C95.000 急性白血病
C95.005 急性混合型单系白血病
C95.700x001 高白细胞白血病","/
00.6800x001 肢体动脉血管内压力测量
03.3101 腰椎穿刺术
38.9100 动脉导管插入术
41.3100 骨髓活组织检查
41.3800x001 骨髓穿刺术
86.0701 静脉输液港植入术
86.1100 皮肤和皮下组织的活组织检查
99.0401 红细胞输入
99.0500 输入血小板
99.7200 治疗性白细胞去除术",2.2,21178.85,,,15
319,BY23,脊髓伤病及功能障碍，伴一般合并症或并发症,"E53.801+G32.0* 脊髓亚急性联合变性
G82.200 截瘫
G82.201 慢性不完全性截瘫
G82.203 急性不完全性截瘫
G82.204 高位截瘫
G82.500 四肢瘫痪
G82.501 急性四肢瘫
G83.100 下肢单瘫
G83.200 上肢单瘫
G83.900x002 瘫痪
G95.003 脊髓空洞症
G95.100x007 缺血性脊髓病
G95.100x008 缺血性脊髓血管病
G95.200 脊髓受压
G95.800x010 椎管内囊肿
G95.900 脊髓病
G95.900x003 椎管内占位性病变
G95.901 椎管内肿物
I77.002 硬脊膜动静脉瘘
S14.002 颈部脊髓震荡
S14.101 颈部脊髓损伤
S34.000x002 腰部脊髓震荡
S34.100x001 腰部脊髓损伤
T09.300 脊髓损伤","/
03.3101 腰椎穿刺术
17.91110 头针治疗
27.2300 唇活组织检查
29.1100x002 纤维鼻咽镜检查
45.1300x004 胃-十二指肠镜检查
45.2302 电子结肠镜检查
87.2102 脊髓造影",1.05,10157.44,,,15
320,FL33,经皮心脏消融术除房扑、房颤外其他心律失常，伴一般合并症或并发症,"I27.200x012 肺动脉高压
I27.200x018 疾病相关性肺动脉高压
I27.200x022 重度肺动脉高压
I42.100 梗阻性肥厚型心肌病
I45.600 预激综合征
I45.600x003 间歇性预激综合征
I45.600x004 A型预激综合征
I45.600x005 B型预激综合征
I45.600x007 心室预激
I47.100x004 房室结折返性心动过速
I47.100x005 房室折返性心动过速
I47.101 房性心动过速
I47.102 阵发性室上性心动过速
I47.104 阵发性房室折返性心动过速
I47.106 阵发性房室结内折返性心动过速
I47.108 阵发性房性心动过速
I47.200 室性心动过速
I47.200x003 右室室性心动过速
I47.201 阵发性室性心动过速
I49.100x001 房性期前收缩[房性早搏]
I49.300x002 室性期前收缩","37.3401 经导管心脏射频消融术
37.3404 经导管心脏化学消融术",4.42,42584.58,,,6
321,JS15,重大皮肤疾病，不伴合并症或并发症,"E11.603+L99.8* 2型糖尿病性皮肤病
L00.x00 葡萄球菌性烫伤样皮肤综合征
L02.300 臀部皮肤脓肿、疖和痈
L03.103 上肢蜂窝织炎
L03.105 臂蜂窝织炎
L03.106 手蜂窝织炎
L03.107 下肢蜂窝织炎
L03.108 腿蜂窝织炎
L03.109 足蜂窝织炎
L03.200 面部蜂窝织炎
L03.305 脐部蜂窝织炎
L03.306 会阴蜂窝织炎
L03.800 蜂窝织炎，其他部位的
L03.900 蜂窝织炎
L08.002 脓疱性皮疹
L08.805 腹壁感染性窦道
L08.900 皮肤和皮下组织的局部感染
L08.907 腹壁软组织感染
L08.911 足软组织感染
L10.000 寻常型天疱疮
L10.900 天疱疮
L12.000 大疱性类天疱疮
L12.900 类天疱疮
L30.204 自体过敏性皮炎
L40.001 斑块状银屑病
L40.100 全身脓疱性银屑病
L40.802 红皮病性银屑病
L51.100 大疱型多形性红斑
L51.200 中毒性表皮坏死松解症[莱尔]
L51.802 渗出性多形红斑
L51.900 多形性红斑
L52.x00 结节性红斑
L83.x00 黑棘皮病
L88.x00 坏疽性脓皮症
L89.301 骶尾区Ⅳ期压疮
L93.100 亚急性皮肤红斑狼疮
L94.000 局限性硬皮病[硬斑病]
L95.901 荨麻疹性血管炎
L97.x00 下肢溃疡，不可归类在他处者
L98.200 热性中性粒细胞皮肤病[斯威特]
L98.400 皮肤慢性溃疡，不可归类在他处者
M31.000x005 变应性皮肤血管炎
M34.000 进行性全身性硬皮病
Q82.802 良性家族性天疱疮","/
17.91330 悬灸治疗
18.1100 耳镜检查
24.0x02 牙龈切开引流术
29.1100x002 纤维鼻咽镜检查
31.4200x003 纤维喉镜检查
45.1300x004 胃-十二指肠镜检查
45.2302 电子结肠镜检查
54.0x00x001 骶部脓肿切开引流术
54.0x00x004 腹壁脓肿切开引流术
54.0x00x013 腹股沟脓肿切开引流术
54.2200x004 腹壁穿刺活检
86.0400x011 皮肤和皮下组织切开引流术
86.1100 皮肤和皮下组织的活组织检查
86.2701 甲床清创术
96.5300 鼻道冲洗术",0.43,4152.89,,,7
322,OF19,中期引产手术操作,"O04.901 中期人工流产
O35.800x003 胎儿畸形
O36.401 胎死宫内","69.0100x002 人工流产钳刮术
69.0200x003 流产后刮宫术
69.5901 电吸刮宫术
73.1x01 水囊引产
75.0x02 利凡诺羊膜腔内注射终止妊娠",0.46,4456.19,,,5
323,BL11,神经系统血管病溶栓治疗，伴严重合并症或并发症,"G00.900 细菌性脑膜炎
I60.900x004 脑实质出血继发蛛网膜下腔出血
I63.100 入脑前动脉栓塞引起的脑梗死
I63.201 颈内动脉狭窄脑梗死
I63.203 颈动脉狭窄脑梗死
I63.204 颈动脉闭塞脑梗死
I63.206 基底动脉狭窄脑梗死
I63.207 椎动脉闭塞脑梗死
I63.208 椎动脉狭窄脑梗死
I63.300 大脑动脉血栓形成引起的脑梗死
I63.402 大脑动脉栓塞引起脑梗死
I63.500 大脑动脉的闭塞或狭窄引起的脑梗死
I63.501 大脑动脉狭窄脑梗死
I63.502 大脑动脉闭塞脑梗死
I63.801 腔隙性脑梗死
I63.900 脑梗死
I63.901 脑干梗死
I63.904 小脑梗死
I63.905 多发性脑梗死
I63.906 基底节脑梗死
I63.907 丘脑梗死
I66.002 大脑中动脉闭塞","99.1005 脑动脉血栓溶解剂灌注
99.1008 脑动脉内溶栓术",2.17,20891.79,,,10
324,QT11,血栓与止血，伴严重合并症或并发症,"D65.x00x001 弥散性血管内凝血
D65.x01 后天性纤维蛋白原缺乏血症
D67.x01 血友病B型
D68.201 纤维蛋白原缺乏血症
D68.400x002 获得性维生素K依赖因子缺乏症
D68.601 抗心磷脂抗体综合征
D68.900x003 凝血功能异常
D68.900x006 低纤维蛋白原血症
D69.001 皮肤型过敏性紫癜
D69.002 关节型过敏性紫癜
D69.004 过敏性紫癜
D69.006 混合型过敏性紫癜
D69.008 变应性血管炎
D69.009 腹型过敏性紫癜
D69.203 紫癜
D69.300 特发性血小板减少性紫癜
D69.400x002 免疫性血小板减少
D69.403 原发性血小板减少症
D69.406 血小板减少性紫癜
D69.500 继发性血小板减少
D69.502 药物性血小板减少症
D69.600 血小板减少","/
17.91330 悬灸治疗
27.2300 唇活组织检查
33.2400x002 支气管镜下诊断性支气管肺泡灌洗[BAL]
41.3100 骨髓活组织检查
45.1300x004 胃-十二指肠镜检查
57.9400 留置导尿管的置入术
86.1100 皮肤和皮下组织的活组织检查
99.0301 输血
99.0500 输入血小板
99.0701 血浆输入
99.0901 人造血浆输入
99.7400 治疗性血小板去除术",0.87,8355.09,,,7
325,VS25,药物中毒或毒性反应，不伴合并症或并发症,"F19.000x002 多种药物和其他精神活性物质急性中毒
T39.000 水杨酸盐类中毒
T39.101 对乙酰氨基酚中毒
T42.101 卡马西平中毒
T42.400 苯二氮类中毒
T42.406 氯氮平中毒
T42.600 镇癫痫药和镇静催眠药中毒，其他的
T42.600x002 佐匹克隆中毒
T42.600x004 丙戊酸钠中毒
T43.201 抗抑郁药中毒
T43.500x002 富马酸喹硫平中毒
T43.500x003 碳酸锂中毒
T43.500x004 抗精神病药中毒
T43.800 对精神有影响的药物中毒，其他的,不可归类在他处者
T43.900 对精神有影响的药物中毒
T44.300 副交感神经抑制剂[抗胆碱能药和抗毒蕈碱药]和解痉药中毒，其他的，不可归类在他处者
T45.000x001 抗过敏药中毒
T45.001 止吐药中毒
T46.001 地高辛中毒
T46.100 钙通道阻滞剂中毒
T46.900x001 乌头碱中毒
T48.602 氨氯地平中毒
T49.201 局部去污剂中毒
T50.900 药物、药剂和生物制品中毒，其他和未特指的
T50.900x001 药物中毒
T52.800 毒性效应，其他有机溶剂的
T58.x00 一氧化碳的毒性效应
T60.001 有机磷中毒
T60.100 卤化杀虫剂的毒性效应
T60.300x001 除莠剂中毒
T60.401 杀鼠剂中毒
T60.900 杀虫剂的毒性效应
T60.900x002 农药中毒
T62.000x001 蘑菇类中毒
T62.001 食入毒蘑菇中毒
T62.200x003 植物类中毒
T62.800x002 亚硝酸盐中毒
T63.001 毒蛇咬伤
T63.300 蜘蛛毒液的毒性效应
T63.400x002 有毒昆虫咬伤
T63.401 蜂蜇伤","/
00.6800x001 肢体动脉血管内压力测量
38.9100 动脉导管插入术
38.9700x002 引导下中心静脉置管术
38.9800x001 动脉穿刺术
86.1100 皮肤和皮下组织的活组织检查
99.0901 人造血浆输入",0.24,2301.24,,,2
326,BY11,颅脑损伤，伴严重合并症或并发症,"S02.001 额骨骨折
S02.002 顶骨骨折
S02.100 颅底骨骨折
S02.101 枕骨骨折
S02.102 颞骨骨折
S02.900x002 颅骨骨折
S02.902 颅骨凹陷性骨折
S02.911 开放性颅骨骨折
S06.000 脑震荡
S06.200x011 弥散性大脑损伤伴出血
S06.200x081 多发性大脑挫裂伤
S06.202 脑挫伤
S06.300x011 局灶性大脑挫伤伴出血
S06.300x031 局灶性大脑挫伤伴血肿
S06.300x081 局灶性大脑挫裂伤
S06.300x082 局灶性小脑挫裂伤
S06.401 创伤性闭合性硬膜外血肿
S06.500 创伤性硬膜下出血
S06.500x002 创伤性硬脑膜下血肿
S06.500x004 急性创伤性硬脑膜下血肿
S06.500x006 亚急性创伤性硬脑膜下血肿
S06.501 创伤性急性硬膜下出血
S06.502 创伤性慢性硬膜下血肿
S06.600 创伤性蛛网膜下出血
S06.600x002 创伤性蛛网膜下腔血肿
S06.700x001 闭合性颅脑损伤轻型
S06.700x002 闭合性颅脑损伤中型
S06.700x003 闭合性颅脑损伤重型
S06.700x004 闭合性颅脑损伤特重型
S06.700x005 开放性颅脑损伤轻型
S06.700x006 开放性颅脑损伤中型
S06.700x007 开放性颅脑损伤重型
S06.700x008 开放性颅脑损伤特重型
S06.800x005 创伤性小脑挫伤
S06.802 创伤性脑出血
S06.804 创伤性颅内出血
S06.900 颅内损伤","/
03.3101 腰椎穿刺术
27.4300x011 唇部皮肤和皮下组织非切除性清创
29.1100x002 纤维鼻咽镜检查
34.9101 胸腔穿刺抽液术
38.9100 动脉导管插入术
41.3100 骨髓活组织检查
45.1300x004 胃-十二指肠镜检查
86.2800x012 皮肤和皮下组织非切除性清创
89.1900x001 视频脑电图监测
93.0800x002 肌电图
93.5300x001 石膏绷带固定
95.4300 听力评估
97.3803 眼部缝线去除
97.8904 缝线去除
99.6000 心肺复苏",1.3,12479.97,,,11
327,IS21,除前臂、腕、手足外的损伤，伴严重合并症或并发症,"M22.200x001 髌股关节病
M22.201 髌骨关节病
M23.303 内侧半月板损伤
M23.308 半月板损伤
M23.811 膝关节粘连
M24.401 复发性肩关节脱位
M94.001 肋骨软骨炎
S22.200 胸骨骨折
S22.300 肋骨骨折
S22.300x011 第一肋骨骨折
S22.400 肋骨多处骨折
S22.400x011 肋骨多发性骨折伴第一肋骨骨折
S22.400x021 两根肋骨骨折不伴第一肋骨骨折
S22.400x031 三根肋骨骨折不伴第一肋骨骨折
S22.400x041 四根以上肋骨骨折不伴第一肋骨骨折
S42.000 锁骨骨折
S42.000x021 锁骨干骨折
S42.000x031 锁骨肩峰端骨折
S42.100 肩胛骨骨折
S42.100x021 肩峰骨折
S42.100x042 肩关节盂骨折
S42.200x001 肱骨近端骨折
S42.200x041 肱骨大结节骨折
S42.202 肱骨外科颈骨折
S42.203 肱骨头骨折
S42.300 肱骨干骨折
S42.400x001 肱骨远端骨折
S42.400x041 肱骨内上髁骨折
S42.400x092 肱骨滑车骨折
S42.401 肱骨髁上骨折
S42.410 开放性肱骨下端骨折
S43.000 肩关节脱位
S43.100 肩锁关节脱位
S43.400x001 肩关节扭伤
S43.400x005 肩关节盂唇损伤
S46.002 肩袖损伤
S46.101 二头肌长头肌腱损伤
S46.800x002 冈上肌肌肉损伤
S46.800x003 冈上肌肌腱损伤
S52.000x001 肘关节骨折
S52.001 鹰嘴骨折
S73.101 髋扭伤
S79.902 髋周软组织损伤
S81.901 小腿撕脱伤
S82.000 髌骨骨折
S82.100x012 胫骨平台伴腓骨骨折
S82.100x081 胫骨近端骨折
S82.100x084 胫骨髁骨折
S82.100x085 胫骨髁间棘骨折
S82.100x087 胫骨平台骨折
S82.100x088 胫骨平台伴髁间骨折
S82.100x089 胫骨结节骨折
S82.101 闭合性胫骨平台骨折
S82.200x011 胫骨干骨折伴腓骨骨折
S82.201 胫腓骨干骨折
S82.300x011 胫骨远端骨折伴腓骨骨折
S82.300x081 胫骨远端骨折
S82.301 胫腓骨下端骨折
S82.310 开放性胫骨下端骨折
S82.311 开放性胫腓骨下端骨折
S82.400x001 腓骨骨折
S82.400x011 腓骨近端骨折
S82.400x012 腓骨头骨折
S82.411 开放性腓骨干骨折
S82.500 内踝骨折
S82.501 胫骨骨折累及踝关节
S82.600 外踝骨折
S82.601 腓骨骨折累及踝关节
S82.800x081 踝骨骨折
S82.800x082 踝关节骨折
S82.801 三踝骨折
S82.802 双踝骨折
S83.100 膝关节脱位
S83.101 膝关节半脱位
S83.200x001 膝半月板撕裂
S83.200x005 膝内侧半月板撕裂
S83.202 膝外侧半月板损伤
S83.400x003 膝关节副韧带损伤
S83.400x012 膝关节外侧副韧带损伤
S83.400x022 膝关节内侧副韧带损伤
S83.500x003 膝关节十字韧带损伤
S83.500x012 膝关节前十字韧带损伤
S83.500x031 膝关节前十字韧带部分断裂
S83.500x032 膝关节前十字韧带完全断裂
S83.600x002 膝关节损伤
S83.601 膝关节扭伤
S83.700x006 膝关节多处韧带损伤
S86.300x004 腓肠肌断裂
S92.100 距骨骨折
S93.200x004 踝距腓前韧带断裂
S93.400x002 踝关节损伤
S93.400x012 踝三角韧带损伤
S93.401 踝关节扭伤
T13.001 下肢血肿
T13.501 下肢肌肉损伤","/
17.912A0 电针治疗
17.91330 悬灸治疗
29.1100x002 纤维鼻咽镜检查
34.0401 胸腔闭式引流术
34.9103 超声引导下胸腔穿刺术
45.1300x004 胃-十二指肠镜检查
86.2800x012 皮肤和皮下组织非切除性清创
93.4407 跟骨牵引术
93.5300x001 石膏绷带固定
93.5401 石膏夹板固定
93.5402 石膏托固定术
93.5403 肢体夹板固定术",0.74,7096.62,,,9
328,QQY,歧义组(MDCQ),"D18.100x006 淋巴管瘤
D50.900 缺铁性贫血
D53.100 巨幼细胞性贫血，其他的，不可归类在他处者
D59.101 自身免疫性溶血性贫血
D59.301 非典型溶血性尿毒症
D61.101 化疗后骨髓抑制
D64.902 中度贫血
D64.903 重度贫血
D66.x01 血友病A型
D69.004 过敏性紫癜
D69.006 混合型过敏性紫癜
D69.403 原发性血小板减少症
D69.406 血小板减少性紫癜
D69.600 血小板减少
D70.x03 科斯特曼病
D72.802 白细胞增多症
D76.200 噬红细胞综合征，与感染有关的
D76.303 窦性组织细胞增生伴巨大淋巴结病
I88.900x005 颈淋巴结炎
L04.900x002 坏死性淋巴结炎
M32.111+D77* 狼疮性血液系统损害
N18.500x001+D63.8* 慢性肾脏病5期相关性贫血","21.0100 控制鼻出血，用前鼻孔填塞
39.9500x004 血浆置换
39.9600x003 血液灌流
43.4105 内镜下胃息肉切除术
45.4302 内镜下结肠病损切除术
45.4307 内镜下结肠黏膜切除术(EMR)
48.3600x004 内镜下直肠黏膜切除术(EMR)
48.3601 直肠息肉切除术
59.8x03 经尿道输尿管支架置入术
67.6100 子宫颈裂伤缝合术
69.0201 人工流产后刮宫术
81.9201 关节治疗性物质注射
83.3904 颈部软组织病损切除术
85.2300x001 乳腺局部扩大切除术
86.0500x008 皮下植入装置取出术
86.3x13 颈部皮下组织病损切除术
88.6600x002 下肢静脉造影
96.0400 气管内插管
99.2503 静脉注射化疗药物
99.2800x005 静脉注射抗肿瘤免疫制剂治疗",/,/,,,/
329,BT15,病毒性脑、脊髓和脑膜炎，不伴合并症或并发症,"A86.x00 病毒性脑炎
A86.x01 病毒性脑脊髓炎
A86.x02 病毒性脑膜脑炎
A87.900 病毒性脑膜炎
B00.300+G02.0* 疱疹病毒性脑膜炎
B00.401+G05.1* 疱疹病毒性脑膜脑炎
G04.001 急性播散性脑脊髓炎
G04.909 急性脊髓炎","/
00.6800 周围动脉的血管内压力测量
03.3101 腰椎穿刺术
04.8101 周围神经阻滞术
29.1100x002 纤维鼻咽镜检查
33.2403 纤维支气管镜检查伴肺泡灌洗术
38.9100 动脉导管插入术
57.9400 留置导尿管的置入术",0.87,8390.41,,,11
330,DU15,头、颈、外耳、口鼻的创伤及变形，不伴严重合并症或并发症,"J34.200 鼻中隔偏曲
S00.000x053 头皮血肿机化
S00.001 头皮挫伤
S00.004 头皮血肿
S00.700 头部多处浅表损伤
S00.801 面部软组织挫伤
S00.802 面部擦伤
S00.803 面部挫伤
S01.001 头皮裂伤
S01.300x012 耳廓开放性损伤
S01.301 开放性外耳道损伤
S01.506 唇裂伤
S01.802 面部裂伤
S02.200 鼻骨骨折
S02.400x003 上颌骨骨折
S02.400x005 上颌窦骨折
S02.401 颧骨骨折
S08.000 头皮撕脱
S09.900 头部的损伤
S10.901 颈部挫伤
S13.403 寰枢关节扭伤
S13.601 颈部扭伤
S19.900 颈部损伤","/
18.2900x017 耳廓皮肤和皮下组织非切除性清创
29.1100x002 纤维鼻咽镜检查
31.4200x003 纤维喉镜检查
38.9100 动脉导管插入术
93.4201 颈椎牵引术",0.37,3517.01,,,5
331,BB35,伴肿瘤诊断的颅脑手术，不伴严重合并症或并发症,"C71.003 胼胝体恶性肿瘤
C71.100 额叶恶性肿瘤
C71.200 颞叶恶性肿瘤
C71.300 顶叶恶性肿瘤
C71.500x003 侧脑室恶性肿瘤
C71.600 小脑恶性肿瘤
C71.800x006 额颞岛叶恶性肿瘤
C71.801 额顶叶恶性肿瘤
C71.802 额颞顶叶恶性肿瘤
C71.804 顶颞叶恶性肿瘤
C71.809 脑桥小脑角恶性肿瘤
C71.900x002 颅内恶性肿瘤
C71.900x006 颅底恶性肿瘤
C79.300x002 脑继发恶性肿瘤
C79.300x011 颅内继发恶性肿瘤
C79.300x029 小脑幕下继发恶性肿瘤
C79.303 额叶继发恶性肿瘤
C79.304 顶叶继发恶性肿瘤
C79.305 枕叶继发恶性肿瘤
C79.306 颞叶继发恶性肿瘤
C79.309 小脑继发恶性肿瘤
D18.000x026 脑干血管瘤
D18.000x028 颅内血管瘤
D32.000x004 大脑镰脑膜瘤
D32.000x014 颅窝脑膜瘤
D32.000x024 小脑脑膜瘤
D32.000x026 岩骨脑膜瘤
D32.000x028 枕叶脑膜瘤
D32.000x038 颅底脑膜瘤
D32.001 蝶骨嵴脑膜瘤
D32.002 颅中窝脑膜瘤
D32.004 额叶脑膜瘤
D32.005 顶叶脑膜瘤
D32.006 大脑镰旁脑膜瘤
D32.009 中央区脑膜瘤
D32.011 颞叶脑膜瘤
D32.018 小脑幕脑膜瘤
D32.019 小脑脑桥角脑膜瘤
D32.900x002 脑膜瘤
D33.000x003 脑室良性肿瘤
D33.004 额叶良性肿瘤
D33.100x005 小脑幕下良性肿瘤
D33.101 小脑良性肿瘤
D33.202 颅底良性肿瘤
D33.308 听神经良性肿瘤
D35.300 颅咽管良性肿瘤
D44.401 颅咽管肿瘤
D48.003 颅骨肿瘤","01.3900x009 脑内血肿清除术
01.5900x030 中颅窝病损切除术
01.5900x038 大脑深部病损切除术
01.5900x041 额颞岛叶病损切除术
01.5900x043 小脑病损切除术
01.5900x044 小脑桥脑角病损切除术
01.5900x048 岩斜区病损切除术
01.5900x050 神经内镜下脑室病损切除术
01.5918 颅底病损切除术
01.5920 脑干病损切除术
01.5931 内镜下颅底病损切除术
01.5936 神经导航下颅内病灶切除术
01.5940 枕叶病损切除术
01.6x00 颅骨病损的切除术
04.0101 经乙状窦后入路听神经瘤切除术",6.99,67320.84,,,13
332,BV33,头痛，伴合并症或并发症,"G43.000 偏头痛不伴有先兆［普通偏头痛］
G43.100 偏头痛伴有先兆［典型偏头痛］
G43.100x006 有先兆急性发作的偏头痛
G43.105 家族性偏瘫性偏头痛
G43.106 散发性偏瘫性偏头痛
G43.300 复杂性偏头痛
G43.803 视网膜性偏头痛
G43.900 偏头痛
G44.000 丛集性头痛综合征
G44.000x002 发作性丛集性头痛
G44.001 慢性偏头痛
G44.004 神经性头痛
G44.005 神经血管性头痛
G44.100 血管性头痛，不可归类在他处者
G44.100x004 颈源性头痛[颈神经后支源性头痛]
G44.200 紧张型头痛
G44.207 慢性紧张型头痛
R51.x00 头痛
R51.x00x002 低颅压性头痛","/
03.3101 腰椎穿刺术
03.9102 脊神经根阻滞术
04.8101 周围神经阻滞术
06.1101 超声引导下经皮甲状腺活组织检查术
29.1100x002 纤维鼻咽镜检查
41.3100 骨髓活组织检查
44.1300x001 胃镜检查
45.1300x004 胃-十二指肠镜检查
45.2302 电子结肠镜检查
89.1900x001 视频脑电图监测",0.63,6057.81,,,6
333,EC15,纵隔、气管、胸壁大手术，不伴严重合并症或并发症,"B44.102+J17.2* 曲霉菌性肺炎
C34.000 主支气管恶性肿瘤
C34.300x004 右肺下叶恶性肿瘤
C37.x00 胸腺恶性肿瘤
C38.300 纵隔恶性肿瘤
C78.100 纵隔继发性恶性肿瘤
C78.200 胸膜继发性恶性肿瘤
C79.800x809 胸壁继发恶性肿瘤
D15.000 胸腺良性肿瘤
D15.200 纵隔良性肿瘤
D15.200x001 后纵隔良性肿瘤
D17.400x001 纵隔脂肪瘤
D17.400x005 胸腺脂肪瘤
D18.000x814 纵隔血管瘤
D38.105 支气管肿瘤
D38.301 纵隔肿瘤
D38.400x001 胸腺交界性肿瘤
D38.401 胸腺肿瘤
D48.115 胸壁结缔组织动态未定肿瘤
E32.001 胸腺增生
E32.801 胸腺囊肿
J98.101 肺不张
J98.505 纵隔囊肿
J98.507 纵隔肿物
Q67.600 漏斗胸","07.8100 胸腺部分切除术
07.8101 胸腺病损切除术
07.8201 胸腺扩大切除术
07.8300x002 胸腔镜下胸腺病损切除术
07.8400 胸腔镜下胸腺全部切除术
07.8401 胸腔镜下胸腺扩大切除术
31.5x04 内镜下气管病损切除术
34.3x02 纵隔病损切除术
34.3x04 胸腔镜下纵隔病损切除术
34.4x01 胸壁病损切除术
34.5904 胸腔镜下胸膜病损切除术
34.7402 胸腔镜下漏斗胸矫正术",2.81,27056.72,,,9
334,LJ11,泌尿系统其他手术，伴严重合并症或并发症,"C67.900 膀胱恶性肿瘤
N02.801 IgA肾病
N03.900 慢性肾炎综合征
N04.900 肾病综合征
N05.201 膜性肾病
N05.301 系膜增生性肾小球肾炎
N13.100x001 肾积水伴输尿管狭窄
N13.201 肾积水伴肾结石
N13.203 肾积水伴肾输尿管结石
N13.301 肾积水
N13.504 输尿管狭窄
N13.600 肾积脓
N13.601 肾结石伴有积水和感染
N13.602 输尿管结石伴有积水和感染
N13.603 肾输尿管结石伴有积水和感染
N18.200 慢性肾脏病2期
N18.300 慢性肾脏病3期
N18.400 慢性肾脏病4期
N18.500 慢性肾脏病5期
N20.100 输尿管结石
N28.101 单纯性肾囊肿
N35.900 尿道狭窄
N39.000 泌尿道感染
Q61.300 多囊肾
R33.x00 尿潴留
S37.300 尿道损伤
T83.002 肾造瘘管移位","55.9201 肾穿刺引流术
55.9203 肾穿刺术
55.9601 肾囊肿硬化剂注射术
57.1101 膀胱穿刺术
57.1700x001 超声引导下耻骨上膀胱造口导尿管插入术
57.1701 经皮耻骨上膀胱造口导尿管插入术
59.0301 腹腔镜下输尿管狭窄松解术
59.0302 腹腔镜下肾周粘连松解术
98.5101 肾体外冲击波碎石术
98.5103 输尿管体外冲击波碎石术
98.5104 肾盂体外冲击波碎石术",0.58,5615.17,,,6
335,RU11,恶性及增生性疾病的其他治疗，伴严重合并症或并发症,"Z51.002 恶性肿瘤术后放射治疗
Z51.003 恶性肿瘤放射治疗
Z51.101 手术前恶性肿瘤化学治疗
Z51.102 手术后恶性肿瘤化学治疗
Z51.103 恶性肿瘤维持性化学治疗
Z51.104 姑息性化疗
Z51.200x008 化学治疗
Z51.800x092 恶性肿瘤介入治疗
Z51.800x094 恶性肿瘤内分泌治疗
Z51.800x095 恶性肿瘤免疫治疗
Z51.800x951 恶性肿瘤术前免疫治疗
Z51.801 恶性肿瘤靶向治疗
Z51.804 肿瘤内分泌治疗
Z51.807 恶性肿瘤术后靶向治疗
Z51.810 肿瘤免疫治疗","/
03.3101 腰椎穿刺术
29.1100x002 纤维鼻咽镜检查
33.2400x001 支气管镜下支气管活检
33.2400x002 支气管镜下诊断性支气管肺泡灌洗[BAL]
33.2600x002 经皮针吸肺活检
34.0401 胸腔闭式引流术
34.9101 胸腔穿刺抽液术
34.9104 CT引导下胸腔穿刺术
38.9100 动脉导管插入术
38.9100x601 肝动脉插管术
38.9304 股静脉穿刺置管术
39.9200 静脉注射硬化药
41.3100 骨髓活组织检查
42.2300x001 食管镜检查
42.2400x001 食管镜下活检
44.1401 胃镜下活组织检查
45.1300x004 胃-十二指肠镜检查
45.2301 可曲性光学纤维结肠镜检查
45.2302 电子结肠镜检查
49.0100x004 肛周脓肿切开引流术
54.9100x002 经腹盆腔穿刺引流术
54.9101 腹腔穿刺引流术
77.4904 椎骨活组织检查
86.0701 静脉输液港植入术
86.1100 皮肤和皮下组织的活组织检查
92.1800x002 PET-CT扫描
99.7400 治疗性血小板去除术
99.8500x003 热疗(用于癌症)
99.9900x011 口服免疫抑制剂治疗",0.75,7264.83,,,6
336,XT33,其他影响健康状态的因素，伴合并症或并发症,"B90.902 陈旧性肺结核
B94.801 带状疱疹后遗症
R59.901 淋巴结反应性增生
Z12.901 肿瘤的基因筛查
Z30.503 取除子宫内节育器
Z51.400x001 自体外周血干细胞动员
Z51.400x002 随后治疗的准备医疗
Z51.401 造血干细胞动员
Z51.800 医疗照顾，其他特指的
Z54.000 手术后恢复期
Z54.000x010 开放性外伤术后恢复期
Z54.000x022 骨折术后恢复期
Z57.504 接触汞","/
04.8101 周围神经阻滞术
29.1100x002 纤维鼻咽镜检查
33.2600x002 经皮针吸肺活检
38.9304 股静脉穿刺置管术
40.1101 颈淋巴结活组织检查
41.3100 骨髓活组织检查
69.0902 宫腔镜诊断性刮宫术
83.9502 超声引导下颈部软组织病损抽吸术
97.7101 子宫内避孕器取出术
97.7102 宫腔镜子宫内避孕器取出术
99.7901 干细胞采集",0.71,6857.58,,,6
337,GF11,特殊类型疝手术，伴严重合并症或并发症,"K43.500 造口旁疝，不伴梗阻和坏疽
K44.000x001 膈疝伴梗阻
K44.900x001 膈疝
K44.901 食管裂孔疝
K45.002 嵌顿性闭孔疝
K46.000x002 腹内疝伴肠梗阻","53.7100 腹腔镜腹入路横隔疝修补术
53.7100x001 腹腔镜下食管裂孔疝补片修补术
53.7101 腹腔镜经腹食管裂孔疝修补术
53.7201 经腹膈疝修补术
53.8001 经胸食管裂孔疝修补术
53.9x00x015 造口旁疝修补术
53.9x00x019 腹内疝松解还纳术
53.9x00x020 腹腔镜下闭孔疝修补术
53.9x00x021 腹腔镜下闭孔疝无张力修补术",3.51,33772.43,,,11
338,GJ15,消化系统其他手术，不伴合并症或并发症,"A09.004 感染性腹泻
A18.300x009+K93.0* 腹腔结核
A18.314+K67.3* 结核性腹膜炎
C15.100 胸部食管恶性肿瘤
C16.200 胃体恶性肿瘤
C16.900 胃恶性肿瘤
C17.900 小肠恶性肿瘤
C18.100 阑尾恶性肿瘤
C19.x00 直肠乙状结肠连接处恶性肿瘤
C20.x00 直肠恶性肿瘤
C26.901 胃肠道恶性肿瘤
C76.200 腹部恶性肿瘤
C76.304 腹股沟恶性肿瘤
C78.602 大网膜继发恶性肿瘤
C79.800x834 腹股沟继发恶性肿瘤
C79.809 腹腔继发恶性肿瘤
D01.405 十二指肠原位癌
D17.500x005 盆腔脂肪瘤
D18.000x859 腹股沟血管瘤
D36.707 腹腔良性肿瘤
D36.708 腹股沟良性肿瘤
D37.101 胃肿瘤
D48.714 腹腔肿瘤
K26.401 十二指肠球部溃疡伴出血
K27.503 上消化道穿孔
K28.500 慢性胃空肠溃疡伴有穿孔
K29.500 慢性胃炎
K29.800 十二指肠炎
K31.501 十二指肠狭窄
K31.814 胃穿孔
K40.307 单侧嵌顿性腹股沟疝伴梗阻
K40.906 复发性腹股沟疝
K46.000 腹疝，伴有梗阻，不伴有坏疽
K55.013 大网膜坏死
K56.700 肠梗阻
K62.600x002 直肠溃疡
K63.102 回肠穿孔
K63.103 结肠穿孔
K63.108 小肠穿孔
K63.200 肠瘘
K63.900x003 肠系膜肿物
K65.002 急性化脓性腹膜炎
K65.005 腹腔脓肿
K65.903 腹腔感染
K65.905 大网膜炎
K66.100 腹腔积血
K66.802 肠系膜囊肿
K66.807 腹腔囊肿
K66.809 腹膜肉芽肿
K92.210 消化道出血
S36.802 肠系膜裂伤
T18.200 胃内异物","39.9800x001 伤口止血术
44.1101 经腹胃镜检查(手术中)
51.8201 十二指肠乳头肌切开术
54.1101 腹腔镜中转剖腹探查术
54.1900x005 腹腔镜下腹腔积血清除术
54.2100 腹腔镜检查
54.2200x003 腹腔镜下腹壁活检术
54.2300x005 腹腔镜下腹膜活组织检查
54.3x02 腹腔镜下腹壁病损切除术
54.3x03 腹股沟病损切除术
54.3x06 腹壁清创术
54.4x11 腹腔镜下腹膜病损切除术
54.4x12 腹腔镜下网膜病损切除术
54.4x13 腹腔镜下肠系膜病损切除术
54.7500x002 肠系膜修补术
54.9202 腹腔镜下腹腔异物取出术
54.9900x010 腹腔镜下盆腔病损切除术
54.9902 腹腔病损切除术
54.9904 腹腔镜下腹腔病损切除术
96.2200x002 内镜下直肠支架植入术",1.49,14383.33,,,7
339,JJ13,皮肤、皮下组织的其他手术，伴一般合并症或并发症,"C43.600x002 手指恶性黑色素瘤
C43.702 大腿恶性黑色素瘤
C43.707 足部恶性黑色素瘤
C44.500 躯干皮肤恶性肿瘤
C44.504 背部皮肤恶性肿瘤
C44.506 臀部皮肤恶性肿瘤
C44.606 手皮肤恶性肿瘤
C44.700 下肢(包括髋)皮肤恶性肿瘤
C50.900 乳房恶性肿瘤
D04.600x001 上肢皮肤原位癌
D17.000x004 肩部脂肪瘤
D17.100x001 躯干脂肪瘤
D17.100x003 胸壁脂肪瘤
D17.200x001 肢体脂肪瘤
D17.200x002 上肢脂肪瘤
D17.200x003 手脂肪瘤
D17.200x004 下肢脂肪瘤
D17.200x005 足脂肪瘤
D17.300x005 皮下脂肪瘤
D17.500x011 腹壁脂肪瘤
D17.900x001 多发性脂肪瘤
D18.000x018 肢端血管瘤
D18.000x847 臀血管瘤
D18.000x849 腋下血管瘤
D18.000x850 背血管瘤
D18.005 躯干部血管瘤
D18.006 肢体血管瘤
D22.500 躯干黑素细胞痣
D22.502 背黑素细胞痣
D22.508 肛周黑素细胞痣
D22.511 臀黑素细胞痣
D22.600 上肢(包括肩)黑素细胞痣
D22.700 下肢(包括髋)黑素细胞痣
D22.701 足黑素细胞痣
D23.500 躯干皮肤良性肿瘤
D23.500x003 肛门皮肤良性肿瘤
D23.500x006 胸部皮肤良性肿瘤
D23.501 背部皮肤良性肿瘤
D23.503 肛周皮肤良性肿瘤
D23.504 腹壁良性肿瘤
D23.600x001 上肢皮肤良性肿瘤
D23.700x001 下肢皮肤良性肿瘤
D23.700x002 下肢端皮肤良性肿瘤
D36.700x009 腋窝良性肿瘤
D48.503 头颈部皮肤肿瘤
D48.505 躯干皮肤肿瘤
D48.515 上肢皮肤肿瘤
D48.517 下肢皮肤肿瘤
L02.200x010 胸壁脓肿
L02.300 臀部皮肤脓肿、疖和痈
L02.402 下肢皮肤脓肿、疖和痈
L02.902 皮肤脓肿
L05.000 藏毛囊肿伴有脓肿
L05.900 藏毛囊肿不伴有脓肿
L08.801 皮肤感染性窦道
L08.805 腹壁感染性窦道
L27.005 药物性皮炎
L30.901 泛发性湿疹
L57.000 光线性角化病
L72.000 表皮囊肿
L72.100 毛根鞘囊肿
L72.101 面部皮脂腺囊肿
L72.102 头颈皮脂腺囊肿
L72.103 躯干皮脂腺囊肿
L72.104 四肢皮脂腺囊肿
L72.105 皮脂腺囊肿
L72.106 会阴皮脂腺囊肿
L72.900x001 耳后囊肿
L72.900x002 皮下囊肿
L72.901 头颈部囊肿
L72.903 躯干囊肿
L72.904 腹股沟区皮肤囊肿
L72.905 四肢囊肿
L73.200 化脓性汗腺炎
L75.000 臭汗症
L81.405 雀斑痣
L82.x00 脂溢性角化病
L85.801 角化棘皮瘤
L85.803 皮角
L85.900x001 皮脂腺痣
L90.500x006 头皮瘢痕
L90.500x029 耳部瘢痕
L90.500x030 耳垂瘢痕
L90.500x031 上肢瘢痕
L90.500x048 手部瘢痕
L90.900 皮肤萎缩性疾患
L91.002 瘤样瘢痕
L91.801 皮肤赘生物
L92.200 面部肉芽肿[皮肤嗜酸细胞肉芽肿]
L94.200 皮肤钙质沉着症
L98.000 生脓性肉芽肿
L98.800x015 粟丘疹
L98.802 皮肤窦道
Q82.507 疣状表皮痣
R22.002 头皮肿物
R22.003 鼻部肿物
R22.005 面部肿物
R22.006 耳部肿物
R22.100x001 颈部肿物
R22.200x002 躯干肿物
R22.202 胸壁肿物
R22.203 腹壁肿物
R22.204 腹股沟肿物
R22.205 背部肿物
R22.206 骶尾部肿物
R22.207 臀部肿物
R22.300x002 手肿物
R22.302 肩部肿物
R22.400x002 下肢肿物
R22.400x003 足肿物
R22.902 皮下肿物
R22.903 皮肤肿物
S30.101 创伤性髂部血肿
S30.102 创伤性髂腰肌血肿
S30.700 腹部、下背和骨盆多处浅表损伤
S30.801 腹壁浅表异物
S31.001 创伤性会阴裂伤
S70.800x042 股部浅表异物
S80.800x042 膝部浅表异物
S80.901 膝部血肿
S90.800x043 足部浅表异物
T14.003 皮下血肿","18.2900x003 耳廓病损切除术
18.2900x009 外耳道病损切除术
18.2901 外耳病损切除术
20.5100x002 耳后病损切除术
21.3201 鼻部皮肤病损切除术
27.4301 唇病损切除术
34.4x01 胸壁病损切除术
38.6000x011 躯干部血管瘤切除术
38.6302 上肢血管病损切除术
49.0400x009 肛周病损切除术
54.0x00x021 腹膜外血肿清除术
54.0x03 腹壁异物取出术
54.3x00x004 腹壁窦道扩创术
54.3x00x027 脐病损切除术
54.3x01 腹壁病损切除术
54.3x03 腹股沟病损切除术
54.4x00x012 骶尾部病损切除术
54.4x00x047 腰骶病损切除术
71.0900x004 外阴血肿清除术
71.3x01 会阴病损切除术
71.7102 会阴裂伤缝合术
82.2900x001 手部软组织病损切除术
83.3900x017 软组织病损切除术
86.0100x002 皮肤和皮下组织脓肿抽吸术
86.0100x003 皮肤和皮下组织血肿抽吸术
86.0302 藏毛囊肿切开术
86.0502 皮肤和皮下组织异物切开取出术
86.0900x010 皮肤和皮下组织切开减压术
86.0902 皮肤窦道切开术
86.2102 藏毛窦切除术
86.3x02 皮肤病损切除术
86.3x03 皮下组织病损切除术
86.3x04 男性会阴病损切除术
86.3x05 腋嗅切除术
86.3x08 汗腺病损切除术
86.3x10x038 腋下汗腺切除术
86.3x13 颈部皮下组织病损切除术
86.3x14 皮肤色素痣切除术
86.3x15 皮肤及皮下血管瘤切除术
86.4x01 头.面.颈皮肤病损根治切除术
86.4x02 躯干皮肤病损根治性切除术
86.4x03 肢体皮肤病损根治切除术
86.8401 皮肤瘢痕松解术
86.9900 皮肤和皮下组织的其他手术",0.65,6308.07,,,6
340,CD30,"除眼眶外的外眼手术,年龄≤12岁","C44.100x002 眼睑恶性肿瘤
H02.000 睑内翻和倒睫
H02.003 睑内翻
H02.100 睑外翻
H02.103 老年性睑外翻
H02.300 眼睑皮肤松弛症
H02.400 上睑下垂
H02.812 眼睑囊肿
H02.813 眼睑新生物
H02.901 眼睑肿物
H04.300x004 泪囊炎
H04.300x005 泪小管炎
H04.303 泪囊脓肿
H04.305 急性泪小管炎
H04.401 慢性泪囊炎
H04.402 慢性泪小管炎
H04.500x004 泪道狭窄
H04.506 泪小点狭窄
H04.509 泪道阻塞
H04.801 泪小管断裂
H05.901 眼眶肿物
H11.000 翼状胬肉
H11.901 结膜肿物
H16.205 暴露性角膜炎
H26.200 并发性白内障
Q10.000 先天性上睑下垂
S01.101 眼睑裂伤
S02.801 眶骨骨折
S05.102 创伤性前房积血
S05.810 泪小管裂伤
T15.101 眼睑异物","08.0903 眼睑粘连松解术
08.0904 眼睑切开异物取出术
08.2000x006 眼睑病损切除术
08.2300x001 眼睑病损板层切除术
08.2500 眼睑病损破坏术
08.3101 上睑下垂额肌瓣悬吊术
08.3200x003 上睑下垂额肌悬吊术
08.3300x001 上睑下垂提上睑肌缩短术
08.3400x001 上睑下垂上直肌提吊术
08.3500 上睑下垂修补术，用睑板法
08.4401 睑内翻矫正伴睑重建术
08.4402 睑外翻矫正伴睑重建术
08.4901 睑外翻矫正术
08.5900x004 内眦成形术
08.6100x004 游离皮瓣移植眼睑重建术
08.7100x001 眼睑非全层伴睑缘重建术
08.7200x001 眼睑板层重建术
08.7300x001 眼睑全层伴睑缘重建术
08.8101 眼睑裂伤缝合术
08.8200x001 眼睑非全层的眼睑裂伤及修补术
08.8400x001 眼睑全层及睑缘裂伤修补术
08.8900x007 眼睑赘皮切除术
08.8902 重睑术
08.9100x001 睫毛电解术
09.4100 泪点探通术
09.4200 泪小管探通术
09.4300 鼻泪管探通术
09.5200 泪小管切开术
09.6x01 泪囊切除术
09.6x04 泪小管切除术
09.7300x004 泪道重建术
09.7301 泪小管吻合术",0.52,5013.94,,,1
341,HZ29,胆道其他疾病,"D37.601 肝肿瘤
D37.603 胆囊肿瘤
D37.605 胆管肿瘤
K80.101 胆囊结石伴慢性胆囊炎
K80.403 胆管结石伴慢性胆囊炎
K81.100 慢性胆囊炎
K82.400 胆囊胆固醇沉着症
K82.800x002 胆囊出血
K82.803 胆囊腺肌症
K82.900x002 胆囊肿物
K83.006 慢性胆管炎
K83.107 胆总管狭窄
K83.502 胆总管囊肿
K83.800x022 肝内胆管积气
K83.817 胆总管扩张
K83.901 胆管肿物
K83.902 胆总管肿物
K91.500 胆囊切除术后综合征
K91.800x403 胆道吻合口狭窄
K91.807 胆漏
R93.205 胆管占位性病变","/
17.91330 悬灸治疗
45.1300x004 胃-十二指肠镜检查
45.2302 电子结肠镜检查
52.1900x001 超声内镜下胰腺检查
54.9101 腹腔穿刺引流术",0.71,6844.4,,,4
342,KZ13,其他代谢疾病，伴一般合并症或并发症,"E10.501+I79.2* 1型糖尿病性周围血管病变
E11.500x043 2型糖尿病性下肢溃疡
E11.500x044 2型糖尿病性足坏疽
E11.500x046 2型糖尿病性细菌性坏疽
E11.500x051 2型糖尿病性下肢感染
E11.503 2型糖尿病足病
E11.504 2型糖尿病性溃疡
E11.700x031 2型糖尿病性足溃疡和周围血管病
E14.500x011+I79.2* 糖尿病性周围血管病
E14.500x050 糖尿病足
E14.600x910 糖尿病性肌坏死
E65.x07 颈部脂肪堆积
E66.900 肥胖症
E67.100 高胡萝卜素血症
E83.502 高钙血症
E83.503 低钙血症
E86.x00x001 低血容量
E86.x01 脱水
E87.102 低钠血症
E87.303 呼吸性碱中毒
E87.500 高钾血症
E87.600 低钾血症
E87.600x004 低钾性肌病
E87.801 电解质代谢紊乱","/
17.95420 中药熏药治疗
38.9100 动脉导管插入术
38.9800x001 动脉穿刺术
45.1300x004 胃-十二指肠镜检查
86.0400x011 皮肤和皮下组织切开引流术
86.2800x012 皮肤和皮下组织非切除性清创",0.7,6749.99,,,8
343,RS25,浆细胞病，不伴严重合并症或并发症,"C90.000 多发性骨髓瘤
C90.000x005 浆细胞病
C90.000x021 多发性骨髓瘤(IgGλ型)
C90.000x022 多发性骨髓瘤(IgGк型)
C90.000x023 多发性骨髓瘤(轻链λ型)
C90.000x024 多发性骨髓瘤(轻链к型)
C90.000x026 多发性骨髓瘤(IgDλ型)
C90.000x027 多发性骨髓瘤(IgAλ型)
C90.000x028 多发性骨髓瘤(IgAк型)
C90.000x037 多发性骨髓瘤(ISS分期III期B组)
C90.000x038 多发性骨髓瘤(ISS分期II期)
C90.001 骨髓瘤病
C90.002 浆细胞性骨髓瘤
C90.302 浆细胞瘤
D89.801 POEMS综合征","/
34.9101 胸腔穿刺抽液术
34.9103 超声引导下胸腔穿刺术
38.9100 动脉导管插入术
38.9302 颈内静脉穿刺中心静脉置管术
41.3100 骨髓活组织检查
77.4101 肩胛骨活组织检查
77.4103 肋骨活组织检查
77.4900x007 髂骨活检术
77.4904 椎骨活组织检查
83.2100 软组织活组织检查
86.1100 皮肤和皮下组织的活组织检查
99.0401 红细胞输入",0.91,8762.59,,,8
344,EW11,胸膜病变及胸腔积液，伴严重合并症或并发症,"J43.902 肺大疱破裂
J90.x00x002 渗出性胸膜炎
J90.x00x003 胸膜炎伴积液
J93.003 张力性气胸
J93.100x001 自发性气胸
J93.900 气胸
J94.200 血胸
J94.801 液气胸
J94.802 包裹性胸腔积液
J94.804 胸腔积液
J94.901 胸膜肿物
J95.801 手术后胸腔积液
J95.804 手术后气胸
J98.201 纵隔气肿
R09.100 胸膜炎","/
29.1100x002 纤维鼻咽镜检查
33.2400x002 支气管镜下诊断性支气管肺泡灌洗[BAL]
34.0401 胸腔闭式引流术
34.9101 胸腔穿刺抽液术
34.9102 胸腔穿刺抽气术
34.9103 超声引导下胸腔穿刺术
45.1300x004 胃-十二指肠镜检查
89.3701 肺功能测定",1.04,10046.46,,,9
345,BU11,神经系统肿瘤，伴严重合并症或并发症,"C47.200x001 下肢周围神经和自主神经恶性肿瘤
C71.000 大脑(除外脑叶和脑室)恶性肿瘤
C71.000x004 岛叶恶性肿瘤
C71.002 丘脑恶性肿瘤
C71.100 额叶恶性肿瘤
C71.200 颞叶恶性肿瘤
C71.800x006 额颞岛叶恶性肿瘤
C71.801 额顶叶恶性肿瘤
C71.900 脑恶性肿瘤
C71.900x002 颅内恶性肿瘤
C71.900x006 颅底恶性肿瘤
C72.001 脊髓颈段恶性肿瘤
C75.300 松果体恶性肿瘤
C79.300x002 脑继发恶性肿瘤
C79.300x011 颅内继发恶性肿瘤
C79.301 脑膜继发恶性肿瘤
C79.304 顶叶继发恶性肿瘤
C79.306 颞叶继发恶性肿瘤
D17.700x026 椎管内脂肪瘤
D32.000x014 颅窝脑膜瘤
D32.000x019 桥脑脑膜瘤
D32.004 额叶脑膜瘤
D32.005 顶叶脑膜瘤
D32.006 大脑镰旁脑膜瘤
D32.016 鞍背脑膜瘤
D32.103 胸段脊膜瘤
D32.900x002 脑膜瘤
D33.004 额叶良性肿瘤
D33.007 颞叶良性肿瘤
D33.103 脑干良性肿瘤
D33.308 听神经良性肿瘤
D33.902 椎管内良性肿瘤
D35.201 鞍区良性肿瘤
D36.102 颈周围神经和自主神经良性肿瘤
D36.109 脊神经良性肿瘤
D43.003 脑室肿瘤
D43.007 额叶肿瘤
D43.013 颞叶肿瘤
D43.105 小脑肿瘤
D43.107 延髓肿瘤
D43.201 脑肿瘤
D43.401 脊髓肿瘤
D44.401 颅咽管肿瘤
D44.501 松果体肿瘤
D48.216 下肢周围神经肿瘤
D48.907+G13.0* 神经系统副肿瘤综合征
R90.000 颅内占位性病变
R90.806 脊髓占位性病变","/
01.1300x002 立体定向脑活检
03.3101 腰椎穿刺术
06.1101 超声引导下经皮甲状腺活组织检查术
38.9301 经外周静脉穿刺中心静脉置管术
38.9304 股静脉穿刺置管术
45.1300x004 胃-十二指肠镜检查
83.9502 超声引导下颈部软组织病损抽吸术",1.15,11030.53,,,11
346,EK25,伴肺水肿和呼吸衰竭的无创呼吸支持技术，不伴合并症或并发症,"J80.x01 急性呼吸窘迫综合征
J81.x00x002 急性肺水肿
J96.000 急性呼吸衰竭
J96.100 慢性呼吸衰竭
J96.900x001 呼吸衰竭
J96.900x002 I型呼吸衰竭
J96.900x003 Ⅱ型呼吸衰竭","93.9000 无创机械性通气
93.9000x002 无创呼吸机辅助通气(双水平气道正压[BiPAP])
93.9000x003 无创呼吸机辅助通气(高频通气[HFPPV])",1.38,13278.3,,,10
347,GC31,小肠、大肠（含直肠）的其他手术，伴严重合并症或并发症,"C16.301 胃窦恶性肿瘤
C17.100 空肠恶性肿瘤
C17.200 回肠恶性肿瘤
C17.900 小肠恶性肿瘤
D13.301 小肠良性肿瘤
D17.500x003 肠脂肪瘤
K27.503 上消化道穿孔
K31.500 十二指肠梗阻
K31.800x806 十二指肠穿孔
K43.500 造口旁疝，不伴梗阻和坏疽
K46.000x002 腹内疝伴肠梗阻
K52.904 非感染性急性肠炎
K55.002 急性缺血性肠坏死
K55.004 肠坏死
K55.009 肠系膜动脉栓塞伴肠坏死
K56.200 肠扭转
K56.200x003 肠系膜扭转
K56.203 结肠扭转
K56.401 肠结石
K56.500x003 粘连性肠梗阻
K56.603 肠梗阻伴坏死
K56.700 肠梗阻
K57.000 小肠憩室病伴有穿孔和脓肿
K57.001 小肠憩室伴脓肿
K57.106 小肠憩室炎
K63.103 结肠穿孔
K63.104 回盲部溃疡伴穿孔
K63.105 乙状结肠穿孔
K63.108 小肠穿孔
K63.200 肠瘘
K63.200x003 盲管瘘
K63.204 结肠瘘
K63.207 手术后空肠瘘
K63.500 结肠息肉
K63.805 小肠肉芽肿
K91.300 手术后肠梗阻
S36.411 开放性小肠破裂
T18.300 小肠内异物","45.0201 小肠切开异物取出术
45.3303 腹腔镜小肠病损切除术
45.4100x002 腹腔镜下结肠病损切除术
45.4101 结肠病损切除术
45.6200x001 腹腔镜下回肠部分切除术
45.6201 小肠部分切除术
45.6206 回肠部分切除术
45.6207 回肠切除术
45.6208 腹腔镜下小肠部分切除术
46.0302 襻式结肠造口术
46.3900x002 空肠造口术
46.3905 腹腔镜空肠造口术
46.4201 腹腔镜结肠造口周围疝修补术
46.4202 腹腔镜结肠造口周围疝无张力成形术
46.5100x002 回肠造口还纳术
46.7400x004 小肠瘘修补术
46.7502 乙状结肠裂伤修补术
46.7506 腹腔镜下结肠裂伤修补术
46.7602 盲肠瘘修补术
46.7604 腹腔镜下结肠瘘修补术
46.8001 肠系膜扭转复位术
46.8101 小肠扭转复位术
46.8201 大肠扭转复位术",4.91,47333.84,,,15
348,LD15,膀胱其他手术，不伴合并症或并发症,"C67.200 膀胱侧壁恶性肿瘤
C67.600 输尿管口恶性肿瘤
D30.300 膀胱良性肿瘤
D41.401 膀胱肿瘤
N21.000 膀胱结石
N21.100 尿道结石
N30.400 放射性膀胱炎
N30.809 腺性膀胱炎
N30.902 出血性膀胱炎
N32.000 膀胱颈梗阻
N32.001 膀胱颈挛缩
N32.300 膀胱憩室
N32.803 膀胱出血
N32.901 膀胱肿物
R33.x00 尿潴留
T19.100 膀胱内异物","57.0x00x003 经尿道膀胱镜膀胱异物取出术
57.0x00x005 经尿道膀胱镜膀胱取石术
57.0x00x006 经尿道膀胱镜膀胱血块清除术
57.0x00x007 经尿道膀胱镜膀胱激光碎石术
57.0x00x009 经尿道膀胱镜膀胱气压弹道碎石取石术
57.0x00x011 经尿道膀胱镜膀胱气压弹道碎石术
57.0x00x012 经尿道膀胱镜膀胱激光碎石取石术
57.0x00x013 经尿道膀胱镜膀胱碎石钳碎石取石术
57.0x04 经尿道膀胱血块清除术
57.0x06 经尿道膀胱激光碎石术
57.1902 膀胱切开取石术
57.1903 膀胱切开异物取出术
57.2100 膀胱造口术
57.3400x002 直视下膀胱活检术
57.4900x001 经尿道膀胱病损电切术
57.4901 经尿道膀胱病损切除术
57.4902 经尿道膀胱颈电切术
57.5902 膀胱憩室切除术
57.5906 膀胱病损电灼术
57.6x06 腹腔镜下膀胱部分切除术
57.9101 经尿道膀胱颈切开术
57.9301 经尿道膀胱电凝止血术",1.07,10307.94,,,6
349,LE15,尿道手术，不伴严重合并症或并发症,"C68.000 尿道恶性肿瘤
D41.301 尿道肿瘤
N21.100 尿道结石
N34.001 尿道旁腺脓肿
N35.900 尿道狭窄
N36.200 尿道肉阜
N36.201 尿道息肉
N36.302 尿道脱垂
N36.806 尿道囊肿
N36.808 尿道旁腺囊肿
N36.901 尿道肿物
N39.300 压力性尿失禁
T19.000 尿道内异物","58.0x00x004 膀胱镜下尿道狭窄切开术
58.3101 经尿道尿道病损电切术
58.3103 经尿道尿道狭窄电切术
58.3901 尿道病损切除术
58.3906 尿道口病损切除术
58.5x00 尿道狭窄松解术
58.6x00x003 经内镜尿道结石取出术
58.6x00x004 经内镜尿道异物取出术
58.9200x002 尿道旁腺病损切除术
58.9201 尿道旁病损切除术
59.5x00 耻骨后尿道悬吊术
59.5x01 经阴道无张力尿道悬吊术（TVT）
59.7903 经阴道闭孔无张力尿道中段悬吊术(TVT-O)",1.24,11970.44,,,7
350,MS15,男性生殖系统炎症，不伴合并症或并发症,"A18.117+N51.1* 睾丸结核
A18.118+N51.1* 附睾结核
A60.003+N51.8* 阴茎单纯疱疹
N41.000 急性前列腺炎
N41.900x001 前列腺炎
N45.000 睾丸炎、附睾炎和附睾-睾丸炎，伴有脓肿
N45.903 附睾炎
N45.906 睾丸炎
N45.907 急性附睾炎
N45.908 附睾-睾丸炎
N48.100 龟头包皮炎
N48.102 龟头炎
N49.101 精索炎
N49.204 阴囊脓肿
N49.205 阴囊炎","/
45.1300x004 胃-十二指肠镜检查
54.0x00x013 腹股沟脓肿切开引流术
60.1101 经直肠前列腺穿剌活组织检查
61.0x02 阴囊切开引流术",0.42,4055.81,,,8
351,DR13,头、颈、耳、鼻、咽、口恶性肿瘤，伴一般合并症或并发症,"C02.200 舌腹面恶性肿瘤
C02.900 舌恶性肿瘤
C04.900 口底恶性肿瘤
C05.100 软腭恶性肿瘤
C05.900 腭恶性肿瘤
C06.902 口腔黏膜恶性肿瘤
C07.x00 腮腺恶性肿瘤
C10.200 口咽侧壁恶性肿瘤
C10.900 口咽恶性肿瘤
C11.001 鼻咽顶恶性肿瘤
C11.200 鼻咽侧壁恶性肿瘤
C11.202 咽隐窝恶性肿瘤
C11.801 鼻咽多壁恶性肿瘤
C11.900 鼻咽恶性肿瘤
C13.900 下咽恶性肿瘤
C14.001 咽喉恶性肿瘤
C30.000 鼻腔恶性肿瘤
C31.000 上颌窦恶性肿瘤
C32.001 声带恶性肿瘤
C32.900 喉恶性肿瘤
C44.300 面部皮肤恶性肿瘤
C49.001 面部结缔组织和软组织恶性肿瘤
C76.000x007 颌下恶性肿瘤
C77.002 颈部淋巴结继发恶性肿瘤
C77.007 锁骨上淋巴结继发恶性肿瘤
C79.201 头部皮肤继发恶性肿瘤
D02.002 声带原位癌
D37.011 腮腺肿瘤
D38.001 喉肿瘤
D38.502 鼻腔肿瘤
D48.702 头颈部肿瘤","/
06.1101 超声引导下经皮甲状腺活组织检查术
27.2402 口腔颌面部活组织检查
29.1100x002 纤维鼻咽镜检查
29.1202 鼻咽活组织检查
29.1203 内镜下鼻咽活组织检查
29.1204 支撑喉镜下咽部活组织检查
31.4200x003 纤维喉镜检查
31.4300x002 纤维喉镜下喉活检
31.4301 内镜下声带活组织检查术
38.9301 经外周静脉穿刺中心静脉置管术
40.1101 颈淋巴结活组织检查
40.1102 锁骨上淋巴结活组织检查
45.1300x004 胃-十二指肠镜检查
54.9101 腹腔穿刺引流术
57.9400 留置导尿管的置入术
83.2100 软组织活组织检查
86.0701 静脉输液港植入术
86.1100 皮肤和皮下组织的活组织检查
97.2301 气管套管置换术",0.98,9398.44,,,8
352,HT11,"重症胰腺炎,伴严重合并症或并发症","K85.002 急性特发性胰腺炎，重症
K85.102 急性胆源型胰腺炎，重症
K85.202 急性酒精性胰腺炎，重症
K85.800x002 急性出血坏死性胰腺炎
K85.800x003 胰腺脓肿
K85.816 急性复发性胰腺炎，重症
K85.818 急性坏死性胰腺炎，重症
K85.902 急性重症胰腺炎","/
00.6800x001 肢体动脉血管内压力测量
17.91100 毫针治疗
17.91110 头针治疗
17.912A0 电针治疗
17.91330 悬灸治疗
17.95420 中药熏药治疗
17.98410 直肠滴注治疗
17.98422 经直肠中药滴入治疗
38.9100 动脉导管插入术
38.9302 颈内静脉穿刺中心静脉置管术
38.9303 锁骨下静脉穿刺中心静脉置管术
38.9304 股静脉穿刺置管术
38.9700x002 引导下中心静脉置管术
38.9800x001 动脉穿刺术
44.1301 超声内镜下胃检查
45.1300x004 胃-十二指肠镜检查
45.1600x001 胃十二指肠镜下活检
52.1900x001 超声内镜下胰腺检查
54.9100x009 超声引导下盆腔穿刺术
54.9101 腹腔穿刺引流术
89.6400x001 漂浮导管检查[Swan-Ganz导管插入]",1.64,15809.45,,,10
353,PK15,新生儿伴呼吸机支持，不伴严重合并症或并发症,"P05.102 足月小样低体重儿
P07.300x021 早产儿(孕期等于或大于32整周,但小于37整周)
P22.000 新生儿呼吸窘迫综合征
P23.900 先天性肺炎
P24.001 新生儿胎粪吸入综合征
P36.901 新生儿脓毒症","93.9000 无创机械性通气
93.9000x002 无创呼吸机辅助通气(双水平气道正压[BiPAP])
93.9001 持续性气道正压通气（CPAP）
96.7101 呼吸机治疗[小于96小时]",1.59,15360.25,,,9
354,BX15,认知功能障碍，不伴严重合并症或并发症,"F01.900 血管性痴呆
F03.x00 痴呆
F03.x01 老年性痴呆
G30.000 阿尔茨海默病伴有早期发病
G30.100x003+F00.1* 阿尔茨海默病性痴呆(老年型)
G30.800x003+F00.2* 混合性痴呆
G30.900 阿尔茨海默病
G30.901+F00.9* 阿尔茨海默病性痴呆","/
03.3101 腰椎穿刺术
16.2100x001 眼底检查
29.1100x002 纤维鼻咽镜检查
45.2302 电子结肠镜检查",1.08,10402.95,,,25
355,DT23,会厌炎、喉炎及气管炎，伴合并症或并发症,"J04.000 急性喉炎
J04.100 急性气管炎
J05.100 急性会厌炎
J06.000 急性咽喉炎
J36.x00 扁桃体周脓肿
J36.x00x001 扁桃体脓肿
J36.x00x003 扁桃体周围炎
J38.716 会厌脓肿","/
17.91330 悬灸治疗
28.0x00x002 扁桃体周围切开引流术
29.1100x002 纤维鼻咽镜检查
29.1204 支撑喉镜下咽部活组织检查
31.3x00x005 会厌切开引流术
31.4200x003 纤维喉镜检查
31.4201 喉镜检查",0.4,3838.73,,,5
356,EX23,百日咳及急性支气管炎，伴合并症或并发症,"A37.900 百日咳
A37.901+J17.0* 百日咳肺炎
J20.000 肺炎支原体急性支气管炎
J20.100 流感嗜血杆菌急性支气管炎
J20.200 链球菌急性支气管炎
J20.800 急性支气管炎,其他特指病原体引起的
J20.900 急性支气管炎
J40.x00 支气管炎","/
17.91110 头针治疗
31.4201 喉镜检查
33.2400x002 支气管镜下诊断性支气管肺泡灌洗[BAL]
89.1400 脑电图",0.37,3522.11,,,5
357,RL23,恶性及增生性疾病放射治疗（近距离照射），伴一般合并症或并发症,"Z51.002 恶性肿瘤术后放射治疗
Z51.003 恶性肿瘤放射治疗
Z51.806 肿瘤术后同位素治疗
Z51.811 肿瘤同位素治疗","92.2800 放射性核素注射或滴入
92.2900x001 放射治疗",2.01,19375.86,,,8
358,RN21,恶性及增生性疾病的靶向、免疫治疗，伴严重合并症或并发症,"Z51.800x095 恶性肿瘤免疫治疗
Z51.800x951 恶性肿瘤术前免疫治疗
Z51.800x952 恶性肿瘤术后免疫治疗
Z51.800x981 恶性肿瘤术前靶向治疗
Z51.801 恶性肿瘤靶向治疗
Z51.807 恶性肿瘤术后靶向治疗
Z51.810 肿瘤免疫治疗","99.2800x005 静脉注射抗肿瘤免疫制剂治疗
99.2800x006 分子靶向治疗
99.2801 抗肿瘤免疫治疗",0.4,3859.39,,,3
359,IR15,骨盆骨折，不伴严重合并症或并发症,"S32.300 髂骨骨折
S32.400 髋臼骨折
S32.500x002 耻骨分支骨折
S32.500x003 耻骨联合骨折
S32.701 多发性骨盆骨折
S32.801 坐骨骨折
S32.802 骨盆骨折","/
38.9100 动脉导管插入术
93.4400x003 股骨牵引
93.5402 石膏托固定术",0.66,6401.41,,,9
360,JT15,乳房、皮肤、皮下组织创伤，不伴合并症或并发症,"S20.200 胸部挫伤
S20.201 胸壁挫伤
S30.000x003 腰部挫伤
S30.001 腰背部挫伤
S30.002 骶尾部挫伤
S30.003 臀部挫伤
S30.100 腹壁挫伤
S30.101 创伤性髂部血肿
S30.104 腹股沟挫伤
S39.910 腰部软组织损伤
S39.911 腹壁软组织损伤
S40.000x001 肩部挫伤
S50.000 肘挫伤
S50.101 前臂挫伤
S60.201 腕部挫伤
S60.202 手挫伤
S60.800x033 手部虫咬伤
S70.000 髋挫伤
S70.901 大腿血肿
S80.000 膝挫伤
S80.100x002 小腿血肿
S80.101 小腿挫伤
S80.700 小腿多处浅表损伤
S90.000 踝挫伤
S90.301 足挫伤
S90.700 踝和足多处浅表损伤
S90.800x032 踝部虫咬伤
T00.200x001 上肢多处浅表损伤
T00.300x001 下肢多处浅表损伤
T00.800x001 身体复合部位的浅表损伤
T14.001 皮肤挫伤
T14.002 无毒蜘蛛咬伤
T14.003 皮下血肿
T79.700 创伤性皮下气肿","/
83.0904 软组织切开引流术
86.0400x011 皮肤和皮下组织切开引流术
86.1100 皮肤和皮下组织的活组织检查
93.5300x001 石膏绷带固定
93.5402 石膏托固定术",0.37,3530.84,,,6
361,NR13,女性生殖系统恶性肿瘤，伴一般合并症或并发症,"C51.900 外阴恶性肿瘤
C53.801 宫颈残端恶性肿瘤
C53.900 宫颈恶性肿瘤
C54.100 子宫内膜恶性肿瘤
C55.x00 子宫恶性肿瘤
C56.x00 卵巢恶性肿瘤
C57.000 输卵管恶性肿瘤
C79.814 阴道继发恶性肿瘤
D06.900x002 子宫颈上皮内瘤变III级[CINIII级]
D39.200x001 侵蚀性葡萄胎","/
34.0401 胸腔闭式引流术
34.9101 胸腔穿刺抽液术
38.9301 经外周静脉穿刺中心静脉置管术
38.9304 股静脉穿刺置管术
40.1102 锁骨上淋巴结活组织检查
40.1104 腹股沟淋巴结活组织检查
45.2302 电子结肠镜检查
50.1100x005 经皮肝穿刺活检
54.2400x006 盆腔病损穿刺活检
54.9101 腹腔穿刺引流术
54.9102 盆腔穿刺引流术
54.9105 腹腔穿刺术
57.3200x001 膀胱镜检查
57.3300 闭合性[经尿道]膀胱活组织检查
57.9400 留置导尿管的置入术
67.1200x001 子宫颈活检
69.0901 诊断性刮宫术
69.0902 宫腔镜诊断性刮宫术
69.9100x001 宫腔引流术
86.0600x004 药物治疗泵置入
86.0701 静脉输液港植入术",0.99,9529.03,,,8
362,RR11,急性白血病，伴严重合并症或并发症,"C91.000 急性淋巴细胞白血病
C91.004 慢性粒细胞性白血病，急淋变
C91.007 成人Ph+急性淋巴细胞白血病（ALL）
C92.000 急性髓细胞白血病
C92.000x017 急性髓系白血病，完全缓解
C92.001 急性髓细胞白血病，微分化型
C92.100x002 慢性粒细胞性白血病(急性变)
C92.100x017 慢性髓系白血病，急性发作
C92.400x011 急性早幼粒细胞白血病伴缓解(M3型)
C92.401 急性早幼粒细胞性白血病，完全缓解
C92.402 急性髓细胞白血病，M3型
C92.501 急性髓细胞白血病，M4型
C93.003 急性髓细胞白血病，M5型
C95.000 急性白血病
C95.005 急性混合型单系白血病
C95.700x001 高白细胞白血病","/
00.6800x001 肢体动脉血管内压力测量
03.3101 腰椎穿刺术
38.9100 动脉导管插入术
41.3100 骨髓活组织检查
41.3800x001 骨髓穿刺术
86.0701 静脉输液港植入术
86.1100 皮肤和皮下组织的活组织检查
99.0401 红细胞输入
99.0500 输入血小板
99.7200 治疗性白细胞去除术",3.9,37548.14,,,21
363,RK25,淋巴瘤、多发骨髓瘤化学治疗和/或其他治疗，不伴严重合并症或并发症,"C81.900 霍奇金淋巴瘤，未特指
C82.900 滤泡性淋巴瘤
C83.002 结节边缘区淋巴瘤
C83.100 曼特尔细胞淋巴瘤
C83.300 弥漫性大B细胞淋巴瘤
C83.300x006 原发中枢神经系统弥漫大B细胞淋巴瘤
C83.700 伯基特淋巴瘤
C84.401 血管免疫母细胞性T-细胞淋巴瘤
C85.100 B-细胞淋巴瘤
C85.707 NK/T-细胞淋巴瘤
C85.900 非霍奇金淋巴瘤
C90.000 多发性骨髓瘤
C90.000x005 浆细胞病
C90.000x021 多发性骨髓瘤(IgGλ型)
C90.000x022 多发性骨髓瘤(IgGк型)
C90.000x023 多发性骨髓瘤(轻链λ型)
C90.000x026 多发性骨髓瘤(IgDλ型)
C90.000x027 多发性骨髓瘤(IgAλ型)
C90.000x028 多发性骨髓瘤(IgAк型)","99.2500x036 椎管内注射化疗药物
99.2503 静脉注射化疗药物
99.2800x006 分子靶向治疗
99.2801 抗肿瘤免疫治疗",0.6,5807.87,,,5
364,XT11,其他后期照护，伴严重合并症或并发症,"Z43.101 更换胃造瘘导管
Z43.201 关闭回肠造口
Z43.301 关闭结肠造口
Z43.603 取除输尿管支架
Z45.200 血管通路装置的调整和管理
Z45.202 取除输液港
Z46.600x001 取出输尿管D-J管
Z46.602 更换输尿管支架
Z48.000x001 手术后拆除缝线","/
45.1300x004 胃-十二指肠镜检查
45.1301 十二指肠镜检查术
45.2302 电子结肠镜检查
46.5200x009 腹腔镜下回肠造口还纳术
57.3200x001 膀胱镜检查
59.9900x002 输尿管支架取出术
59.9901 输尿管支架置换术
86.0701 静脉输液港植入术
87.6400x001 下消化道造影
97.0200 胃造口导管置换
97.3801 角膜缝线去除
97.6204 输尿管镜输尿管支架取出术
97.6205 膀胱镜输尿管支架取出术
97.8903 化疗泵取出术",0.45,4306.07,,,3
365,GF25,腹壁疝及脐疝手术，不伴合并症或并发症,"K42.000x001 脐疝伴梗阻
K42.900 脐疝，不伴有梗阻或坏疽
K43.000 切口疝，伴有梗阻，不伴有坏疽
K43.002 嵌顿性切口疝伴梗阻
K43.200 切口疝，不伴有梗阻和坏疽
K43.500 造口旁疝，不伴梗阻和坏疽","53.4101 脐疝无张力修补术
53.4201 腹腔镜下脐疝无张力修补术
53.4901 脐疝修补术
53.5101 腹腔镜下切口疝修补术
53.5902 腹腔镜下腹壁疝修补术
53.6301 腹腔镜下切口疝无张力修补术
53.6302 腹腔镜下腹壁疝无张力修补术
53.6901 腹壁疝无张力修补术",1.71,16423.58,,,5
366,LW13,肾、尿路体征及症状，伴合并症或并发症,"N02.900 复发性和持续性血尿
N02.900x002 持续性血尿
N23.x00 肾绞痛
N32.803 膀胱出血
N36.804 尿道出血
N39.300 压力性尿失禁
N39.401 充盈性尿失禁
N39.405 紧迫性尿失禁
R31.x00 血尿
R33.x00 尿潴留
R80.x02 蛋白尿
R93.403 肾占位性病变
R93.404 输尿管占位性病变
R93.405 膀胱占位性病变","/
06.1101 超声引导下经皮甲状腺活组织检查术
17.91110 头针治疗
34.0401 胸腔闭式引流术
44.1300x001 胃镜检查
45.1300x004 胃-十二指肠镜检查
56.3100 输尿管镜检查
57.3200x001 膀胱镜检查
60.1100x002 超声引导下前列腺穿刺活检
97.6205 膀胱镜输尿管支架取出术",0.51,4881.24,,,6
367,PK11,新生儿伴呼吸机支持，伴严重合并症或并发症,"P05.102 足月小样低体重儿
P07.300x021 早产儿(孕期等于或大于32整周,但小于37整周)
P22.000 新生儿呼吸窘迫综合征
P23.900 先天性肺炎
P24.001 新生儿胎粪吸入综合征
P36.901 新生儿脓毒症","93.9000 无创机械性通气
93.9000x002 无创呼吸机辅助通气(双水平气道正压[BiPAP])
93.9001 持续性气道正压通气（CPAP）
96.7101 呼吸机治疗[小于96小时]",2.76,26603.67,,,15
368,RM11,恶性及增生性疾病的介入、消融治疗，伴严重合并症或并发症,"Z51.102 手术后恶性肿瘤化学治疗
Z51.800x092 恶性肿瘤介入治疗
Z51.800x097 恶性肿瘤射频治疗","32.2400x001 经皮肺病损射频消融术
39.7900x019 髂动脉栓塞术
39.7900x020 肾动脉栓塞术
39.7903 经导管肝动脉栓塞术
39.7904 经导管脾动脉栓塞术
39.7906 经导管髂内动脉栓塞术
50.2401 CT引导下肝病损射频消融术
68.2500x001 子宫动脉栓塞术
99.2501 动脉化疗栓塞",3.14,30225.22,,,11
369,MA19,男性生殖器官恶性肿瘤手术,"C60.100 阴茎头恶性肿瘤
C60.900 阴茎恶性肿瘤
C61.x00 前列腺恶性肿瘤
C62.900 睾丸恶性肿瘤","60.5x02 腹腔镜下前列腺根治性切除术
62.3x00 单侧睾丸切除术
62.3x01 单侧睾丸附睾切除术
64.3x01 阴茎部分切除术",4.63,44586.66,,,13
370,LV15,代谢性肾病，不伴严重合并症或并发症,"E11.200x030+N08.3* 2型糖尿病性持续蛋白尿
E11.200x212+N08.3* 2型糖尿病肾病II期
E11.200x213+N08.3* 2型糖尿病肾病III期
E11.200x214+N08.3* 2型糖尿病肾病IV期
E11.200x215+N08.3* 2型糖尿病肾病V期
E11.201+N08.3* 2型糖尿病性肾病
E11.400x381+N33.8* 2型糖尿病神经源性膀胱炎","/
18.1100 耳镜检查
29.1100x002 纤维鼻咽镜检查
34.9103 超声引导下胸腔穿刺术
44.1300x001 胃镜检查
45.1300x004 胃-十二指肠镜检查
45.1600x001 胃十二指肠镜下活检
55.2300x001 超声引导下肾穿刺活检",0.78,7529.46,,,8
371,ND11,附件手术，伴严重合并症或并发症,"A18.113+N74.1* 输卵管结核
C56.x00 卵巢恶性肿瘤
D25.100x001 子宫肌壁间平滑肌瘤
D27.x00 卵巢良性肿瘤
D28.200x003 输卵管良性肿瘤
D39.101 卵巢肿瘤
N70.100 慢性输卵管炎和卵巢炎
N70.103 输卵管积水
N70.900x003 输卵管积脓
N70.900x007 输卵管脓肿
N70.905 输卵管卵巢脓肿
N73.903 女性盆腔脓肿
N80.100 卵巢的子宫内膜异位症
N80.100x001 卵巢巧克力样囊肿
N81.301 Ⅲ度子宫脱垂
N83.100x002 卵巢黄体破裂
N83.100x003 卵巢黄体血肿
N83.101 出血性卵巢黄体囊肿
N83.201 卵巢囊肿
N83.204 卵巢浆液性囊肿
N83.205 卵巢黏液性囊肿
N83.501 卵巢蒂扭转
N83.503 输卵管扭转
N83.805 卵巢破裂
N83.809 输卵管囊肿
N93.901 异常子宫出血
N94.806 盆腔积液
N95.000 绝经后出血
N97.000x001 不排卵性不孕
N97.100x001 输卵管阻塞性不孕
N97.101 后天性输卵管闭锁
N97.901 女性原发性不育
N97.902 女性继发性不育
Z31.000x001 输卵管绝育术后复通","65.1201 卵巢活组织检查
65.1300 腹腔镜卵巢活组织检查
65.2500x003 腹腔镜下卵巢病损烧灼术
65.2501 腹腔镜卵巢病损切除术
65.2502 腹腔镜卵巢病损破坏术
65.2503 腹腔镜卵巢黄体切除术
65.2504 腹腔镜卵巢黄体破坏术
65.2505 腹腔镜卵巢部分切除术
65.2900x007 卵巢黄体血肿清除术
65.2901 卵巢病损切除术
65.2903 经阴道卵巢病损切除术
65.3100 腹腔镜单侧卵巢切除术
65.4100 腹腔镜单侧输卵管-卵巢切除术
65.5300 腹腔镜双侧卵巢切除术
65.6100 双侧输卵管卵巢切除术
65.6300 腹腔镜双侧卵巢和输卵管切除术
65.6301 双侧输卵管卵巢切除术，经阴道+腹腔镜
65.7900x008 腹腔镜下卵巢破裂修补术
65.7900x009 腹腔镜下卵巢破裂止血术
65.8102 腹腔镜输卵管粘连松解术
65.9500 卵巢扭转松解术
66.0202 腹腔镜输卵管造口术
66.4x02 腹腔镜单侧输卵管切除术
66.5102 腹腔镜双侧输卵管切除术
66.6100x007 腹腔镜下输卵管系膜病损切除术
66.6104 腹腔镜输卵管病损切除术
66.6902 腹腔镜单侧输卵管部分切除术
66.7301 腹腔镜输卵管输卵管吻合术
66.7906 腹腔镜输卵管伞端成形术
66.8x02 腹腔镜输卵管通液术",1.6,15447.5,,,6
372,OR15,阴道分娩，不伴严重合并症或并发症,"O10.900x001 妊娠合并原有高血压
O24.400 妊娠期发生的糖尿病
O26.606 妊娠期肝内胆汁淤积症
O41.104 羊膜炎
O42.000x001 足月胎膜早破(在24小时之内产程开始)
O42.000x002 早产胎膜早破(在24小时之内产程开始)
O42.100x012 早产胎膜早破(在1-7天内产程开始)
O45.001 胎盘早剥伴播散性血管内凝血
O45.900 胎盘早期剥离
O64.501 复合先露难产
O66.901 难产
O69.101 脐带绕颈
O69.206 脐带绕手
O70.000 分娩时Ⅰ度会阴裂伤
O70.100 分娩时Ⅱ度会阴裂伤
O72.100 即刻产后出血，其他的
O72.101 产后即时出血
O80.000 头位顺产
O98.806 妊娠合并霉菌性阴道炎
O98.808 妊娠合并阴道溶血性链球菌感染
O99.207 妊娠合并肥胖症
O99.215 妊娠合并甲状腺功能减退","/
03.9100x004 椎管内止痛剂注入术
03.9101 椎管内置管止痛术
73.0100 人工破膜引产
73.0900x001 分娩时人工破膜
73.5100 手法旋转胎头
73.5900x002 头位阴道助产
75.9900x001 产后子宫颈探查术",0.81,7766.48,,,4
373,FR31,肺栓塞，伴严重合并症或并发症,"I26.900x001 肺栓塞
I26.900x003 肺血栓栓塞症
I26.900x006 次大面积肺血栓肺栓塞症
I26.900x009 慢性肺动脉栓塞
I26.900x010 急性肺栓塞
I26.900x015 急性肺血栓栓塞症","/
00.6800x001 肢体动脉血管内压力测量
17.91110 头针治疗
17.912A0 电针治疗
17.95420 中药熏药治疗
34.0401 胸腔闭式引流术
38.9100 动脉导管插入术
40.1101 颈淋巴结活组织检查
57.9400 留置导尿管的置入术
89.3702 肺功能康复评定
89.6700 心脏排出量监测，用氧耗技术",1.28,12357.68,,,10
374,FT15,心肌病，不伴合并症或并发症,"E85.416+I43.1* 淀粉样变心脏损害
I25.500 缺血性心肌病
I40.001 病毒性心肌炎
I40.900 急性心肌炎
I42.001 扩张型心肌病（充血型心肌病）
I42.100 梗阻性肥厚型心肌病
I42.200x002 肥厚型心肌病
I42.201 心尖肥厚型心肌病
I42.600 酒精性心肌病
I42.800x005 右心心肌病
I42.900 心肌病
I51.400 心肌炎
M32.104+I43.8* 狼疮性心肌病
T70.200x007 高原性心脏病","/
17.91110 头针治疗
29.1100x002 纤维鼻咽镜检查
34.0401 胸腔闭式引流术
38.9100 动脉导管插入术
38.9304 股静脉穿刺置管术
41.3100 骨髓活组织检查
89.6700 心脏排出量监测，用氧耗技术
99.6000 心肺复苏",0.54,5153.19,,,6
375,GB23,胃、十二指肠大手术，伴一般合并症或并发症,"C16.000x003 贲门口恶性肿瘤
C16.100 胃底恶性肿瘤
C16.200 胃体恶性肿瘤
C16.301 胃窦恶性肿瘤
C16.400 幽门恶性肿瘤
C16.402 幽门管恶性肿瘤
C16.500 胃小弯恶性肿瘤
C16.800 胃交搭跨越恶性肿瘤的损害
C16.803 胃窦胃体恶性肿瘤
C16.900 胃恶性肿瘤
C16.902 胃溃疡癌变
C16.903 残胃恶性肿瘤
C17.000 十二指肠恶性肿瘤
C77.200x001 贲门淋巴结继发恶性肿瘤
C79.809 腹腔继发恶性肿瘤
D37.101 胃肿瘤
K21.001 反流性食管炎
K25.400x001 胃溃疡伴出血
K25.500x001 胃溃疡伴穿孔
K25.900x001 胃溃疡
K26.401 十二指肠球部溃疡伴出血
K31.501 十二指肠狭窄
K44.901 食管裂孔疝
K56.700 肠梗阻","43.4203 腹腔镜下胃病损切除术
43.7x00x001 胃大部切除伴胃-空肠吻合术[Billroth Ⅱ式手术]
43.7x03 腹腔镜胃大部切除伴胃空肠吻合术
43.8901 胃部分切除术
43.9102 腹腔镜辅助全胃切除伴空肠间置术
44.3801 腹腔镜下胃空肠吻合术
44.3903 胃空肠吻合术（旁路）
44.6501 贲门成形术
44.6600x002 胃-贲门成形术
45.6200x005 腹腔镜下十二指肠部分切除术
52.7x00 根治性胰十二指肠切除术",6.6,63537.79,,,17
376,HT18,重症胰腺炎，伴重症监护,"K85.002 急性特发性胰腺炎，重症
K85.102 急性胆源型胰腺炎，重症
K85.202 急性酒精性胰腺炎，重症
K85.800x002 急性出血坏死性胰腺炎
K85.800x003 胰腺脓肿
K85.816 急性复发性胰腺炎，重症
K85.818 急性坏死性胰腺炎，重症
K85.902 急性重症胰腺炎","/
00.6800x001 肢体动脉血管内压力测量
17.91100 毫针治疗
17.91110 头针治疗
17.912A0 电针治疗
17.91330 悬灸治疗
17.95420 中药熏药治疗
17.98410 直肠滴注治疗
17.98422 经直肠中药滴入治疗
38.9100 动脉导管插入术
38.9302 颈内静脉穿刺中心静脉置管术
38.9303 锁骨下静脉穿刺中心静脉置管术
38.9304 股静脉穿刺置管术
38.9700x002 引导下中心静脉置管术
38.9800x001 动脉穿刺术
44.1301 超声内镜下胃检查
45.1300x004 胃-十二指肠镜检查
45.1600x001 胃十二指肠镜下活检
52.1900x001 超声内镜下胰腺检查
54.9100x009 超声引导下盆腔穿刺术
54.9101 腹腔穿刺引流术
89.6400x001 漂浮导管检查[Swan-Ganz导管插入]",3.44,33133.07,,,12
377,LA25,膀胱肿瘤手术，不伴合并症或并发症,"C67.000 膀胱三角区恶性肿瘤
C67.100 膀胱顶恶性肿瘤
C67.200 膀胱侧壁恶性肿瘤
C67.300 膀胱前壁恶性肿瘤
C67.400 膀胱后壁恶性肿瘤
C67.500 膀胱颈恶性肿瘤
C67.800 膀胱交搭跨越恶性肿瘤的损害
C67.900 膀胱恶性肿瘤
C67.900x002 膀胱多处恶性肿瘤
C79.101 膀胱继发恶性肿瘤","57.4900x001 经尿道膀胱病损电切术
57.4901 经尿道膀胱病损切除术
57.4904 经尿道膀胱部分切除术
57.5900x001 膀胱病损激光切除术
57.5906 膀胱病损电灼术
57.6x06 腹腔镜下膀胱部分切除术
57.7103 腹腔镜下膀胱根治切除术",1.56,14980.38,,,8
378,QS15,红细胞病及营养性贫血，不伴合并症或并发症,"D48.906+D63.0* 肿瘤性贫血
D50.001 慢性失血性贫血
D50.900 缺铁性贫血
D51.001 恶性贫血
D53.100 巨幼细胞性贫血，其他的，不可归类在他处者
E83.101 血色病","/
29.1100x002 纤维鼻咽镜检查
33.2400x002 支气管镜下诊断性支气管肺泡灌洗[BAL]
41.3100 骨髓活组织检查
44.1301 超声内镜下胃检查
44.1401 胃镜下活组织检查
45.1300x004 胃-十二指肠镜检查
45.1600x001 胃十二指肠镜下活检
86.1100 皮肤和皮下组织的活组织检查
99.0301 输血
99.0401 红细胞输入",0.6,5757.35,,,5
379,JU15,感染性皮肤病，不伴合并症或并发症,"A46.x00 丹毒
L02.100 颈部皮肤脓肿、疖和痈
L02.200x009 背部痈
L02.200x010 胸壁脓肿
L02.201 背部脓肿
L02.202 腹壁脓肿
L02.203 腹股沟脓肿
L02.206 会阴脓肿
L02.402 下肢皮肤脓肿、疖和痈
L02.403 上肢皮肤脓肿、疖和痈
L02.801 头皮脓肿
L03.001 趾蜂窝织炎
L08.901 头面颈部皮肤感染
L08.902 躯干皮肤感染
L08.903 上肢皮肤感染
L08.904 下肢皮肤感染
L08.905 脐炎","/
17.912A0 电针治疗
27.0x05 颏下切开引流术
28.0x00x002 扁桃体周围切开引流术
29.1100x002 纤维鼻咽镜检查
34.0101 胸壁切开引流术
45.2302 电子结肠镜检查
54.0x00x002 腹壁窦道切开引流术
54.0x00x004 腹壁脓肿切开引流术
54.0x00x013 腹股沟脓肿切开引流术
54.0x00x022 脐脓肿切开引流术
54.2200x004 腹壁穿刺活检
54.9100x009 超声引导下盆腔穿刺术
54.9101 腹腔穿刺引流术
54.9105 腹腔穿刺术
83.9501 超声引导下躯干软组织病损抽吸术
83.9502 超声引导下颈部软组织病损抽吸术
86.0400x011 皮肤和皮下组织切开引流术
86.0402 男性会阴切开引流术
86.1100 皮肤和皮下组织的活组织检查
86.2800x012 皮肤和皮下组织非切除性清创",0.33,3215.58,,,6
380,NA25,女性生殖器官恶性肿瘤除广泛切除术以外的手术，不伴严重合并症或并发症,"C53.900 宫颈恶性肿瘤
C54.100 子宫内膜恶性肿瘤
C55.x00 子宫恶性肿瘤
C56.x00 卵巢恶性肿瘤
C57.000 输卵管恶性肿瘤
C57.801 输卵管卵巢恶性肿瘤
C79.600 卵巢继发性恶性肿瘤
D39.100x003 卵巢交界性肿瘤","65.2501 腹腔镜卵巢病损切除术
65.2901 卵巢病损切除术
65.4100 腹腔镜单侧输卵管-卵巢切除术
65.4900x001 单侧输卵管-卵巢切除术
65.5300 腹腔镜双侧卵巢切除术
65.6300 腹腔镜双侧卵巢和输卵管切除术
66.5102 腹腔镜双侧输卵管切除术
68.2500x001 子宫动脉栓塞术
68.2501 腹腔镜子宫动脉栓塞术
68.4100 腹腔镜经腹全子宫切除术
68.4102 腹腔镜经腹筋膜外子宫切除术
68.4901 经腹全子宫切除术",2.39,22998.19,,,9
381,TW15,器质性及症状性精神障碍，不伴严重合并症或并发症,"F05.001 老年性谵妄
F06.700 轻度认知障碍
F06.800x026 血管性认知功能障碍
F06.800x027 认知障碍
F06.900 脑损害和功能障碍及躯体疾病引起的精神障碍
F99.x00 精神障碍","/
03.3101 腰椎穿刺术
17.91330 悬灸治疗
29.1100x002 纤维鼻咽镜检查",1.26,12140.53,,,34
382,BB31,伴肿瘤诊断的颅脑手术，伴严重合并症或并发症,"C71.003 胼胝体恶性肿瘤
C71.100 额叶恶性肿瘤
C71.200 颞叶恶性肿瘤
C71.300 顶叶恶性肿瘤
C71.500x003 侧脑室恶性肿瘤
C71.600 小脑恶性肿瘤
C71.800x006 额颞岛叶恶性肿瘤
C71.801 额顶叶恶性肿瘤
C71.802 额颞顶叶恶性肿瘤
C71.804 顶颞叶恶性肿瘤
C71.809 脑桥小脑角恶性肿瘤
C71.900x002 颅内恶性肿瘤
C71.900x006 颅底恶性肿瘤
C79.300x002 脑继发恶性肿瘤
C79.300x011 颅内继发恶性肿瘤
C79.300x029 小脑幕下继发恶性肿瘤
C79.303 额叶继发恶性肿瘤
C79.304 顶叶继发恶性肿瘤
C79.305 枕叶继发恶性肿瘤
C79.306 颞叶继发恶性肿瘤
C79.309 小脑继发恶性肿瘤
D18.000x026 脑干血管瘤
D18.000x028 颅内血管瘤
D32.000x004 大脑镰脑膜瘤
D32.000x014 颅窝脑膜瘤
D32.000x024 小脑脑膜瘤
D32.000x026 岩骨脑膜瘤
D32.000x028 枕叶脑膜瘤
D32.000x038 颅底脑膜瘤
D32.001 蝶骨嵴脑膜瘤
D32.002 颅中窝脑膜瘤
D32.004 额叶脑膜瘤
D32.005 顶叶脑膜瘤
D32.006 大脑镰旁脑膜瘤
D32.009 中央区脑膜瘤
D32.011 颞叶脑膜瘤
D32.018 小脑幕脑膜瘤
D32.019 小脑脑桥角脑膜瘤
D32.900x002 脑膜瘤
D33.000x003 脑室良性肿瘤
D33.004 额叶良性肿瘤
D33.100x005 小脑幕下良性肿瘤
D33.101 小脑良性肿瘤
D33.202 颅底良性肿瘤
D33.308 听神经良性肿瘤
D35.300 颅咽管良性肿瘤
D44.401 颅咽管肿瘤
D48.003 颅骨肿瘤","01.3900x009 脑内血肿清除术
01.5900x030 中颅窝病损切除术
01.5900x038 大脑深部病损切除术
01.5900x041 额颞岛叶病损切除术
01.5900x043 小脑病损切除术
01.5900x044 小脑桥脑角病损切除术
01.5900x048 岩斜区病损切除术
01.5900x050 神经内镜下脑室病损切除术
01.5918 颅底病损切除术
01.5920 脑干病损切除术
01.5931 内镜下颅底病损切除术
01.5936 神经导航下颅内病灶切除术
01.5940 枕叶病损切除术
01.6x00 颅骨病损的切除术
04.0101 经乙状窦后入路听神经瘤切除术",8.59,82715.96,,,21
383,BJ11,神经系统其他手术，伴严重合并症或并发症,"A86.x00 病毒性脑炎
B00.400+G05.1* 疱疹病毒性脑炎
B02.202+G53.0* 带状疱疹性神经痛
B02.207+G53.0* 疱疹后三叉神经痛
D36.100x030 胸部周围神经和自主神经良性肿瘤
D36.100x033 膈部周围神经和自主神经良性肿瘤
D36.112 下肢周围神经和自主神经良性肿瘤
D36.113 臂丛神经良性肿瘤
D36.114 桡神经良性肿瘤
G06.006 颅内感染
G40.900 癫痫
G43.100 偏头痛伴有先兆［典型偏头痛］
G43.100x002 偏头痛性先兆[偏头痛等位症]
G43.900 偏头痛
G44.000 丛集性头痛综合征
G44.000x002 发作性丛集性头痛
G44.003 慢性丛集性头痛
G50.000 三叉神经痛
G50.003 原发性三叉神经痛
G51.000 贝尔面瘫
G51.003 周围性面神经麻痹
G51.301 面肌痉挛
G51.803 面神经炎
G54.801 骶神经根囊肿
G54.900x001 周围神经卡压综合征
G56.000 腕管综合征
G56.100x002 正中神经卡压综合征
G56.200 尺神经损害
G56.202 肘管综合征
G57.001 梨状肌综合征
G90.800x005 胆碱能神经功能亢进
G90.900x002 植物神经功能紊乱
G91.000 交通性脑积水
G91.900 脑积水
G95.800x010 椎管内囊肿
G96.000 脑脊液漏
G96.003 手术后脑脊液漏
I61.004 基底节出血
I61.500x008 脑室出血
I61.802 丘脑出血
M79.207 神经痛
Q85.000 神经纤维瘤病(非恶性)
S06.200x081 多发性大脑挫裂伤
S06.202 脑挫伤
S06.300x011 局灶性大脑挫伤伴出血
S06.300x031 局灶性大脑挫伤伴血肿
S06.401 创伤性闭合性硬膜外血肿
S06.500 创伤性硬膜下出血
S06.501 创伤性急性硬膜下出血
S06.502 创伤性慢性硬膜下血肿
S06.600 创伤性蛛网膜下出血
S06.700x001 闭合性颅脑损伤轻型
S06.700x002 闭合性颅脑损伤中型
S06.700x005 开放性颅脑损伤轻型
S06.700x006 开放性颅脑损伤中型
S06.900 颅内损伤
S54.000x001 前臂尺神经损伤
S64.000x001 腕部尺神经损伤
S64.100x001 腕部正中神经损伤
S64.400x001 指神经损伤
S84.000x002 胫神经损伤","01.0900x009 脑室钻孔引流术
03.3100x001 腰大池引流术
04.0200x007 三叉神经射频毁损术
04.0200x008 三叉神经半月节球囊压迫术
04.0421 指神经探查术
04.0700x045 纵隔神经病损切除术
04.0713 周围神经病损切除术
04.0715 臂丛神经病损切除术
04.0720 桡神经病损切除术
04.2x02 周围神经破坏术
04.3x10 正中神经缝合术
04.3x11 尺神经缝合术
04.3x17 胫神经缝合术
04.4300 腕管松解术
04.4900x042 周围神经松解术
04.4907 正中神经松解术
04.4908 尺神经松解术
04.4911 坐骨神经松解术
04.6x00x014 尺神经前移术
04.7409 尺神经吻合术
04.7412 正中神经吻合术
04.7503 正中神经修复术
05.0x01 胸腔镜下交感神经切断术
05.2100x002 翼腭神经节破坏术
05.2904 胸腔镜下胸交感神经部分切除术
05.3100x006 星状神经节阻滞术
86.5902 头皮裂伤清创缝合术",3.22,30977.72,,,14
384,OB11,剖宫产术，伴严重合并症或并发症,"O10.900x001 妊娠合并原有高血压
O11.x01 慢性高血压并发子痫前期
O12.100 妊娠蛋白尿
O13.x00 妊娠[妊娠引起的]高血压
O14.000x001 轻度先兆子痫
O14.900 子痫前期
O15.001 产前子痫
O23.400 妊娠期泌尿道感染
O23.501 妊娠合并盆腔炎
O23.502 妊娠合并盆腔粘连
O23.506 妊娠期阴道炎
O24.100 妊娠期伴原有的2型糖尿病
O24.100x011 妊娠合并原有2型糖尿病(非胰岛素治疗)
O24.100x021 妊娠合并原有2型糖尿病(胰岛素治疗)
O24.300x001 妊娠合并原有糖尿病
O24.400 妊娠期发生的糖尿病
O24.900 妊娠糖尿病
O26.400 妊娠疱疹
O26.603 妊娠合并肝损害
O26.605 妊娠合并脂肪肝
O26.606 妊娠期肝内胆汁淤积症
O26.803 妊娠合并肾积水
O28.900 孕产妇产前筛查异常所见
O30.000 双胎妊娠
O32.101 臀先露
O32.102 足先露
O32.201 肩先露
O32.202 斜位
O32.601 复合先露
O33.101 骨盆狭窄
O33.102 均小骨盆
O33.301 骨盆出口狭窄
O33.900 为胎盆不称给予的孕产妇医疗
O34.000x011 妊娠合并鞍状子宫
O34.001 妊娠合并单角子宫
O34.004 妊娠合并子宫畸形
O34.005 妊娠合并子宫纵隔
O34.100x001 妊娠合并子宫肌瘤
O34.201 妊娠合并子宫瘢痕
O34.800x005 妊娠合并输卵管系膜囊肿
O34.800x006 妊娠合并卵巢肿瘤
O34.800x011 妊娠合并附件肿物
O34.800x014 妊娠合并卵巢囊肿蒂扭转
O34.800x021 妊娠合并输卵管囊肿
O34.802 妊娠合并卵巢囊肿
O34.807 妊娠合并卵巢子宫内膜异位症
O35.002 胎儿侧脑室增宽
O35.101 胎儿染色体异常
O35.800x003 胎儿畸形
O35.800x009 胎儿肾盂积水
O35.800x030 胎儿单脐动脉
O35.804 胎儿肺畸形
O35.808 胎儿肝占位
O35.819 胎儿心脏畸形
O36.202 镜像综合征
O36.301 慢性混合型胎儿宫内窘迫
O36.302 慢性胎儿宫内窘迫
O36.401 胎死宫内
O36.503 胎儿生长发育迟缓
O36.601 妊娠合并巨大儿
O40.x00 羊水过多
O41.000 羊水过少
O41.000x002 无羊水
O41.104 羊膜炎
O42.000x001 足月胎膜早破(在24小时之内产程开始)
O42.000x002 早产胎膜早破(在24小时之内产程开始)
O42.100x011 足月胎膜早破(在1-7天内产程开始)
O42.100x012 早产胎膜早破(在1-7天内产程开始)
O43.101 帆状胎盘
O43.104 轮状胎盘
O43.105 球拍状胎盘
O43.107 双叶胎盘
O44.000x001 低置胎盘
O44.000x003 前置胎盘
O44.001 边缘性前置胎盘
O44.003 完全性前置胎盘
O44.100 前置胎盘伴有出血
O44.101 边缘性前置胎盘伴出血
O44.102 部分性前置胎盘伴出血
O44.103 完全性前置胎盘伴出血
O45.001 胎盘早剥伴播散性血管内凝血
O45.900 胎盘早期剥离
O61.900 引产失败
O62.406 先兆子宫破裂
O63.001 活跃期停滞
O63.002 活跃期延长
O63.003 潜伏期延长
O63.100 第二期(产程)延长
O64.001 持续性枕横位难产
O64.002 持续性枕后位难产
O64.101 臀先露难产
O64.501 复合先露难产
O65.401 头盆不称难产
O68.003 急性胎心型胎儿宫内窘迫
O69.001 脐带脱垂
O69.002 脐带先露
O69.101 脐带绕颈
O69.200x007 脐带扭转
O69.205 脐带绕身
O69.206 脐带绕手
O69.207 脐带绕腿
O69.400 产程和分娩并发前置血管
O69.804 脐带帆状附着
O71.704 产伤性阴道血肿
O72.001 胎盘粘连伴出血
O72.003 胎盘植入伴出血
O72.100 即刻产后出血，其他的
O72.101 产后即时出血
O73.001 胎盘粘连不伴出血
O73.002 胎盘植入不伴出血
O82.000 经选择性剖宫产术的分娩
O85.x00 产褥期脓毒病
O85.x00x006 产褥期菌血症
O86.201 产褥期泌尿系感染
O91.201 产褥期乳腺炎
O98.302 妊娠合并尖锐湿疣
O98.800 孕产妇其他的传染病和寄生虫病并发于妊娠、分娩和产褥期
O98.800x035 妊娠合并急性胃肠炎
O98.806 妊娠合并霉菌性阴道炎
O98.808 妊娠合并阴道溶血性链球菌感染
O99.000x031 产褥期贫血
O99.004 妊娠合并地中海贫血
O99.005 妊娠合并轻度贫血
O99.008 妊娠合并贫血
O99.100x012 妊娠合并血液和造血器官疾病
O99.101 妊娠合并血小板减少
O99.200x014 产褥期低蛋白血症
O99.205 妊娠合并低钾血症
O99.215 妊娠合并甲状腺功能减退
O99.216 妊娠合并甲状腺功能亢进
O99.218 妊娠合并甲状腺炎
O99.306 妊娠合并癫痫
O99.307 妊娠合并焦虑症
O99.312 妊娠合并精神障碍
O99.400x004 妊娠合并肺动脉高压
O99.400x008 妊娠合并心力衰竭
O99.403 妊娠合并窦性心动过速
O99.418 妊娠合并心律失常
O99.420 妊娠合并心脏病
O99.423 妊娠合并预激综合征
O99.425 妊娠合并风湿性关节炎
O99.500x011 妊娠合并呼吸系统疾病
O99.500x031 产褥期呼吸系统疾病
O99.504 妊娠期合并支气管哮喘
O99.510 妊娠合并上呼吸道感染
O99.600x001 妊娠合并急性阑尾炎
O99.600x011 妊娠合并消化系统疾病
O99.603 妊娠合并急性胃炎
O99.607 妊娠合并肠梗阻
O99.615 妊娠合并胆囊结石
O99.619 妊娠合并急性胰腺炎
O99.620 妊娠合并腹膜囊肿
O99.800x016 妊娠合并垂体瘤
O99.800x019 妊娠合并血管瘤
O99.800x113 妊娠合并高度近视
O99.800x114 妊娠合并视网膜病
O99.800x215 妊娠合并腰椎间盘突出
O99.800x316 妊娠合并输尿管结石
O99.800x412 妊娠合并先天性心脏病
O99.802 妊娠合并恶性肿瘤
O99.805 妊娠合并结缔组织疾病
O99.807 妊娠合并先天性畸形
O99.810 妊娠合并肾结石
O99.811 妊娠合并系统性红斑狼疮
Z37.000x001 单胎活产","74.1x01 剖宫产术，子宫下段横切口
74.1x02 剖宫产术，子宫下段直切口
74.2x00 腹膜外剖宫产",1.23,11894.57,,,5
385,RK21,淋巴瘤、多发骨髓瘤化学治疗和/或其他治疗，伴严重合并症或并发症,"C81.900 霍奇金淋巴瘤，未特指
C82.900 滤泡性淋巴瘤
C83.002 结节边缘区淋巴瘤
C83.100 曼特尔细胞淋巴瘤
C83.300 弥漫性大B细胞淋巴瘤
C83.300x006 原发中枢神经系统弥漫大B细胞淋巴瘤
C83.700 伯基特淋巴瘤
C84.401 血管免疫母细胞性T-细胞淋巴瘤
C85.100 B-细胞淋巴瘤
C85.707 NK/T-细胞淋巴瘤
C85.900 非霍奇金淋巴瘤
C90.000 多发性骨髓瘤
C90.000x005 浆细胞病
C90.000x021 多发性骨髓瘤(IgGλ型)
C90.000x022 多发性骨髓瘤(IgGк型)
C90.000x023 多发性骨髓瘤(轻链λ型)
C90.000x026 多发性骨髓瘤(IgDλ型)
C90.000x027 多发性骨髓瘤(IgAλ型)
C90.000x028 多发性骨髓瘤(IgAк型)","99.2500x036 椎管内注射化疗药物
99.2503 静脉注射化疗药物
99.2800x006 分子靶向治疗
99.2801 抗肿瘤免疫治疗",1.31,12612.59,,,10
386,YR23,HIV其他相关情况，伴一般合并症或并发症,"A02.100 沙门菌脓毒症
A41.900 脓毒症
A86.x02 病毒性脑膜脑炎
B02.202+G53.0* 带状疱疹性神经痛
B02.801+H62.1* 外耳带状疱疹
B48.501+J17.2* 卡氏肺孢子虫病
C11.900 鼻咽恶性肿瘤
C16.900 胃恶性肿瘤
C22.900 肝恶性肿瘤
C34.100x004 右肺上叶恶性肿瘤
C34.900x004 左肺恶性肿瘤
C61.x00 前列腺恶性肿瘤
D32.004 额叶脑膜瘤
D32.900x002 脑膜瘤
D48.907+G13.0* 神经系统副肿瘤综合征
D61.101 化疗后骨髓抑制
E11.501+I79.2* 2型糖尿病性周围血管病变
E11.503 2型糖尿病足病
E22.200 抗利尿激素分泌失调综合征
G04.913 脑炎
G35.x00 多发性硬化
G41.000 癫痫大发作持续状态
I25.102 冠状动脉粥样硬化
I36.100 非风湿性三尖瓣关闭不全
I50.907 急性心力衰竭
I63.501 大脑动脉狭窄脑梗死
I63.502 大脑动脉闭塞脑梗死
I63.901 脑干梗死
I63.905 多发性脑梗死
I65.202 颈总动脉狭窄
I67.100x019 颈内动脉分叉段动脉瘤
I70.001 主动脉钙化
J15.101 铜绿假单胞菌性肺炎
J15.902 社区获得性肺炎，非重症
J15.903 社区获得性肺炎，重症
J18.903 重症肺炎
J42.x00x004 慢性支气管炎急性加重期
J44.000 慢性阻塞性肺病伴有急性下呼吸道感染
J47.x01 支气管扩张伴咯血
J70.001 放射性肺炎
J93.100x001 自发性气胸
J96.900x002 I型呼吸衰竭
J98.101 肺不张
K25.400x001 胃溃疡伴出血
K31.903 十二指肠肿物
K60.303 复杂性肛瘘
K64.811 混合痔
K71.901 药物性肝损害
K74.603 丙型肝炎后肝硬化失代偿期
K76.800x006 肝功能不全
K80.100x001 胆囊结石伴胆囊炎
K82.900x002 胆囊肿物
K85.201 急性酒精性胰腺炎，轻症
K85.902 急性重症胰腺炎
M17.101 原发性单侧膝关节病
M43.006 腰椎滑脱
M47.101+G99.2* 脊髓型颈椎病
M51.101+G55.1* 腰椎间盘脱出伴坐骨神经痛
M80.801 老年性骨质疏松伴病理性骨折
N18.300 慢性肾脏病3期
N39.000 泌尿道感染
N45.907 急性附睾炎
R59.900 淋巴结增大
R60.900 水肿
R75.x00x001 人类免疫缺陷病毒阳性[HIV阳性]
S22.400x021 两根肋骨骨折不伴第一肋骨骨折
S22.400x041 四根以上肋骨骨折不伴第一肋骨骨折
S46.002 肩袖损伤
S83.500x012 膝关节前十字韧带损伤
Z08.700 恶性肿瘤联合治疗后的随诊检查
Z51.400x002 随后治疗的准备医疗","/
03.3101 腰椎穿刺术
03.9102 脊神经根阻滞术
17.912A0 电针治疗
17.91330 悬灸治疗
29.1100x002 纤维鼻咽镜检查
33.2400x002 支气管镜下诊断性支气管肺泡灌洗[BAL]
33.2600x001 肺穿刺活检
33.2600x002 经皮针吸肺活检
34.0401 胸腔闭式引流术
38.9100 动脉导管插入术
38.9303 锁骨下静脉穿刺中心静脉置管术
45.1600x001 胃十二指肠镜下活检
50.1100x005 经皮肝穿刺活检
50.9102 肝脓肿穿刺引流术
60.1100x002 超声引导下前列腺穿刺活检
86.0701 静脉输液港植入术",0.69,6657.92,,,7
387,JT13,乳房、皮肤、皮下组织创伤，伴合并症或并发症,"S20.200 胸部挫伤
S20.201 胸壁挫伤
S30.000x003 腰部挫伤
S30.001 腰背部挫伤
S30.002 骶尾部挫伤
S30.003 臀部挫伤
S30.100 腹壁挫伤
S30.101 创伤性髂部血肿
S30.104 腹股沟挫伤
S39.910 腰部软组织损伤
S39.911 腹壁软组织损伤
S40.000x001 肩部挫伤
S50.000 肘挫伤
S50.101 前臂挫伤
S60.201 腕部挫伤
S60.202 手挫伤
S60.800x033 手部虫咬伤
S70.000 髋挫伤
S70.901 大腿血肿
S80.000 膝挫伤
S80.100x002 小腿血肿
S80.101 小腿挫伤
S80.700 小腿多处浅表损伤
S90.000 踝挫伤
S90.301 足挫伤
S90.700 踝和足多处浅表损伤
S90.800x032 踝部虫咬伤
T00.200x001 上肢多处浅表损伤
T00.300x001 下肢多处浅表损伤
T00.800x001 身体复合部位的浅表损伤
T14.001 皮肤挫伤
T14.002 无毒蜘蛛咬伤
T14.003 皮下血肿
T79.700 创伤性皮下气肿","/
83.0904 软组织切开引流术
86.0400x011 皮肤和皮下组织切开引流术
86.1100 皮肤和皮下组织的活组织检查
93.5300x001 石膏绷带固定
93.5402 石膏托固定术",0.48,4614.66,,,7
388,LA13,肾脏肿瘤手术，伴合并症或并发症,"C64.x00x001 肾恶性肿瘤
C65.x00 肾盂恶性肿瘤
C68.805 肾盂输尿管恶性肿瘤
D30.000 肾良性肿瘤
D41.001 肾肿瘤
Q85.903 肾错构瘤","55.4x03 腹腔镜下肾部分切除术
55.5101 单侧肾切除术
55.5103 腹腔镜下单侧肾切除术
55.5104 腹腔镜下单侧肾输尿管切除术
55.5106 腹腔镜膀胱镜下肾输尿管切除术",3.74,36012.45,,,13
389,EW13,胸膜病变及胸腔积液，伴一般合并症或并发症,"J43.902 肺大疱破裂
J90.x00x002 渗出性胸膜炎
J90.x00x003 胸膜炎伴积液
J93.003 张力性气胸
J93.100x001 自发性气胸
J93.900 气胸
J94.200 血胸
J94.801 液气胸
J94.802 包裹性胸腔积液
J94.804 胸腔积液
J94.901 胸膜肿物
J95.801 手术后胸腔积液
J95.804 手术后气胸
J98.201 纵隔气肿
R09.100 胸膜炎","/
29.1100x002 纤维鼻咽镜检查
33.2400x002 支气管镜下诊断性支气管肺泡灌洗[BAL]
34.0401 胸腔闭式引流术
34.9101 胸腔穿刺抽液术
34.9102 胸腔穿刺抽气术
34.9103 超声引导下胸腔穿刺术
45.1300x004 胃-十二指肠镜检查
89.3701 肺功能测定",0.69,6668.54,,,7
390,IC21,髋、肩、膝、肘和踝关节置换术，伴严重合并症或并发症,"C40.201 股骨恶性肿瘤
M05.308 累及全身类风湿性关节炎
M05.800 血清反应阳性的类风湿性关节炎,其他的
M06.800x051 类风湿性髋关节炎
M06.900 类风湿性关节炎
M06.906 类风湿性膝关节关节炎
M16.000 原发性双侧髋关节病
M16.101 原发性单侧髋关节病
M16.200 发育异常导致的双侧髋关节病
M16.301 发育异常性单侧髋关节病
M17.000 原发性双侧膝关节病
M17.101 原发性单侧膝关节病
M17.900x002 膝关节退行性病变
M84.100x051 股骨骨折不连接
M87.002 股骨头无菌性坏死
M87.102 药物性股骨头坏死
M87.203 创伤后股骨头坏死
M87.300 继发性骨坏死，其他的
M87.800x051 股骨头缺血性坏死
Q65.801 先天性髋关节发育不良
S42.200x001 肱骨近端骨折
S42.200x041 肱骨大结节骨折
S52.100x001 桡骨近端骨折
S52.101 桡骨头骨折
S72.000 股骨颈骨折
S72.000x031 股骨颈头下骨折
S72.000x051 股骨颈基底骨折
S72.000x081 股骨头骨折
S72.101 股骨粗隆间骨折
T84.000x004 人工关节置换术后假体功能障碍","81.5100 全髋关节置换
81.5201 人工股骨头置换术
81.5400 全部膝关节置换
81.5400x004 膝关节单髁表面置换术
81.5401 部分膝关节置换术
81.8100 肩关节部分置换
81.8101 人工肱骨头置换术
81.8400x002 人工桡骨头置换术
81.8401 肘关节部分置换术
81.8800 反向全肩关节置换术",3.63,34997.44,,,13
391,IE51,上肢骨手术，伴严重合并症或并发症,"M84.100x021 肱骨骨折不连接
M84.100x031 尺骨骨折不连接
S42.000 锁骨骨折
S42.000x021 锁骨干骨折
S42.000x031 锁骨肩峰端骨折
S42.100 肩胛骨骨折
S42.100x021 肩峰骨折
S42.100x042 肩关节盂骨折
S42.200x001 肱骨近端骨折
S42.200x041 肱骨大结节骨折
S42.200x092 肱骨近端多发性骨折
S42.202 肱骨外科颈骨折
S42.203 肱骨头骨折
S42.300 肱骨干骨折
S42.400x001 肱骨远端骨折
S42.400x042 肱骨外上髁骨折
S42.400x093 肱骨小头骨折
S42.401 肱骨髁上骨折
S42.403 肱骨髁间骨折
S42.404 肱骨内髁骨折
S42.410 开放性肱骨下端骨折
S52.000x001 肘关节骨折
S52.000x002 尺骨近端骨折
S52.000x021 尺骨冠突骨折
S52.001 鹰嘴骨折
S52.010 开放性尺骨上端骨折
S52.011 开放性鹰嘴骨折
S52.100x001 桡骨近端骨折
S52.101 桡骨头骨折
S52.200 尺骨干骨折
S52.300 桡骨干骨折
S52.300x011 盖氏骨折
S52.310 开放性桡骨干骨折
S52.400x001 桡尺骨骨干骨折
S52.500x001 桡骨远端骨折
S52.500x021 巴顿骨折
S52.600x001 尺骨远端骨折伴桡骨远端骨折
S52.600x002 尺骨茎突骨折伴桡骨远端骨折
S52.610 开放性尺骨桡骨远端骨折
S52.804 尺骨下端骨折
S52.811 开放性桡骨骨折
Z47.000x002 取出内固定装置","78.1301 桡骨外固定术
78.4101 肩胛骨成形术
79.0100x001 肱骨骨折闭合复位术
79.0201 桡骨骨折闭合性复位术
79.1100x002 肱骨骨折闭合复位钢针内固定术
79.1100x003 肱骨骨折闭合复位螺钉内固定术
79.1100x004 肱骨骨折闭合复位髓内针内固定术
79.1200x004 桡骨骨折闭合复位钢针内固定术
79.1200x007 尺骨骨折闭合复位髓内针内固定术
79.1200x008 桡骨骨折闭合复位髓内针内固定术
79.1200x010 桡骨骨折闭合复位钢板内固定术
79.1201 桡骨骨折闭合复位内固定术
79.3100x005 肱骨骨折切开复位钢板内固定术
79.3100x006 肱骨骨折切开复位螺钉内固定术
79.3100x007 肱骨骨折切开复位髓内针内固定术
79.3101 肱骨骨折切开复位内固定术
79.3200x001 尺骨骨折切开复位钢板内固定术
79.3200x009 尺骨骨折切开复位螺钉内固定术
79.3200x010 尺骨骨折切开复位钢针内固定术
79.3200x011 桡骨骨折切开复位钢板内固定术
79.3200x012 桡骨骨折切开复位螺钉内固定术
79.3200x013 桡骨骨折切开复位髓内针内固定术
79.3200x014 桡骨骨折切开复位钢针内固定术
79.3201 桡骨骨折切开复位内固定术
79.3202 尺骨骨折切开复位内固定术
79.3900x028 肩胛骨骨折切开复位螺钉内固定术
79.3900x030 肩胛骨骨折切开复位钢针内固定术
79.3900x042 锁骨骨折切开复位钢针内固定术
79.3900x044 肩胛骨骨折切开复位钢板内固定术
79.3900x051 锁骨骨折切开复位钢板内固定术
79.3902 肩胛骨骨折切开复位内固定术
79.3904 锁骨骨折切开复位内固定术",2.35,22664.14,,,12
392,FT33,瓣膜疾病，伴合并症或并发症,"I07.100x001 风湿性三尖瓣关闭不全
I08.101 二尖瓣狭窄伴三尖瓣关闭不全
I08.102 二尖瓣狭窄关闭不全伴三尖瓣关闭不全
I08.201 主动脉瓣及三尖瓣关闭不全
I08.301 二尖瓣狭窄关闭不全伴主动脉瓣及三尖瓣关闭不全
I08.306 二尖瓣主动脉瓣狭窄关闭不全伴三尖瓣关闭不全
I08.901 风湿性联合瓣膜病
I33.009 主动脉瓣赘生物
I34.000 二尖瓣关闭不全
I34.001 二尖瓣反流
I34.102 二尖瓣后叶脱垂
I34.801 非风湿性二尖瓣狭窄伴关闭不全
I35.000 主动脉瓣狭窄
I35.100 主动脉瓣关闭不全
I35.200 主动脉瓣狭窄伴有关闭不全
I36.100 非风湿性三尖瓣关闭不全
I38.x00x002 老年性心脏瓣膜病
I38.x01 心脏瓣膜病","/
17.91330 悬灸治疗
17.95420 中药熏药治疗
34.0401 胸腔闭式引流术
38.9304 股静脉穿刺置管术
45.1600x001 胃十二指肠镜下活检",0.8,7683.65,,,10
393,HC15,胆总管手术，不伴合并症或并发症,"C24.003 胆总管恶性肿瘤
C25.900 胰恶性肿瘤
K76.900x002 肝损害
K80.200x001 残余胆囊结石
K80.300x005 胆总管结石伴急性化脓性梗阻性胆管炎
K80.301 胆总管结石伴急性化脓性胆管炎
K80.302 胆总管结石伴胆管炎
K80.303 肝胆管结石伴胆管炎
K80.304 胆总管结石伴急性胆管炎
K80.305 肝内胆管结石伴胆管炎
K80.306 肝外胆管结石伴胆管炎
K80.402 胆总管结石伴急性胆囊炎
K80.404 胆总管结石伴慢性胆囊炎
K80.500x002 胆管结石
K80.501 胆总管结石
K80.503 肝内胆管结石
K83.109 梗阻性黄疸
K83.501 胆管囊肿
K85.101 急性胆源型胰腺炎，轻症
K85.102 急性胆源型胰腺炎，重症","51.4100x001 胆总管切开取石术
51.6300x001 腹腔镜下胆总管病损切除术
51.8800x009 内镜下胆管碎石取石术
51.8801 胆道镜下胆管取石术
51.8802 十二指肠镜下胆总管切开取石术
51.8804 胆道镜下肝内胆管结石取出术
51.8805 腹腔镜-胆道镜联合探查取石术
51.8806 胆道镜下胆管结石取出术",2.3,22163.3,,,9
394,QR21,网状内皮及免疫性疾病，伴严重合并症或并发症,"D70.x00 粒细胞缺乏
D70.x01 急性粒细胞缺乏症
D70.x04 白细胞减少
D72.100 嗜酸性粒细胞增多
D72.802 白细胞增多症
D72.804 淋巴细胞增多症
D72.806 类白血病反应
D73.100 脾功能亢进
D73.500 脾梗死
D73.504 脾静脉血栓形成
D73.901 脾肿物
D75.100 继发性红细胞增多症
D75.103 高原性红细胞增多症
D75.803 继发性骨髓纤维化
D75.902 骨髓增生减低
D76.101 噬血细胞综合征
D83.900 常见变异型免疫缺陷
D84.900 免疫缺陷
D84.900x002 原发性免疫缺陷
D89.002 多克隆免疫球蛋白增多症
I88.100 慢性淋巴结炎，除外肠系膜
I88.108 慢性腹股沟淋巴结炎
I88.900x003 腹股沟淋巴结炎
I88.900x005 颈淋巴结炎
I88.900x006 淋巴结炎
L03.901 急性淋巴管炎
L04.100 躯干急性淋巴结炎
L04.202 急性腋下淋巴结炎
L04.900x005 淋巴结坏死
L04.902 组织细胞坏死性淋巴结炎
M32.111+D77* 狼疮性血液系统损害
R16.100x001 脾大
R59.000x009 局部淋巴结肿大
R59.004 耳后淋巴结肿大
R59.005 颈淋巴结肿大
R59.007 锁骨上淋巴结肿大
R59.008 腋下淋巴结肿大
R59.010 纵隔淋巴结肿大
R59.014 腹股沟淋巴结肿大
R59.100 全身性淋巴结增大
R59.100x002 淋巴结病
S36.002 创伤性脾破裂","/
00.6800x001 肢体动脉血管内压力测量
03.3101 腰椎穿刺术
29.1100x002 纤维鼻咽镜检查
31.4200x003 纤维喉镜检查
33.2400x002 支气管镜下诊断性支气管肺泡灌洗[BAL]
34.0401 胸腔闭式引流术
37.0x01 超声引导下心包穿刺引流术
38.9100 动脉导管插入术
40.1100x005 经支气管超声内镜纵隔淋巴结穿刺活检术
40.1100x011 颌上淋巴结活检术
40.1101 颈淋巴结活组织检查
40.1102 锁骨上淋巴结活组织检查
40.1103 腋窝淋巴结活组织检查
40.1104 腹股沟淋巴结活组织检查
41.3100 骨髓活组织检查
45.1300x004 胃-十二指肠镜检查
54.9100x009 超声引导下盆腔穿刺术
54.9101 腹腔穿刺引流术
83.2100 软组织活组织检查
83.9502 超声引导下颈部软组织病损抽吸术
99.0401 红细胞输入
99.7300 治疗性红细胞去除术",1.05,10087.39,,,8
395,VC15,与损伤有关的清创术，不伴严重合并症或并发症,"S31.004 开放性臀部损伤
S31.005 开放性腰背部损伤
S41.700 肩和上臂多处开放性伤口
S51.000 肘开放性伤口
S51.700 前臂多处开放性伤口
S51.800x011 前臂开放性损伤伴骨折
S67.001 手指挤压伤
S71.100 大腿开放性伤口
S81.000 膝开放性伤口
S81.800x082 腘窝开放性损伤
S81.800x083 胫部开放性损伤
S81.900 小腿开放性伤口
S91.000 踝开放性伤口
S91.100 趾开放性伤口不伴有趾甲损坏
S91.200 趾开放性伤口伴有趾甲损坏
S97.100 足趾挤压伤
S98.200x002 多趾切断
T01.200x001 上肢多处开放性损伤
T01.300x001 下肢多处开放性损伤
T01.302 下肢多处裂伤
T81.800x017 手术后切口愈合不良
T81.810 手术后伤口持续性瘘","79.6400 手指开放性骨折部位的清创术
79.6800 趾开放性骨折部位的清创术
83.4501 肌肉清创术
86.2200x011 皮肤和皮下坏死组织切除清创术
86.2201 皮肤伤口切除性清创术",0.75,7175.86,,,8
396,FB21,心脏瓣膜手术，伴严重合并症或并发症,"I05.000x001 风湿性二尖瓣狭窄
I07.100 三尖瓣关闭不全
I08.000x001 风湿性二尖瓣主动脉瓣联合瓣膜病
I08.003 二尖瓣关闭不全伴主动脉瓣狭窄关闭不全
I08.101 二尖瓣狭窄伴三尖瓣关闭不全
I08.102 二尖瓣狭窄关闭不全伴三尖瓣关闭不全
I08.103 二尖瓣及三尖瓣关闭不全
I08.301 二尖瓣狭窄关闭不全伴主动脉瓣及三尖瓣关闭不全
I08.303 二尖瓣主动脉瓣及三尖瓣关闭不全
I33.000x004 感染性心内膜炎
I34.000 二尖瓣关闭不全
I34.001 二尖瓣反流
I34.100 二尖瓣脱垂
I34.102 二尖瓣后叶脱垂
I35.000 主动脉瓣狭窄
I35.100 主动脉瓣关闭不全
I35.200 主动脉瓣狭窄伴有关闭不全
I36.100 非风湿性三尖瓣关闭不全
I37.000 肺动脉瓣狭窄
I37.100 肺动脉瓣关闭不全
Q23.101 先天性主动脉瓣二叶瓣畸形","35.1201 二尖瓣成形术
35.1301 肺动脉瓣成形术
35.1401 三尖瓣成形术
35.1402 胸腔镜下三尖瓣成形术
35.2200x002 主动脉根部扩大伴主动脉瓣机械瓣膜置换术
35.2201 主动脉瓣机械瓣膜置换术
35.2301 二尖瓣生物瓣膜置换术
35.2401 二尖瓣机械瓣膜置换术",15.41,148450.58,,,18
397,GC35,小肠、大肠（含直肠）的其他手术，不伴合并症或并发症,"C16.301 胃窦恶性肿瘤
C17.100 空肠恶性肿瘤
C17.200 回肠恶性肿瘤
C17.900 小肠恶性肿瘤
D13.301 小肠良性肿瘤
D17.500x003 肠脂肪瘤
K27.503 上消化道穿孔
K31.500 十二指肠梗阻
K31.800x806 十二指肠穿孔
K43.500 造口旁疝，不伴梗阻和坏疽
K46.000x002 腹内疝伴肠梗阻
K52.904 非感染性急性肠炎
K55.002 急性缺血性肠坏死
K55.004 肠坏死
K55.009 肠系膜动脉栓塞伴肠坏死
K56.200 肠扭转
K56.200x003 肠系膜扭转
K56.203 结肠扭转
K56.401 肠结石
K56.500x003 粘连性肠梗阻
K56.603 肠梗阻伴坏死
K56.700 肠梗阻
K57.000 小肠憩室病伴有穿孔和脓肿
K57.001 小肠憩室伴脓肿
K57.106 小肠憩室炎
K63.103 结肠穿孔
K63.104 回盲部溃疡伴穿孔
K63.105 乙状结肠穿孔
K63.108 小肠穿孔
K63.200 肠瘘
K63.200x003 盲管瘘
K63.204 结肠瘘
K63.207 手术后空肠瘘
K63.500 结肠息肉
K63.805 小肠肉芽肿
K91.300 手术后肠梗阻
S36.411 开放性小肠破裂
T18.300 小肠内异物","45.0201 小肠切开异物取出术
45.3303 腹腔镜小肠病损切除术
45.4100x002 腹腔镜下结肠病损切除术
45.4101 结肠病损切除术
45.6200x001 腹腔镜下回肠部分切除术
45.6201 小肠部分切除术
45.6206 回肠部分切除术
45.6207 回肠切除术
45.6208 腹腔镜下小肠部分切除术
46.0302 襻式结肠造口术
46.3900x002 空肠造口术
46.3905 腹腔镜空肠造口术
46.4201 腹腔镜结肠造口周围疝修补术
46.4202 腹腔镜结肠造口周围疝无张力成形术
46.5100x002 回肠造口还纳术
46.7400x004 小肠瘘修补术
46.7502 乙状结肠裂伤修补术
46.7506 腹腔镜下结肠裂伤修补术
46.7602 盲肠瘘修补术
46.7604 腹腔镜下结肠瘘修补术
46.8001 肠系膜扭转复位术
46.8101 小肠扭转复位术
46.8201 大肠扭转复位术",2.42,23314.23,,,9
398,RW25,恶性及增生性疾病维持性治疗，不伴严重合并症或并发症,"Z51.100x004 恶性肿瘤终末期化疗
Z51.500x001 姑息医疗
Z51.500x002 恶性肿瘤支持治疗","/
00.6800x001 肢体动脉血管内压力测量
17.912A0 电针治疗
41.3100 骨髓活组织检查
54.9101 腹腔穿刺引流术",0.61,5910.92,,,6
399,BW25,脑性瘫痪，不伴严重合并症或并发症,"G81.900 偏瘫
G81.903 不完全性偏瘫","/
29.1100x002 纤维鼻咽镜检查
45.1300x004 胃-十二指肠镜检查",1.58,15233.54,,,26
400,GU13,消化道溃疡伴穿孔，伴合并症或并发症,"K25.200x001 胃溃疡伴出血和急性穿孔
K25.500x001 胃溃疡伴穿孔
K26.200x001 十二指肠溃疡伴出血和急性穿孔
K26.500x001 十二指肠溃疡伴穿孔
K27.500 慢性消化性溃疡伴有穿孔
K27.503 上消化道穿孔
K27.600x001 复合性溃疡伴出血和穿孔
K63.103 结肠穿孔
K63.105 乙状结肠穿孔","/
34.0401 胸腔闭式引流术
38.9100 动脉导管插入术
38.9302 颈内静脉穿刺中心静脉置管术
44.1300x001 胃镜检查
45.1300x004 胃-十二指肠镜检查
99.6000 心肺复苏",1.18,11371.86,,,7
401,BV25,神经肌肉接头及肌肉病，不伴严重合并症或并发症,"G70.000 重症肌无力
G70.002 重症肌无力，眼肌型
G70.005 重症肌无力，急性重症型
G70.901 肌无力综合征
G71.001 进行性肌营养不良
G71.301 线粒体脑肌病
G72.300 周期性瘫痪
G72.301 低钾型周期性麻痹
G72.404 症状性炎性肌病","/
03.3101 腰椎穿刺术
83.2100 软组织活组织检查",0.55,5259.34,,,5
402,CS15,眼外肌、眼的神经及血管疾病，不伴合并症或并发症,"H34.100 视网膜中央动脉阻塞
H34.202 视网膜分支动脉阻塞
H34.801 视网膜分支静脉阻塞
H34.802 视网膜静脉阻塞
H34.803 视网膜中心性静脉阻塞
H35.002 视网膜静脉周围炎
H35.013 视网膜动脉炎
H46.x00 视神经炎
H46.x01 球后视神经炎
H47.004 缺血性视神经病变
H47.200 视神经萎缩
H47.300x005 视盘血管炎[视神经乳头静脉炎]
H49.001 动眼神经炎
H53.200 复视
H53.400 视野缺损
S04.000x001 视神经损伤","/
03.3101 腰椎穿刺术
95.1201 眼荧光素血管造影",0.47,4569.69,,,6
403,EX13,哮喘及喘息性支气管炎，伴合并症或并发症,"J45.004 过敏性鼻炎伴哮喘
J45.005 咳嗽变异性哮喘
J45.900x001 支气管哮喘
J45.900x013 支气管哮喘(未控制)
J45.900x021 支气管哮喘(急性发作期)
J46.x00x002 支气管哮喘急性发作(轻度)
J46.x00x003 支气管哮喘急性发作(中度)
J46.x00x010 支气管哮喘(中度持续)
J46.x01 支气管哮喘，重度
J46.x02 支气管哮喘，危重","/
17.91330 悬灸治疗
29.1100x002 纤维鼻咽镜检查
33.2400x002 支气管镜下诊断性支气管肺泡灌洗[BAL]
38.9100 动脉导管插入术
45.1300x004 胃-十二指肠镜检查",0.63,6055.98,,,7
404,HK13,食管曲张静脉出血的治疗性内镜操作，伴一般合并症或并发症,"C22.000 肝细胞癌
K70.302+I98.3* 酒精性肝硬化伴食管静脉曲张破裂出血
K70.304+I98.2* 酒精性肝硬化伴食管胃底静脉曲张
K70.306+I98.3* 酒精性肝硬化伴食管胃底静脉曲张破裂出血
K74.300x008+I98.3* 原发性胆汁型肝硬化伴食管胃底静脉曲张破裂出血
K74.302+I98.3* 原发性胆汁性肝硬化伴食管静脉曲张破裂出血
K74.607 肝硬化失代偿期
K74.615+I98.3* 肝硬化伴食管静脉曲张破裂出血
K74.616+I98.2* 肝硬化伴食管静脉曲张
K74.617+I98.3* 肝硬化伴食管胃底静脉曲张破裂出血
K74.618+I98.3* 肝硬化伴胃底静脉曲张破裂出血
K74.619+I98.2* 肝硬化伴食管胃底静脉曲张","42.3307 内镜食管静脉曲张结扎术
42.3308 内镜食管静脉曲张硬化剂注射术
42.3309 内镜食管静脉曲张组织胶注射术
42.3310 内镜食管出血止血术
43.4100x020 内镜下胃底静脉曲张组织胶注射术",1.57,15130.75,,,8
405,LW15,肾、尿路体征及症状，不伴合并症或并发症,"N02.900 复发性和持续性血尿
N02.900x002 持续性血尿
N23.x00 肾绞痛
N32.803 膀胱出血
N36.804 尿道出血
N39.300 压力性尿失禁
N39.401 充盈性尿失禁
N39.405 紧迫性尿失禁
R31.x00 血尿
R33.x00 尿潴留
R80.x02 蛋白尿
R93.403 肾占位性病变
R93.404 输尿管占位性病变
R93.405 膀胱占位性病变","/
06.1101 超声引导下经皮甲状腺活组织检查术
17.91110 头针治疗
34.0401 胸腔闭式引流术
44.1300x001 胃镜检查
45.1300x004 胃-十二指肠镜检查
56.3100 输尿管镜检查
57.3200x001 膀胱镜检查
60.1100x002 超声引导下前列腺穿刺活检
97.6205 膀胱镜输尿管支架取出术",0.37,3602.7,,,4
406,MD13,睾丸手术，伴合并症或并发症,"C63.201 阴囊皮肤恶性肿瘤
I86.101 精索静脉曲张
N43.300 鞘膜积液
N43.301 睾丸鞘膜积液
N43.302 精索鞘膜积液
N44.x00 睾丸扭转
N44.x02 精索扭转
N45.000 睾丸炎、附睾炎和附睾-睾丸炎，伴有脓肿
N45.001 附睾脓肿
N45.903 附睾炎
N45.906 睾丸炎
N45.907 急性附睾炎
N45.908 附睾-睾丸炎
N50.803 附睾囊肿
N50.807 睾丸坏死
N50.816 精索囊肿
N50.902 阴囊肿物
P83.500 先天性鞘膜积液
Q53.101 单侧腹股沟型隐睾
Q53.102 单侧腹腔型隐睾
Q53.902 隐睾
S30.205 阴囊挫伤","61.2x02 睾丸鞘膜切除术
61.3x02 阴囊部分切除术
61.3x03 阴囊病损切除术
61.4901 睾丸鞘状突高位结扎术
61.4902 阴囊修补术
61.4904 睾丸鞘膜翻转术
62.3x00 单侧睾丸切除术
62.3x01 单侧睾丸附睾切除术
62.3x03 单侧隐睾切除术
62.3x04 腹腔镜下单侧隐睾切除术
62.4100x004 双侧睾丸切除术
62.5x00 睾丸固定术
62.5x02 睾丸复位术
63.1x00x005 显微镜下精索静脉低位结扎术
63.1x01 精索静脉高位结扎术
63.1x02 精索鞘膜积液切除术
63.1x03 腹腔镜精索静脉高位结扎术
63.2x00 附睾囊肿切除术
63.3x01 精索病损切除术
63.3x02 精索鞘膜囊肿切除术
63.4x00 附睾切除术
63.5201 睾丸扭转复位术",0.92,8821.02,,,8
407,NJ15,女性生殖系统其他手术，不伴合并症或并发症,"C53.900 宫颈恶性肿瘤
C56.x00 卵巢恶性肿瘤
C57.400 子宫附件恶性肿瘤
D25.100x001 子宫肌壁间平滑肌瘤
D25.200x002 阔韧带平滑肌瘤
D27.x00 卵巢良性肿瘤
N70.900x007 输卵管脓肿
N70.905 输卵管卵巢脓肿
N71.901 子宫积脓
N73.602 女性盆腔粘连
N73.801 盆腔炎性肿物
N73.903 女性盆腔脓肿
N80.100 卵巢的子宫内膜异位症
N80.100x001 卵巢巧克力样囊肿
N80.302 盆腔子宫内膜异位症
N80.601 腹壁瘢痕子宫内膜异位症
N80.800x010 腹壁子宫内膜异位
N80.900 子宫内膜异位症
N83.601 输卵管出血
N84.001 子宫内膜息肉
N89.806 阴道囊肿
N91.400 继发性月经稀少
N94.806 盆腔积液
N94.807 盆腔囊肿
N95.000 绝经后出血
Q52.800x004 女性中肾管囊肿","40.5911 腹腔镜腹腔淋巴结清扫术
54.2100 腹腔镜检查
54.2300x005 腹腔镜下腹膜活组织检查
54.3x01 腹壁病损切除术
54.4x10 腹腔镜下盆腔腹膜病损切除术
54.4x11 腹腔镜下腹膜病损切除术
54.4x15 腹腔镜下腹膜后病损切除术
54.5100x009 腹腔镜下盆腔粘连松解术
54.5101 腹腔镜下肠粘连松解术
54.9900x010 腹腔镜下盆腔病损切除术
54.9900x011 腹腔镜下盆腔内膜病损电凝术
54.9904 腹腔镜下腹腔病损切除术
69.1900x022 腹腔镜下阔韧带病损切除术
70.1202 腹腔镜女性盆腔脓肿引流术
70.3305 腹腔镜阴道病损切除术",1.25,12041.11,,,5
408,OD15,与妊娠相关的子宫及附件手术，不伴严重合并症或并发症,"O00.807 子宫瘢痕处妊娠
O00.809 子宫角妊娠
O01.901 妊娠滋养细胞病
O03.400x001 不完全自然流产
O04.101 不完全性医疗性流产并发过度出血
O04.400 不完全性医疗性流产，无并发症
O04.401 不完全性药物流产
O04.901 中期人工流产
O08.004 流产后盆腔感染
O08.100x002 流产后出血
O08.600x005 异位妊娠后子宫破裂
O34.100x001 妊娠合并子宫肌瘤
O72.101 产后即时出血
O72.201 胎膜滞留伴出血
O72.202 延迟性产后出血
O73.000 胎盘滞留不伴有出血
O73.101 胎膜滞留不伴出血
O73.102 胎盘部分滞留不伴出血
O90.801 产后子宫复旧不良","68.2500x001 子宫动脉栓塞术
68.2901 子宫肌瘤切除术
68.2912 腹腔镜子宫病损切除术
68.2913 宫腔镜子宫病损电切术
68.2915 宫腔镜子宫内膜病损切除术
68.2917 宫腔镜子宫病损切除术
68.4901 经腹全子宫切除术
69.4903 腹腔镜子宫修补术
74.9100 子宫切开终止妊娠",0.82,7910.26,,,3
409,OT15,异位妊娠，不伴合并症或并发症,"O00.100 输卵管妊娠
O00.101 输卵管妊娠流产
O00.107 输卵管间质部妊娠
O00.803 宫颈妊娠
O00.807 子宫瘢痕处妊娠
O00.809 子宫角妊娠
O00.900 异位妊娠
O00.901 持续性异位妊娠","/
68.1200x001 宫腔镜检查
69.0901 诊断性刮宫术
69.0902 宫腔镜诊断性刮宫术
70.0x00x002 后穹窿穿刺引流术",0.42,3999.88,,,5
410,VS23,药物中毒或毒性反应，伴一般合并症或并发症,"F19.000x002 多种药物和其他精神活性物质急性中毒
T39.000 水杨酸盐类中毒
T39.101 对乙酰氨基酚中毒
T42.101 卡马西平中毒
T42.400 苯二氮类中毒
T42.406 氯氮平中毒
T42.600 镇癫痫药和镇静催眠药中毒，其他的
T42.600x002 佐匹克隆中毒
T42.600x004 丙戊酸钠中毒
T43.201 抗抑郁药中毒
T43.500x002 富马酸喹硫平中毒
T43.500x003 碳酸锂中毒
T43.500x004 抗精神病药中毒
T43.800 对精神有影响的药物中毒，其他的,不可归类在他处者
T43.900 对精神有影响的药物中毒
T44.300 副交感神经抑制剂[抗胆碱能药和抗毒蕈碱药]和解痉药中毒，其他的，不可归类在他处者
T45.000x001 抗过敏药中毒
T45.001 止吐药中毒
T46.001 地高辛中毒
T46.100 钙通道阻滞剂中毒
T46.900x001 乌头碱中毒
T48.602 氨氯地平中毒
T49.201 局部去污剂中毒
T50.900 药物、药剂和生物制品中毒，其他和未特指的
T50.900x001 药物中毒
T52.800 毒性效应，其他有机溶剂的
T58.x00 一氧化碳的毒性效应
T60.001 有机磷中毒
T60.100 卤化杀虫剂的毒性效应
T60.300x001 除莠剂中毒
T60.401 杀鼠剂中毒
T60.900 杀虫剂的毒性效应
T60.900x002 农药中毒
T62.000x001 蘑菇类中毒
T62.001 食入毒蘑菇中毒
T62.200x003 植物类中毒
T62.800x002 亚硝酸盐中毒
T63.001 毒蛇咬伤
T63.300 蜘蛛毒液的毒性效应
T63.400x002 有毒昆虫咬伤
T63.401 蜂蜇伤","/
00.6800x001 肢体动脉血管内压力测量
38.9100 动脉导管插入术
38.9700x002 引导下中心静脉置管术
38.9800x001 动脉穿刺术
86.1100 皮肤和皮下组织的活组织检查
99.0901 人造血浆输入",0.33,3167.99,,,3
411,ZC13,多发性严重创伤的脊柱、髋、股或肢体手术，伴一般合并症或并发症,"S12.100 第二颈椎骨折
S12.200x041 颈椎骨折C6
S12.200x051 颈椎骨折C7
S14.101 颈部脊髓损伤
S22.000x051 胸椎骨折T9/T10
S22.000x061 胸椎骨折T11/T12
S22.100 胸椎多处骨折
S32.000x011 腰椎骨折L1
S32.000x021 腰椎骨折L2
S32.000x031 腰椎骨折L3
S32.000x041 腰椎骨折L4
S32.702 多发性腰椎骨折
S42.200x001 肱骨近端骨折
S52.110 开放性桡骨上端骨折
S72.000 股骨颈骨折
S72.101 股骨粗隆间骨折
S72.410 开放性股骨下端骨折","03.5302 颈椎骨折切开复位内固定术
03.5304 胸椎骨折切开复位内固定术
03.5305 腰椎骨折切开复位内固定术
79.6201 桡骨开放性骨折清创术
79.6500 股骨开放性骨折部位的清创术
80.9903 椎体次全切除伴椎间盘切除术
81.0200x001 前入路颈椎融合术
81.0502 胸腰椎融合术，后入路
81.5100 全髋关节置换
81.5200x004 人工双动股骨头置换术
81.5201 人工股骨头置换术
81.6600x002 腰椎骨折球囊扩张成形术
81.6600x003 胸椎骨折球囊扩张成形术
81.8101 人工肱骨头置换术",3.23,31134.94,,,13
412,GB11,食管大手术，伴严重合并症或并发症,"C15.100x004 食管胸下段恶性肿瘤
C15.400 食管中三分之一的恶性肿瘤
C15.500 食管下三分之一的恶性肿瘤
C15.801 食管中上段恶性肿瘤
C15.802 食管中下段恶性肿瘤
C16.000 贲门恶性肿瘤
C16.001 食管贲门连接处恶性肿瘤
C16.002 食管胃连接处恶性肿瘤
C16.100 胃底恶性肿瘤
C16.200 胃体恶性肿瘤
C16.301 胃窦恶性肿瘤
C16.500 胃小弯恶性肿瘤
C16.600 胃大弯恶性肿瘤
C16.801 贲门胃底恶性肿瘤
C16.802 贲门胃体恶性肿瘤
C16.803 胃窦胃体恶性肿瘤
C16.804 胃底胃体恶性肿瘤
D37.702 食管肿瘤","42.4100 部分食管切除术
42.4101 胸腹联合切口食管部分切除术
42.4102 颈胸腹三切口食管部分切除术
42.4104 胸腔镜颈腹切口食管部分切除术
43.5x03 腹腔镜下胃大部切除伴食管-胃吻合术
43.9905 腹腔镜辅助全胃切除伴食管-空肠吻合术",8.72,83977.57,,,25
413,MR11,男性生殖系统恶性肿瘤，伴严重合并症或并发症,"C60.901 阴茎皮肤恶性肿瘤
C61.x00 前列腺恶性肿瘤
C62.900 睾丸恶性肿瘤
C63.201 阴囊皮肤恶性肿瘤
D40.001 前列腺肿瘤
D40.101 睾丸肿瘤","/
29.1100x002 纤维鼻咽镜检查
33.2600x002 经皮针吸肺活检
34.9101 胸腔穿刺抽液术
38.9304 股静脉穿刺置管术
55.2300x001 超声引导下肾穿刺活检
57.3200x001 膀胱镜检查
60.1100x002 超声引导下前列腺穿刺活检
60.1101 经直肠前列腺穿剌活组织检查
78.8100x003 肋骨穿刺活组织检查
86.0600x004 药物治疗泵置入
86.0701 静脉输液港植入术
86.1100 皮肤和皮下组织的活组织检查
89.6000x001 连续血氧饱和度监测
99.6000 心肺复苏",1.22,11708.18,,,10
414,OC11,阴道助产手术，伴严重合并症或并发症,"O36.301 慢性混合型胎儿宫内窘迫
O42.100x011 足月胎膜早破(在1-7天内产程开始)
O63.100 第二期(产程)延长
O64.501 复合先露难产
O66.901 难产
O68.003 急性胎心型胎儿宫内窘迫
O72.100 即刻产后出血，其他的
O80.000 头位顺产
O99.215 妊娠合并甲状腺功能减退","72.0x00 低位产钳手术
72.1x00 低位产钳手术伴外阴切开术
72.6x00 头后出产钳助产
73.5900x001 臀助产术
73.9900 其他助产手术",1.01,9769.41,,,4
415,BW21,脑性瘫痪，伴严重合并症或并发症,"G81.900 偏瘫
G81.903 不完全性偏瘫","/
29.1100x002 纤维鼻咽镜检查
45.1300x004 胃-十二指肠镜检查",1.82,17510.4,,,26
416,DF19,鼻成形术,"C44.300x006 鼻翼皮肤恶性肿瘤
C44.304 鼻部皮肤恶性肿瘤
D18.000x503 鼻部血管瘤
D22.302 鼻黑素细胞痣
D23.303 鼻部皮肤良性肿瘤
J34.200 鼻中隔偏曲
J34.813 鼻中隔穿孔
S02.201 鼻中隔骨折","21.3201 鼻部皮肤病损切除术
21.8400x002 鼻内窥镜下鼻中隔成形术
21.8801 鼻中隔穿孔修补术",0.82,7912.91,,,4
417,IR25,股骨骨折，不伴合并症或并发症,"S72.000 股骨颈骨折
S72.000x031 股骨颈头下骨折
S72.000x081 股骨头骨折
S72.100x001 股骨大粗隆骨折
S72.101 股骨粗隆间骨折
S72.200x001 股骨粗隆下骨折
S72.300 股骨干骨折
S72.400x001 股骨远端骨折
S72.400x012 股骨内髁骨折
S72.400x013 股骨外髁骨折
S72.400x031 股骨髁上骨折
S72.401 股骨髁骨折","/
38.9100 动脉导管插入术
41.3100 骨髓活组织检查
80.2500 关节镜髋关节检查
93.4406 胫骨结节牵引
93.4407 跟骨牵引术
93.4600x001 皮牵引
93.5300x001 石膏绷带固定
93.5402 石膏托固定术",0.72,6930.05,,,7
418,RS21,浆细胞病，伴严重合并症或并发症,"C90.000 多发性骨髓瘤
C90.000x005 浆细胞病
C90.000x021 多发性骨髓瘤(IgGλ型)
C90.000x022 多发性骨髓瘤(IgGк型)
C90.000x023 多发性骨髓瘤(轻链λ型)
C90.000x024 多发性骨髓瘤(轻链к型)
C90.000x026 多发性骨髓瘤(IgDλ型)
C90.000x027 多发性骨髓瘤(IgAλ型)
C90.000x028 多发性骨髓瘤(IgAк型)
C90.000x037 多发性骨髓瘤(ISS分期III期B组)
C90.000x038 多发性骨髓瘤(ISS分期II期)
C90.001 骨髓瘤病
C90.002 浆细胞性骨髓瘤
C90.302 浆细胞瘤
D89.801 POEMS综合征","/
34.9101 胸腔穿刺抽液术
34.9103 超声引导下胸腔穿刺术
38.9100 动脉导管插入术
38.9302 颈内静脉穿刺中心静脉置管术
41.3100 骨髓活组织检查
77.4101 肩胛骨活组织检查
77.4103 肋骨活组织检查
77.4900x007 髂骨活检术
77.4904 椎骨活组织检查
83.2100 软组织活组织检查
86.1100 皮肤和皮下组织的活组织检查
99.0401 红细胞输入",1.5,14491.02,,,12
419,SU13,病毒性疾病，伴合并症或并发症,"A97.900 登革热，未特指
A98.500x001+N08.0* 流行性出血热[肾综合征出血热]
B00.901 EB病毒感染
B00.902 单纯疱疹
B02.700 播散性带状疱疹
B02.900x002 不全性带状疱疹
B02.900x003 顿挫性带状疱疹
B27.001 EB病毒性单核细胞增多症
B27.800 传染性单核细胞增多症，其他的","/
04.8102 三叉神经阻滞术
17.91330 悬灸治疗
29.1100x002 纤维鼻咽镜检查
31.4200x003 纤维喉镜检查
40.1101 颈淋巴结活组织检查
40.1103 腋窝淋巴结活组织检查
41.3100 骨髓活组织检查
83.9700 腱治疗性药物注入",0.41,3953.98,,,6
420,BD15,脊柱脊髓手术，不伴合并症或并发症,"B02.202+G53.0* 带状疱疹性神经痛
B02.203+G53.0* 带状疱疹性神经根炎
C72.000 脊髓恶性肿瘤
C72.003 脊髓胸段恶性肿瘤
D17.700x026 椎管内脂肪瘤
D32.103 胸段脊膜瘤
D33.400 脊髓良性肿瘤
D33.902 椎管内良性肿瘤
D36.109 脊神经良性肿瘤
G44.100x004 颈源性头痛[颈神经后支源性头痛]
G91.900 脑积水
M51.003+G99.2* 腰椎间盘突出伴脊髓病
S14.101 颈部脊髓损伤","03.0900x003 颈椎后路单开门椎管减压术
03.0914 椎间盘镜下椎管减压术
03.4x03 脊髓病损切除术
03.4x07 内镜下椎管内病损切除术
03.7100 脊髓蛛网膜下-腹腔分流术
04.0300x003 脊神经根切断术
04.2x05 脊髓神经根射频消融术
80.5111 内镜下腰椎髓核切除术",2.88,27718.21,,,10
421,GC23,胃、十二指肠其他手术，伴一般合并症或并发症,"C15.500 食管下三分之一的恶性肿瘤
C16.000 贲门恶性肿瘤
C16.100 胃底恶性肿瘤
C16.200 胃体恶性肿瘤
C16.301 胃窦恶性肿瘤
C16.500 胃小弯恶性肿瘤
C16.600 胃大弯恶性肿瘤
C16.900 胃恶性肿瘤
D13.100 胃良性肿瘤
D13.101 贲门良性肿瘤
I86.401 胃底静脉曲张伴出血
K22.000x002 贲门失弛缓
K22.205 食管狭窄
K25.100x001 胃溃疡伴急性穿孔
K25.400x001 胃溃疡伴出血
K25.400x002 胃窦部溃疡伴出血
K25.500x001 胃溃疡伴穿孔
K26.000 急性十二指肠溃疡伴有出血
K26.500x001 十二指肠溃疡伴穿孔
K31.703 胃息肉
K31.800x806 十二指肠穿孔
K31.808 胃结石
K31.810 胃囊肿
K31.814 胃穿孔
K31.903 十二指肠肿物
K44.901 食管裂孔疝
K63.210 手术后肠吻合口瘘
K65.902 自发性腹膜炎
K66.102 腹膜后血肿
K91.812 食管空肠吻合口狭窄
K91.819 手术后胃肠吻合口狭窄
K92.210 消化道出血","42.9200x007 内镜下贲门括约肌切开术(POEM)
43.1900x003 永久性胃造口术
43.8201 腹腔镜胃部分切除术
44.4102 腹腔镜胃溃疡穿孔修补术
44.4200x001 腹腔镜下十二指肠溃疡穿孔修补术
44.4202 腹腔镜十二指肠溃疡修补术
44.4400x005 胃十二指肠动脉栓塞术
44.4401 十二指肠动脉栓塞术
44.4402 经导管胃静脉栓塞术
44.4901 胃切开止血术
44.5x01 胃肠吻合口修补术
44.6701 腹腔镜胃底折叠术
44.6902 腹腔镜胃修补术
44.9100x001 贲门周围血管离断术
46.7900x009 腹腔镜下十二指肠成形术",2.96,28475.96,,,12
422,HL15,肝胆胰系统的治疗性操作，不伴合并症或并发症,"C22.000 肝细胞癌
C22.001 肝恶性细胞瘤
C22.100 肝内胆管癌
C22.900 肝恶性肿瘤
C23.x00 胆囊恶性肿瘤
C24.000 肝外胆管恶性肿瘤
C24.000x007 肝门胆管恶性肿瘤
C24.002 胆管恶性肿瘤
C24.003 胆总管恶性肿瘤
C24.100 法特壶腹恶性肿瘤
C25.000 胰头恶性肿瘤
C25.100 胰体恶性肿瘤
C25.200 胰尾恶性肿瘤
C25.900 胰恶性肿瘤
C78.700 肝部和肝内胆管继发性恶性肿瘤
C78.808 胆管继发恶性肿瘤
D01.503 法特壶腹原位癌
D18.013 肝血管瘤
I72.809 肝动脉瘤
I81.x00 门静脉血栓形成
K74.617+I98.3* 肝硬化伴食管胃底静脉曲张破裂出血
K76.800x006 肝功能不全
K76.806 多发性肝囊肿
K76.807 肝囊肿
K76.814 肝癌破裂出血
K76.901 肝肿物
K80.000x004 胆囊结石伴慢性胆囊炎急性发作
K80.002 胆囊结石伴急性化脓性胆囊炎
K80.100x001 胆囊结石伴胆囊炎
K80.300x005 胆总管结石伴急性化脓性梗阻性胆管炎
K80.301 胆总管结石伴急性化脓性胆管炎
K80.302 胆总管结石伴胆管炎
K80.303 肝胆管结石伴胆管炎
K80.304 胆总管结石伴急性胆管炎
K80.305 肝内胆管结石伴胆管炎
K80.500x002 胆管结石
K80.501 胆总管结石
K81.002 急性化脓性胆囊炎
K81.007 急性梗阻性化脓性胆囊炎
K83.000 胆管炎
K83.000x007 急性化脓性胆管炎
K83.001 急性胆管炎
K83.005 急性梗阻性胆管炎
K83.107 胆总管狭窄
K83.109 梗阻性黄疸
K83.901 胆管肿物
K83.902 胆总管肿物
K85.101 急性胆源型胰腺炎，轻症
K85.818 急性坏死性胰腺炎，重症
K85.900x002 急性轻症胰腺炎
K85.902 急性重症胰腺炎
K86.809 胰管结石
K91.807 胆漏
K92.800x006 肝癌伴出血
Q44.504 先天性胆管扩张症
Q45.300x902 胰腺分裂症
R93.205 胆管占位性病变","39.7900x033 经皮门静脉取栓术
39.7903 经导管肝动脉栓塞术
44.4400x001 食管-胃底静脉栓塞术
50.2401 CT引导下肝病损射频消融术
50.9402 肝囊肿硬化剂注射术
51.0102 经皮经肝胆囊置管引流术
51.0103 超声引导下胆囊穿刺引流术
51.8402 内镜下胆管扩张术
51.8500x002 内镜下十二指肠乳头肌切开取石术
51.8503 内镜下十二指肠乳头肌切开术(EST)
51.8600x002 内镜下鼻胆管引流术
51.8700x001 内镜下胆道内支架成形术
51.8700x003 内镜下胆管支架置入术
51.9601 经T管胆道镜下胆总管取石术
51.9800x001 超声引导下经皮肝穿刺胆管引流术
51.9800x005 经皮胆道镜下取石术
51.9800x009 经皮胆管引流术
51.9800x012 经皮肝穿刺胆管引流术
51.9804 经皮经肝胆管引流术
52.9300 内镜下胰管支架(管)置入
52.9400 内镜下胰管结石去除术",1.81,17419.31,,,6
423,CD33,"除眼眶外的外眼手术,伴合并症或并发症","C44.100x002 眼睑恶性肿瘤
H02.000 睑内翻和倒睫
H02.003 睑内翻
H02.100 睑外翻
H02.103 老年性睑外翻
H02.300 眼睑皮肤松弛症
H02.400 上睑下垂
H02.812 眼睑囊肿
H02.813 眼睑新生物
H02.901 眼睑肿物
H04.300x004 泪囊炎
H04.300x005 泪小管炎
H04.303 泪囊脓肿
H04.305 急性泪小管炎
H04.401 慢性泪囊炎
H04.402 慢性泪小管炎
H04.500x004 泪道狭窄
H04.506 泪小点狭窄
H04.509 泪道阻塞
H04.801 泪小管断裂
H05.901 眼眶肿物
H11.000 翼状胬肉
H11.901 结膜肿物
H16.205 暴露性角膜炎
H26.200 并发性白内障
Q10.000 先天性上睑下垂
S01.101 眼睑裂伤
S02.801 眶骨骨折
S05.102 创伤性前房积血
S05.810 泪小管裂伤
T15.101 眼睑异物","08.0903 眼睑粘连松解术
08.0904 眼睑切开异物取出术
08.2000x006 眼睑病损切除术
08.2300x001 眼睑病损板层切除术
08.2500 眼睑病损破坏术
08.3101 上睑下垂额肌瓣悬吊术
08.3200x003 上睑下垂额肌悬吊术
08.3300x001 上睑下垂提上睑肌缩短术
08.3400x001 上睑下垂上直肌提吊术
08.3500 上睑下垂修补术，用睑板法
08.4401 睑内翻矫正伴睑重建术
08.4402 睑外翻矫正伴睑重建术
08.4901 睑外翻矫正术
08.5900x004 内眦成形术
08.6100x004 游离皮瓣移植眼睑重建术
08.7100x001 眼睑非全层伴睑缘重建术
08.7200x001 眼睑板层重建术
08.7300x001 眼睑全层伴睑缘重建术
08.8101 眼睑裂伤缝合术
08.8200x001 眼睑非全层的眼睑裂伤及修补术
08.8400x001 眼睑全层及睑缘裂伤修补术
08.8900x007 眼睑赘皮切除术
08.8902 重睑术
08.9100x001 睫毛电解术
09.4100 泪点探通术
09.4200 泪小管探通术
09.4300 鼻泪管探通术
09.5200 泪小管切开术
09.6x01 泪囊切除术
09.6x04 泪小管切除术
09.7300x004 泪道重建术
09.7301 泪小管吻合术",0.39,3718.52,,,2
424,EX15,哮喘及喘息性支气管炎，不伴合并症或并发症,"J45.004 过敏性鼻炎伴哮喘
J45.005 咳嗽变异性哮喘
J45.900x001 支气管哮喘
J45.900x013 支气管哮喘(未控制)
J45.900x021 支气管哮喘(急性发作期)
J46.x00x002 支气管哮喘急性发作(轻度)
J46.x00x003 支气管哮喘急性发作(中度)
J46.x00x010 支气管哮喘(中度持续)
J46.x01 支气管哮喘，重度
J46.x02 支气管哮喘，危重","/
17.91330 悬灸治疗
29.1100x002 纤维鼻咽镜检查
33.2400x002 支气管镜下诊断性支气管肺泡灌洗[BAL]
38.9100 动脉导管插入术
45.1300x004 胃-十二指肠镜检查",0.48,4582.14,,,6
425,KZ15,其他代谢疾病，不伴合并症或并发症,"E10.501+I79.2* 1型糖尿病性周围血管病变
E11.500x043 2型糖尿病性下肢溃疡
E11.500x044 2型糖尿病性足坏疽
E11.500x046 2型糖尿病性细菌性坏疽
E11.500x051 2型糖尿病性下肢感染
E11.503 2型糖尿病足病
E11.504 2型糖尿病性溃疡
E11.700x031 2型糖尿病性足溃疡和周围血管病
E14.500x011+I79.2* 糖尿病性周围血管病
E14.500x050 糖尿病足
E14.600x910 糖尿病性肌坏死
E65.x07 颈部脂肪堆积
E66.900 肥胖症
E67.100 高胡萝卜素血症
E83.502 高钙血症
E83.503 低钙血症
E86.x00x001 低血容量
E86.x01 脱水
E87.102 低钠血症
E87.303 呼吸性碱中毒
E87.500 高钾血症
E87.600 低钾血症
E87.600x004 低钾性肌病
E87.801 电解质代谢紊乱","/
17.95420 中药熏药治疗
38.9100 动脉导管插入术
38.9800x001 动脉穿刺术
45.1300x004 胃-十二指肠镜检查
86.0400x011 皮肤和皮下组织切开引流术
86.2800x012 皮肤和皮下组织非切除性清创",0.43,4110.92,,,6
426,LB21,肾脏其他手术，伴严重合并症或并发症,"C64.x00x001 肾恶性肿瘤
C66.x00 输尿管恶性肿瘤
D17.700x016 肾脂肪瘤
D18.000x811 肾血管瘤
N13.202 肾积水伴输尿管结石
N13.300x005 肾盂囊肿
N13.301 肾积水
N13.501 肾盂输尿管连接处狭窄
N13.600 肾积脓
N13.601 肾结石伴有积水和感染
N13.603 肾输尿管结石伴有积水和感染
N19.x02 肾无功能
N20.000 肾结石
N28.100 肾囊肿
N28.101 单纯性肾囊肿
N28.102 获得性肾囊肿
N28.815 肾肿物
N28.819 自发性肾破裂
Q61.300 多囊肾
Q62.100 输尿管闭锁和狭窄
Q63.001 重复肾
S37.001 创伤性肾破裂","55.0106 腹腔镜下肾囊肿去顶术
55.0300x005 经皮肾造口术
55.3900x004 腹腔镜下肾病损切除术
55.4x03 腹腔镜下肾部分切除术
55.5101 单侧肾切除术
55.5103 腹腔镜下单侧肾切除术
55.5104 腹腔镜下单侧肾输尿管切除术
55.8702 肾盂输尿管成形术
55.8703 腹腔镜下肾盂输尿管成形术
55.8704 腹腔镜下肾盂成形术
55.8901 肾修补术",2.43,23449.52,,,11
427,BB55,其他颅脑相关手术，不伴合并症或并发症,"D35.201 鞍区良性肿瘤
G06.201 硬膜下脓肿
G06.203 硬膜外脓肿
G50.000 三叉神经痛
G50.003 原发性三叉神经痛
G51.003 周围性面神经麻痹
G51.301 面肌痉挛
G91.802 硬脑膜下积液
G93.500x001 枕骨大孔疝[小脑扁桃体疝]
G93.903 鞍区肿物
G95.003 脊髓空洞症
G96.000 脑脊液漏
G96.001 脑脊液鼻漏
I63.100 入脑前动脉栓塞引起的脑梗死
I63.402 大脑动脉栓塞引起脑梗死
I63.903 出血性脑梗死
I63.904 小脑梗死
Q01.900x001 脑膜脑膨出
R90.000 颅内占位性病变
S02.712 开放性多发性颅骨骨折
Z42.001 颅骨缺损修补","01.2406 神经内镜下环枕减压术
01.3108 硬脑膜下钻孔引流术
01.3900x009 脑内血肿清除术
01.5900x043 小脑病损切除术
01.5918 颅底病损切除术
01.5923 小脑半球病损切除术
01.5935 小脑扁桃体部分切除术
01.5936 神经导航下颅内病灶切除术
02.0300x001 颅骨骨瓣修补术
02.0503 颅骨钛网置入术
02.0600x003 颅骨修补术
02.1201 硬脑膜缺损修补术
02.1202 脑膜膨出修补术
02.1203 脑脊液漏修补术
02.1208 内镜下脑脊液鼻漏修补术
04.4100x003 三叉神经减压术
04.4101 三叉神经微血管减压术
04.4102 内镜下三叉神经微血管减压术
04.4200x014 面神经根粘连松解术
04.4203 面神经减压术
04.4204 面神经微血管减压术
04.4205 内镜下面神经微血管减压术
07.6200x007 神经内镜下经鼻腔-蝶窦垂体病损切除术",4.48,43167.76,,,10
428,BV13,"癫痫,伴一般合并症或并发症","G40.100x006 癫痫单纯部分性发作继发全面发作
G40.200x002 颞叶性癫痫
G40.200x006 癫痫复杂部分性发作
G40.202 伴海马硬化颞叶内侧癫痫
G40.300x006 癫痫全面性发作强直性发作
G40.300x010 癫痫全面性发作阵挛性发作
G40.300x023 癫痫全面性发作强直阵挛性发作
G40.800x004 症状性癫痫[继发性癫痫]
G40.805 难治性癫痫
G40.900 癫痫
G41.000x002 癫痫全面性强直-阵挛发作持续状态
G41.000x004 癫痫强直性发作持续状态
G41.001 全面性强直阵挛性癫痫持续状态
G41.806 局灶性癫痫持续状态
G41.900 癫痫持续状态
R56.800x003 不明原因抽搐
R56.800x005 良性惊厥
R56.801 癫痫样发作
R56.803 惊厥
T90.503 创伤性癫痫","/
03.3101 腰椎穿刺术
38.9100 动脉导管插入术
38.9304 股静脉穿刺置管术
38.9800x001 动脉穿刺术
89.1400 脑电图
89.1900x001 视频脑电图监测",0.67,6446.42,,,6
429,DJ13,头、颈、耳、鼻、咽、口其他手术，伴一般合并症或并发症,"A18.205 颈淋巴结结核
A18.805+K93.8* 颌下腺结核
C08.900 大涎腺恶性肿瘤
C44.300x005 颞部皮肤恶性肿瘤
C44.302 额部皮肤恶性肿瘤
C44.400x004 头皮恶性肿瘤
C77.002 颈部淋巴结继发恶性肿瘤
D04.300x002 面皮肤原位癌
D10.100 舌良性肿瘤
D10.200 口底良性肿瘤
D17.000x003 头部脂肪瘤
D17.001 面部脂肪瘤
D17.002 颈部脂肪瘤
D18.003 面部血管瘤
D18.102 颈部淋巴管瘤
D21.001 面部结缔组织良性肿瘤
D22.301 面部黑素细胞痣
D22.400x002 头皮黑色素痣
D23.301 面部皮肤良性肿瘤
D23.400x003 头皮良性肿瘤
D36.701 头部良性肿瘤
D36.703 颈部良性肿瘤
D48.702 头颈部肿瘤
K09.204 上颌骨囊肿
K09.801 腮腺淋巴上皮囊肿
K09.804 颏部皮样囊肿
K11.205 慢性颌下腺炎
K11.302 颌下腺脓肿
K11.605 颌下腺囊肿
K14.805 舌囊肿
K14.901 舌肿物
Q18.002 先天性鳃裂囊肿
Q38.500x005 悬雍垂过长
Q89.202 甲状舌管囊肿
R04.000 鼻出血
S00.003 头皮异物
S02.600 下颌骨骨折","06.7x01 甲状舌管病损切除术
21.0400 控制鼻出血，用筛动脉结扎术
24.4x01 颌骨上牙囊肿切除术
25.1x01 舌病损切除术
25.1x04 支撑喉镜下舌根部病损切除术
26.2904 颌下腺病损切除术
26.3100x009 腮腺浅叶切除术
26.3201 腮腺切除术
26.3203 颌下腺切除术
27.4900x007 口底病损切除术
27.4902 颌下区病损切除术
27.7901 悬雍垂病损切除术
27.9900x005 面部病损切除术
27.9902 颏下病损切除术
40.2900x021 颈淋巴结切除术
40.2910 淋巴管瘤切除术
86.2201 皮肤伤口切除性清创术
86.3x02 皮肤病损切除术
86.3x03 皮下组织病损切除术",0.78,7555.74,,,5
430,DV19,头、颈、耳、鼻、咽、口非恶性增生性疾病,"D14.000x010 鼻腔良性肿瘤
D14.001 鼻旁窦良性肿瘤
D18.003 面部血管瘤
D18.004 颈部血管瘤
D22.301 面部黑素细胞痣
D22.401 颈黑素细胞痣
D36.703 颈部良性肿瘤
H61.806 外耳道囊肿
H93.901 耳后肿物
J33.001 鼻咽息肉
J34.108 鼻前庭囊肿
J34.800x033 鼻前庭肿物
J34.800x034 鼻中隔肿物
J35.200 腺样体肥大
J35.901 扁桃体肿物
J38.102 声带息肉
J38.308 声带肿物
J38.708 喉肿物
J38.715 会厌囊肿
J39.200x016 鼻咽肿物
J39.225 鼻咽淋巴组织增生
K09.204 上颌骨囊肿
K10.901 颌骨肿物
K11.102 颌下腺肥大
K11.903 颌下腺肿物","/
06.1101 超声引导下经皮甲状腺活组织检查术
18.1100 耳镜检查
29.1100x002 纤维鼻咽镜检查
29.1202 鼻咽活组织检查
29.1203 内镜下鼻咽活组织检查
31.4200x001 支撑喉镜检查
31.4200x003 纤维喉镜检查
33.2302 电子支气管镜检查
86.1900 皮肤和皮下组织的其他诊断性操作
99.2904 血管瘤硬化剂注射",0.56,5394.81,,,4
431,FL15,经皮瓣膜植入或修复术，不伴严重合并症或并发症,"I34.001 二尖瓣反流
I35.000 主动脉瓣狭窄
I35.100 主动脉瓣关闭不全
I35.200 主动脉瓣狭窄伴有关闭不全
I37.100 肺动脉瓣关闭不全
Q22.100 先天性肺动脉瓣狭窄","35.0501 经导管主动脉瓣植入术
35.0502 经导管主动脉瓣置换术
35.0701 经导管肺动脉瓣植入术
35.9601 经导管肺动脉瓣球囊扩张成形术
35.9700x003 经皮二尖瓣钳夹术(Mitra Clip)",27.5,264850.67,,,11
432,GB13,食管大手术，伴一般合并症或并发症,"C15.100x004 食管胸下段恶性肿瘤
C15.400 食管中三分之一的恶性肿瘤
C15.500 食管下三分之一的恶性肿瘤
C15.801 食管中上段恶性肿瘤
C15.802 食管中下段恶性肿瘤
C16.000 贲门恶性肿瘤
C16.001 食管贲门连接处恶性肿瘤
C16.002 食管胃连接处恶性肿瘤
C16.100 胃底恶性肿瘤
C16.200 胃体恶性肿瘤
C16.301 胃窦恶性肿瘤
C16.500 胃小弯恶性肿瘤
C16.600 胃大弯恶性肿瘤
C16.801 贲门胃底恶性肿瘤
C16.802 贲门胃体恶性肿瘤
C16.803 胃窦胃体恶性肿瘤
C16.804 胃底胃体恶性肿瘤
D37.702 食管肿瘤","42.4100 部分食管切除术
42.4101 胸腹联合切口食管部分切除术
42.4102 颈胸腹三切口食管部分切除术
42.4104 胸腔镜颈腹切口食管部分切除术
43.5x03 腹腔镜下胃大部切除伴食管-胃吻合术
43.9905 腹腔镜辅助全胃切除伴食管-空肠吻合术",7.89,75999.61,,,19
433,JV15,皮肤、皮下组织的非恶性增生性病变，不伴合并症或并发症,"D17.000x004 肩部脂肪瘤
D17.100x001 躯干脂肪瘤
D17.100x003 胸壁脂肪瘤
D17.200x002 上肢脂肪瘤
D17.200x004 下肢脂肪瘤
D18.000x018 肢端血管瘤
D18.006 肢体血管瘤
D22.503 乳房黑素细胞痣
M79.802 下肢肿胀
R22.003 鼻部肿物
R22.100x001 颈部肿物
R22.200x002 躯干肿物
R22.202 胸壁肿物
R22.203 腹壁肿物
R22.204 腹股沟肿物
R22.205 背部肿物
R22.206 骶尾部肿物
R22.207 臀部肿物
R22.300x001 上肢肿物
R22.302 肩部肿物
R22.400x002 下肢肿物
R22.902 皮下肿物
R22.903 皮肤肿物
R22.904 皮下结节","/
31.4200x003 纤维喉镜检查
54.2200x004 腹壁穿刺活检
83.9502 超声引导下颈部软组织病损抽吸术
99.2904 血管瘤硬化剂注射",0.37,3547.06,,,3
434,SU15,病毒性疾病，不伴合并症或并发症,"A97.900 登革热，未特指
A98.500x001+N08.0* 流行性出血热[肾综合征出血热]
B00.901 EB病毒感染
B00.902 单纯疱疹
B02.700 播散性带状疱疹
B02.900x002 不全性带状疱疹
B02.900x003 顿挫性带状疱疹
B27.001 EB病毒性单核细胞增多症
B27.800 传染性单核细胞增多症，其他的","/
04.8102 三叉神经阻滞术
17.91330 悬灸治疗
29.1100x002 纤维鼻咽镜检查
31.4200x003 纤维喉镜检查
40.1101 颈淋巴结活组织检查
40.1103 腋窝淋巴结活组织检查
41.3100 骨髓活组织检查
83.9700 腱治疗性药物注入",0.29,2774.81,,,5
435,BB51,其他颅脑相关手术，伴严重合并症或并发症,"D35.201 鞍区良性肿瘤
G06.201 硬膜下脓肿
G06.203 硬膜外脓肿
G50.000 三叉神经痛
G50.003 原发性三叉神经痛
G51.003 周围性面神经麻痹
G51.301 面肌痉挛
G91.802 硬脑膜下积液
G93.500x001 枕骨大孔疝[小脑扁桃体疝]
G93.903 鞍区肿物
G95.003 脊髓空洞症
G96.000 脑脊液漏
G96.001 脑脊液鼻漏
I63.100 入脑前动脉栓塞引起的脑梗死
I63.402 大脑动脉栓塞引起脑梗死
I63.903 出血性脑梗死
I63.904 小脑梗死
Q01.900x001 脑膜脑膨出
R90.000 颅内占位性病变
S02.712 开放性多发性颅骨骨折
Z42.001 颅骨缺损修补","01.2406 神经内镜下环枕减压术
01.3108 硬脑膜下钻孔引流术
01.3900x009 脑内血肿清除术
01.5900x043 小脑病损切除术
01.5918 颅底病损切除术
01.5923 小脑半球病损切除术
01.5935 小脑扁桃体部分切除术
01.5936 神经导航下颅内病灶切除术
02.0300x001 颅骨骨瓣修补术
02.0503 颅骨钛网置入术
02.0600x003 颅骨修补术
02.1201 硬脑膜缺损修补术
02.1202 脑膜膨出修补术
02.1203 脑脊液漏修补术
02.1208 内镜下脑脊液鼻漏修补术
04.4100x003 三叉神经减压术
04.4101 三叉神经微血管减压术
04.4102 内镜下三叉神经微血管减压术
04.4200x014 面神经根粘连松解术
04.4203 面神经减压术
04.4204 面神经微血管减压术
04.4205 内镜下面神经微血管减压术
07.6200x007 神经内镜下经鼻腔-蝶窦垂体病损切除术",7.54,72612.44,,,21
436,BY21,脊髓伤病及功能障碍，伴严重合并症或并发症,"E53.801+G32.0* 脊髓亚急性联合变性
G82.200 截瘫
G82.201 慢性不完全性截瘫
G82.203 急性不完全性截瘫
G82.204 高位截瘫
G82.500 四肢瘫痪
G82.501 急性四肢瘫
G83.100 下肢单瘫
G83.200 上肢单瘫
G83.900x002 瘫痪
G95.003 脊髓空洞症
G95.100x007 缺血性脊髓病
G95.100x008 缺血性脊髓血管病
G95.200 脊髓受压
G95.800x010 椎管内囊肿
G95.900 脊髓病
G95.900x003 椎管内占位性病变
G95.901 椎管内肿物
I77.002 硬脊膜动静脉瘘
S14.002 颈部脊髓震荡
S14.101 颈部脊髓损伤
S34.000x002 腰部脊髓震荡
S34.100x001 腰部脊髓损伤
T09.300 脊髓损伤","/
03.3101 腰椎穿刺术
17.91110 头针治疗
27.2300 唇活组织检查
29.1100x002 纤维鼻咽镜检查
45.1300x004 胃-十二指肠镜检查
45.2302 电子结肠镜检查
87.2102 脊髓造影",1.54,14850.57,,,24
437,FN15,下肢动脉经皮血管内治疗，不伴合并症或并发症,"I70.204 下肢动脉硬化闭塞症
I70.214 下肢动脉硬化闭塞症伴坏疽
I72.300x003 髂动脉夹层
I72.300x006 髂动脉瘤
I72.300x021 髂内动脉瘤
I72.304 髂动脉瘤破裂
I72.400x223 胫后动脉假性动脉瘤
I72.405 腘动脉瘤
I74.002 腹主动脉血栓形成
I74.300x030 下肢动脉闭塞
I74.300x510 腘动脉血栓形成
I74.301 下肢动脉栓塞
I74.302 下肢动脉血栓形成
I74.305 股动脉闭塞
I74.308 腘动脉闭塞
I74.500x002 髂动脉闭塞
I74.500x007 髂总动脉闭塞
I74.500x008 髂动脉血栓形成
I74.504 髂外动脉闭塞
I77.125 髂总动脉狭窄
I77.129 下肢动脉狭窄
I80.303 下肢静脉血栓形成
I82.800x003 髂静脉栓塞
I87.116 髂总静脉压迫综合征[Cockett综合征]
T82.800x401 股动脉支架内再狭窄
T82.800x408 股动脉支架闭塞","17.5600x001 经皮周围血管动脉粥样斑块切除术
39.5000x031 下肢动脉球囊扩张成形术
39.5005 髂动脉球囊血管成形术
39.5007 髂静脉球囊血管成形术
39.5009 腘动脉球囊血管成形术
39.7900x007 髂动脉瘤覆膜支架置入术
39.7900x032 经皮股动脉取栓术
39.7900x042 经皮下肢动脉取栓术
39.7900x070 经皮下肢动脉栓塞术
39.7906 经导管髂内动脉栓塞术
39.9000x019 股动脉覆膜支架置入术
39.9000x028 髂动脉覆膜支架置入术
39.9004 髂动脉支架置入术
39.9009 股动脉支架置入术
39.9013 腘动脉支架置入术",7.47,71949.15,,,7
438,GJ13,消化系统其他手术，伴一般合并症或并发症,"A09.004 感染性腹泻
A18.300x009+K93.0* 腹腔结核
A18.314+K67.3* 结核性腹膜炎
C15.100 胸部食管恶性肿瘤
C16.200 胃体恶性肿瘤
C16.900 胃恶性肿瘤
C17.900 小肠恶性肿瘤
C18.100 阑尾恶性肿瘤
C19.x00 直肠乙状结肠连接处恶性肿瘤
C20.x00 直肠恶性肿瘤
C26.901 胃肠道恶性肿瘤
C76.200 腹部恶性肿瘤
C76.304 腹股沟恶性肿瘤
C78.602 大网膜继发恶性肿瘤
C79.800x834 腹股沟继发恶性肿瘤
C79.809 腹腔继发恶性肿瘤
D01.405 十二指肠原位癌
D17.500x005 盆腔脂肪瘤
D18.000x859 腹股沟血管瘤
D36.707 腹腔良性肿瘤
D36.708 腹股沟良性肿瘤
D37.101 胃肿瘤
D48.714 腹腔肿瘤
K26.401 十二指肠球部溃疡伴出血
K27.503 上消化道穿孔
K28.500 慢性胃空肠溃疡伴有穿孔
K29.500 慢性胃炎
K29.800 十二指肠炎
K31.501 十二指肠狭窄
K31.814 胃穿孔
K40.307 单侧嵌顿性腹股沟疝伴梗阻
K40.906 复发性腹股沟疝
K46.000 腹疝，伴有梗阻，不伴有坏疽
K55.013 大网膜坏死
K56.700 肠梗阻
K62.600x002 直肠溃疡
K63.102 回肠穿孔
K63.103 结肠穿孔
K63.108 小肠穿孔
K63.200 肠瘘
K63.900x003 肠系膜肿物
K65.002 急性化脓性腹膜炎
K65.005 腹腔脓肿
K65.903 腹腔感染
K65.905 大网膜炎
K66.100 腹腔积血
K66.802 肠系膜囊肿
K66.807 腹腔囊肿
K66.809 腹膜肉芽肿
K92.210 消化道出血
S36.802 肠系膜裂伤
T18.200 胃内异物","39.9800x001 伤口止血术
44.1101 经腹胃镜检查(手术中)
51.8201 十二指肠乳头肌切开术
54.1101 腹腔镜中转剖腹探查术
54.1900x005 腹腔镜下腹腔积血清除术
54.2100 腹腔镜检查
54.2200x003 腹腔镜下腹壁活检术
54.2300x005 腹腔镜下腹膜活组织检查
54.3x02 腹腔镜下腹壁病损切除术
54.3x03 腹股沟病损切除术
54.3x06 腹壁清创术
54.4x11 腹腔镜下腹膜病损切除术
54.4x12 腹腔镜下网膜病损切除术
54.4x13 腹腔镜下肠系膜病损切除术
54.7500x002 肠系膜修补术
54.9202 腹腔镜下腹腔异物取出术
54.9900x010 腹腔镜下盆腔病损切除术
54.9902 腹腔病损切除术
54.9904 腹腔镜下腹腔病损切除术
96.2200x002 内镜下直肠支架植入术",2.89,27848.53,,,12
439,FZ15,其他循环系统疾病，不伴合并症或并发症,"C79.800x863 恶性心包积液
D44.703 颈静脉球肿瘤
D48.712 心脏肿瘤
E03.900x004+I43.8* 甲状腺功能减退性心脏病
E05.903+I43.8* 甲状腺功能亢进性心脏病
I09.900 风湿性心脏病
I27.900 肺源性心脏病
I27.900x002 慢性肺源性心脏病
I51.302 心房血栓
I51.800x006 心房肿物
I51.901 心脏肿物
I95.900 低血压
Q28.801 肺血管畸形
R03.001 应激性高血压
R07.400 胸痛
R94.303 心电图异常
R94.304 RR间期延长
T82.002 二尖瓣机械瓣周漏
T82.400 血管透析导管的机械性并发症","/
17.91330 悬灸治疗
17.95420 中药熏药治疗
29.1100x002 纤维鼻咽镜检查
31.4200x003 纤维喉镜检查
33.2400x002 支气管镜下诊断性支气管肺泡灌洗[BAL]
34.0401 胸腔闭式引流术
37.0x00x002 心包穿刺引流术
37.0x01 超声引导下心包穿刺引流术
38.9302 颈内静脉穿刺中心静脉置管术
89.6700 心脏排出量监测，用氧耗技术
97.3801 角膜缝线去除
99.6000 心肺复苏",0.42,4069.83,,,5
440,GB21,胃、十二指肠大手术，伴严重合并症或并发症,"C16.000x003 贲门口恶性肿瘤
C16.100 胃底恶性肿瘤
C16.200 胃体恶性肿瘤
C16.301 胃窦恶性肿瘤
C16.400 幽门恶性肿瘤
C16.402 幽门管恶性肿瘤
C16.500 胃小弯恶性肿瘤
C16.800 胃交搭跨越恶性肿瘤的损害
C16.803 胃窦胃体恶性肿瘤
C16.900 胃恶性肿瘤
C16.902 胃溃疡癌变
C16.903 残胃恶性肿瘤
C17.000 十二指肠恶性肿瘤
C77.200x001 贲门淋巴结继发恶性肿瘤
C79.809 腹腔继发恶性肿瘤
D37.101 胃肿瘤
K21.001 反流性食管炎
K25.400x001 胃溃疡伴出血
K25.500x001 胃溃疡伴穿孔
K25.900x001 胃溃疡
K26.401 十二指肠球部溃疡伴出血
K31.501 十二指肠狭窄
K44.901 食管裂孔疝
K56.700 肠梗阻","43.4203 腹腔镜下胃病损切除术
43.7x00x001 胃大部切除伴胃-空肠吻合术[Billroth Ⅱ式手术]
43.7x03 腹腔镜胃大部切除伴胃空肠吻合术
43.8901 胃部分切除术
43.9102 腹腔镜辅助全胃切除伴空肠间置术
44.3801 腹腔镜下胃空肠吻合术
44.3903 胃空肠吻合术（旁路）
44.6501 贲门成形术
44.6600x002 胃-贲门成形术
45.6200x005 腹腔镜下十二指肠部分切除术
52.7x00 根治性胰十二指肠切除术",7.55,72687.47,,,21
441,OS19,产褥期相关疾病,"O72.201 胎膜滞留伴出血
O72.202 延迟性产后出血
O73.101 胎膜滞留不伴出血
O85.x00 产褥期脓毒病
O85.x01 产褥期腹膜炎
O86.102 产褥期阴道炎
O86.401 产褥期不明原因发热
O86.402 产褥期未特指的感染
O86.802 产褥期盆腔炎
O90.801 产后子宫复旧不良
O91.201 产褥期乳腺炎
Z39.000x031 在医院外分娩无计划的产后医疗照顾","/
38.9100 动脉导管插入术
68.1200x001 宫腔镜检查
71.0900x001 会阴切开引流术",0.3,2918.45,,,4
442,PQY,歧义组(MDCP),"P07.000 极低出生体重（小于999克）
P07.101 低出生体重儿（1500-2499克）
P07.102 低出生体重儿（1000-1499克）
P07.300x021 早产儿(孕期等于或大于32整周,但小于37整周)
P22.000 新生儿呼吸窘迫综合征
P23.900 先天性肺炎
P36.901 新生儿脓毒症
P59.901 新生儿高胆红素血症","86.0100x003 皮肤和皮下组织血肿抽吸术
86.0101 帽状腱膜下血肿穿刺吸引术
93.9000 无创机械性通气
93.9000x002 无创呼吸机辅助通气(双水平气道正压[BiPAP])
93.9001 持续性气道正压通气（CPAP）
96.0400 气管内插管",/,/,,,/
443,BB23,伴出血诊断的颅脑手术，伴一般合并症或并发症,"I60.101 大脑中动脉瘤破裂伴蛛网膜下腔出血
I60.200x005 大脑前动脉远侧段(A2-A5)动脉瘤破裂伴蛛网膜下腔出血
I60.201 前交通动脉瘤破裂伴蛛网膜下腔出血
I61.004 基底节出血
I61.100x002 多处脑叶出血
I61.100x005 枕叶出血
I61.100x006 颞叶出血
I61.100x008 顶枕叶脑出血
I61.100x010 额颞顶叶脑出血
I61.100x011 额颞顶枕叶脑出血
I61.100x012 额颞枕叶脑出血
I61.100x013 颞顶叶脑出血
I61.100x014 颞枕叶脑出血
I61.400x001 小脑出血
I61.600x001 多灶性脑出血
I61.802 丘脑出血
I61.902 高血压脑出血
I62.000x005 亚急性非创伤性硬脑膜下出血
I62.001 急性非创伤性硬膜下血肿
I62.003 慢性硬膜下血肿
I62.101 硬膜外血肿
Q28.200 大脑血管动静脉畸形
Q28.300x001 脑血管畸形","01.2400x013 硬脑膜外血肿清除术
01.2408 颅内血肿清除术
01.3104 脑膜切开伴硬脑膜下腔血肿清除术
01.3108 硬脑膜下钻孔引流术
01.3900x009 脑内血肿清除术
01.3900x012 经外侧裂脑内血肿清除术
01.3906 内镜下脑血肿引流术
38.6101 颅内血管畸形切除术
39.5102 大脑前动脉瘤夹闭术
39.5103 大脑中动脉瘤夹闭术
39.5107 前交通动脉瘤夹闭术",5.08,48973.75,,,16
444,CZ13,其他眼部疾病，伴合并症或并发症,"E05.002+H06.2* 甲状腺功能障碍性突眼
H00.002 眼睑脓肿
H02.000 睑内翻和倒睫
H02.400 上睑下垂
H02.500 影响眼睑功能的其他疾患
H02.806 眼睑水肿
H02.901 眼睑肿物
H04.000 泪腺炎
H04.001 急性泪腺炎
H04.300x005 泪小管炎
H04.302 急性泪囊炎
H04.303 泪囊脓肿
H04.305 急性泪小管炎
H04.401 慢性泪囊炎
H04.509 泪道阻塞
H05.901 眼眶肿物
H10.101 变应性结膜炎
H10.900 结膜炎
H11.000 翼状胬肉
H15.000 巩膜炎
H16.100x004 晕性角膜炎
H18.100 大泡性角膜病变
H20.000x004 急性虹膜睫状体炎
H20.100 慢性虹膜睫状体炎
H20.900x004 葡萄膜炎[色素膜炎]
H30.901 视神经视网膜炎
H31.800x004 特发性息肉样脉络膜血管病变
H31.901 脉络膜肿物
H33.001 孔源性视网膜脱离
H35.300x010 干性年龄相关性黄斑变性
H35.300x011 湿性年龄相关性黄斑变性
H35.303 黄斑裂孔
H35.305 年龄相关性黄斑变性
H35.307 视网膜黄斑变性
H35.701 中心性浆液性脉络膜视网膜病变
H35.702 视网膜色素上皮脱离
H35.800x005 急性视网膜坏死综合征
H35.804 黄斑囊样水肿
H44.200x001 病理性近视
H49.807 痛性眼肌麻痹
H53.104 视物变形
H53.801 视物模糊
H54.601 单眼视力低下
H54.900 视力缺损，双眼
T26.100x001 角膜和结膜烧伤
T26.101 角膜烧伤
T26.602 角膜化学性烧伤
Z48.801 取出眼内硅油","/
03.3101 腰椎穿刺术
08.0902 眼睑切开引流术
08.2100x004 睑板腺脓肿切开引流术
09.0x00x001 泪囊切开引流术
10.9100 结膜下注射
16.2900 眼眶和眼球的其他诊断性操作
95.1201 眼荧光素血管造影",0.47,4570.86,,,5
445,DK19,其他头、颈、耳、鼻、咽、口治疗操作,"J05.100 急性会厌炎
R04.000 鼻出血
T16.x00x001 耳道异物","21.0100 控制鼻出血，用前鼻孔填塞
21.0300x004 鼻内窥镜下电凝止血术
21.0302 鼻出血电凝术
21.0501 内镜下蝶腭动脉结扎术
98.1100x001 耳内异物去除
98.1400x001 喉内异物去除",0.34,3301.73,,,3
446,FU15,严重心律失常及心脏停搏，不伴严重合并症或并发症,"I44.200 Ⅲ度房室传导阻滞
I44.201 高度房室传导阻滞
I45.300 三分支传导阻滞
I46.000 心脏停搏复苏成功
I46.901 呼吸心跳骤停
I47.200 室性心动过速
I47.200x006 宽QRS心动过速
I47.200x007 非持续性室性心动过速
I47.200x014 心律失常电风暴
I47.201 阵发性室性心动过速
I47.203 持续性室性心动过速
I49.001 心室颤动
I49.805 布鲁咯哒综合征[Brugada综合征]
Z45.002 更换心脏起搏器","/
38.9100 动脉导管插入术
38.9304 股静脉穿刺置管术
57.9400 留置导尿管的置入术
99.6000 心肺复苏",0.57,5493.39,,,5
447,KJ13,因内分泌、营养、代谢疾病的其他手术，伴一般合并症或并发症,"E11.500x044 2型糖尿病性足坏疽
E11.503 2型糖尿病足病
E65.x04 脂肪垫
E87.500 高钾血症","39.9500 血液透析
39.9500x007 连续性肾脏替代治疗[CRRT]
77.2900x005 趾骨截骨术
77.6903 趾骨病损切除术
83.4501 肌肉清创术
84.1101 趾关节离断术
84.1103 跖骨头截断术
86.2200x011 皮肤和皮下坏死组织切除清创术
86.7503 皮瓣修整术
86.8300x031 脂肪垫切除术",2.3,22147.34,,,18
448,LZ15,肾及泌尿系统其他疾病，不伴合并症或并发症,"N18.100 慢性肾脏病1期
N18.200 慢性肾脏病2期
N28.001 肾梗死
N28.100 肾囊肿
N28.101 单纯性肾囊肿
N28.102 获得性肾囊肿
N28.805 肾包膜下积液
N28.806 肾出血
N28.815 肾肿物
N28.826 输尿管扩张
N28.902 输尿管肿物
N30.400 放射性膀胱炎
N30.900 膀胱炎
N30.902 出血性膀胱炎
N32.300 膀胱憩室
N32.805 膀胱过度活动症
N36.000 尿道瘘
N36.200 尿道肉阜
N36.901 尿道肿物
Q61.300 多囊肾
Q62.000 先天性肾盂积水
Q62.200 先天性巨输尿管
Q64.401 脐尿管瘘
S37.002 肾挫伤
S37.004 创伤性肾周血肿
S37.201 创伤性膀胱破裂
S37.300 尿道损伤
T82.800x003 人工动静脉瘘闭塞","/
34.9103 超声引导下胸腔穿刺术
38.9800x001 动脉穿刺术
45.2302 电子结肠镜检查
55.2300x001 超声引导下肾穿刺活检
57.3200x001 膀胱镜检查
58.2200x001 尿道镜检查",0.51,4927.41,,,5
449,YC15,HIV相关疾病的手术，不伴严重合并症或并发症,"A41.900 脓毒症
B02.202+G53.0* 带状疱疹性神经痛
C18.400 横结肠恶性肿瘤
C34.900x004 左肺恶性肿瘤
C50.300 乳房下内象限恶性肿瘤
D01.000 结肠原位癌
D24.x00 乳房良性肿瘤
G93.100x002 脑缺氧症
I20.000 不稳定型心绞痛
I25.102 冠状动脉粥样硬化
I44.200 Ⅲ度房室传导阻滞
I61.004 基底节出血
I63.502 大脑动脉闭塞脑梗死
J18.903 重症肺炎
K35.300 急性阑尾炎伴局限性腹膜炎
K64.806 血栓性外痔
K64.811 混合痔
K74.617+I98.3* 肝硬化伴食管胃底静脉曲张破裂出血
K86.809 胰管结石
N13.602 输尿管结石伴有积水和感染
R91.x04 孤立性肺结节
S06.202 脑挫伤
S82.212 开放性胫腓骨干骨折
Z08.700 恶性肿瘤联合治疗后的随诊检查
Z51.003 恶性肿瘤放射治疗
Z51.102 手术后恶性肿瘤化学治疗
Z51.103 恶性肿瘤维持性化学治疗
Z51.800x092 恶性肿瘤介入治疗","04.2x05 脊髓神经根射频消融术
17.3300 腹腔镜右半结肠切除术
32.2400x001 经皮肺病损射频消融术
36.0700 药物洗脱冠状动脉支架置入
37.8301 双腔永久起搏器置入术
39.7401 经导管颅内血管血栓去除术
39.7903 经导管肝动脉栓塞术
42.3307 内镜食管静脉曲张结扎术
45.4307 内镜下结肠黏膜切除术(EMR)
47.0100 腹腔镜下阑尾切除术
49.4600 痔切除术
49.4701 血栓痔剥离术
51.8600x002 内镜下鼻胆管引流术
59.8x03 经尿道输尿管支架置入术
85.2100x003 乳房病损切除术
85.3400x002 单侧皮下乳房切除术
86.0500x008 皮下植入装置取出术
86.5902 头皮裂伤清创缝合术
86.7503 皮瓣修整术
88.4101 脑血管造影
88.5500 单根导管的冠状动脉造影术
92.2400x003 调强适形放射治疗[IMRT]
93.9000 无创机械性通气
93.9000x002 无创呼吸机辅助通气(双水平气道正压[BiPAP])
96.0400 气管内插管
99.2503 静脉注射化疗药物",1.43,13758.52,,,7
450,BX11,认知功能障碍，伴严重合并症或并发症,"F01.900 血管性痴呆
F03.x00 痴呆
F03.x01 老年性痴呆
G30.000 阿尔茨海默病伴有早期发病
G30.100x003+F00.1* 阿尔茨海默病性痴呆(老年型)
G30.800x003+F00.2* 混合性痴呆
G30.900 阿尔茨海默病
G30.901+F00.9* 阿尔茨海默病性痴呆","/
03.3101 腰椎穿刺术
16.2100x001 眼底检查
29.1100x002 纤维鼻咽镜检查
45.2302 电子结肠镜检查",1.48,14242.2,,,35
451,FF19,外周血管手术伴介入操作,"I70.204 下肢动脉硬化闭塞症
I71.000x029 胸腹主动脉夹层
I71.004 腹主动脉夹层
I71.006 腹主动脉壁间出血
I71.402 腹主动脉扩张
I71.902 降主动脉瘤
I72.301 髂总动脉瘤
I74.102 主动脉血栓形成
I74.301 下肢动脉栓塞
I74.302 下肢动脉血栓形成
I74.500x008 髂动脉血栓形成
I74.801 锁骨下动脉闭塞
I77.000x011 动静脉内瘘血栓形成
I77.112 腹主动脉狭窄
I80.207 下肢深静脉血栓形成
I82.803 锁骨下静脉血栓形成
I87.116 髂总静脉压迫综合征[Cockett综合征]
I97.804 人工动静脉瘘瘤形成
T82.806 腹主动脉支架内血栓形成","38.0301 上肢静脉取栓术
38.0602 髂动脉取栓术
38.0800x002 下肢动脉血栓切除术
38.0801 股动脉取栓术
38.0802 腘动脉取栓术
38.7x04 下腔静脉滤器置入术
39.2308 颈静脉-锁骨下静脉搭桥术
39.5000x031 下肢动脉球囊扩张成形术
39.5010 腹主动脉球囊血管成形术
39.5300x015 人工动静脉瘘切除术
39.7101 腹主动脉支架置入术
39.7102 腹主动脉覆膜支架腔内隔绝术
39.7301 胸主动脉支架置入术
39.7303 胸主动脉覆膜支架腔内隔绝术
39.7800x001 胸主动脉开窗分支覆膜支架置入术
39.7900x031 经皮腹主动脉取栓术
39.7900x042 经皮下肢动脉取栓术
39.7900x809 下肢静脉滤器置入术
39.9004 髂动脉支架置入术",9.39,90462.09,,,12
452,GC25,胃、十二指肠其他手术，不伴合并症或并发症,"C15.500 食管下三分之一的恶性肿瘤
C16.000 贲门恶性肿瘤
C16.100 胃底恶性肿瘤
C16.200 胃体恶性肿瘤
C16.301 胃窦恶性肿瘤
C16.500 胃小弯恶性肿瘤
C16.600 胃大弯恶性肿瘤
C16.900 胃恶性肿瘤
D13.100 胃良性肿瘤
D13.101 贲门良性肿瘤
I86.401 胃底静脉曲张伴出血
K22.000x002 贲门失弛缓
K22.205 食管狭窄
K25.100x001 胃溃疡伴急性穿孔
K25.400x001 胃溃疡伴出血
K25.400x002 胃窦部溃疡伴出血
K25.500x001 胃溃疡伴穿孔
K26.000 急性十二指肠溃疡伴有出血
K26.500x001 十二指肠溃疡伴穿孔
K31.703 胃息肉
K31.800x806 十二指肠穿孔
K31.808 胃结石
K31.810 胃囊肿
K31.814 胃穿孔
K31.903 十二指肠肿物
K44.901 食管裂孔疝
K63.210 手术后肠吻合口瘘
K65.902 自发性腹膜炎
K66.102 腹膜后血肿
K91.812 食管空肠吻合口狭窄
K91.819 手术后胃肠吻合口狭窄
K92.210 消化道出血","42.9200x007 内镜下贲门括约肌切开术(POEM)
43.1900x003 永久性胃造口术
43.8201 腹腔镜胃部分切除术
44.4102 腹腔镜胃溃疡穿孔修补术
44.4200x001 腹腔镜下十二指肠溃疡穿孔修补术
44.4202 腹腔镜十二指肠溃疡修补术
44.4400x005 胃十二指肠动脉栓塞术
44.4401 十二指肠动脉栓塞术
44.4402 经导管胃静脉栓塞术
44.4901 胃切开止血术
44.5x01 胃肠吻合口修补术
44.6701 腹腔镜胃底折叠术
44.6902 腹腔镜胃修补术
44.9100x001 贲门周围血管离断术
46.7900x009 腹腔镜下十二指肠成形术",2,19291.54,,,9
453,RK11,急性白血病化学治疗和/或其他治疗，伴严重合并症或并发症,"C91.000 急性淋巴细胞白血病
C91.007 成人Ph+急性淋巴细胞白血病（ALL）
C92.000 急性髓细胞白血病
C92.006 急性髓细胞白血病，M2型
C92.100x002 慢性粒细胞性白血病(急性变)
C92.400x011 急性早幼粒细胞白血病伴缓解(M3型)
C92.402 急性髓细胞白血病，M3型
C95.005 急性混合型单系白血病","99.2500x036 椎管内注射化疗药物
99.2503 静脉注射化疗药物",4.37,42046.46,,,26
454,XT13,其他后期照护，伴一般合并症或并发症,"Z43.101 更换胃造瘘导管
Z43.201 关闭回肠造口
Z43.301 关闭结肠造口
Z43.603 取除输尿管支架
Z45.200 血管通路装置的调整和管理
Z45.202 取除输液港
Z46.600x001 取出输尿管D-J管
Z46.602 更换输尿管支架
Z48.000x001 手术后拆除缝线","/
45.1300x004 胃-十二指肠镜检查
45.1301 十二指肠镜检查术
45.2302 电子结肠镜检查
46.5200x009 腹腔镜下回肠造口还纳术
57.3200x001 膀胱镜检查
59.9900x002 输尿管支架取出术
59.9901 输尿管支架置换术
86.0701 静脉输液港植入术
87.6400x001 下消化道造影
97.0200 胃造口导管置换
97.3801 角膜缝线去除
97.6204 输尿管镜输尿管支架取出术
97.6205 膀胱镜输尿管支架取出术
97.8903 化疗泵取出术",0.32,3043.61,,,2
455,CX15,其他疾病引起眼部病变，不伴合并症或并发症,"E05.902+H58.8* 甲状腺毒症性眼病
E10.301+H36.0* 1型糖尿病性视网膜病变
E11.301+H36.0* 2型糖尿病性视网膜病变
H35.004 高血压性视网膜病变","/
29.1100x002 纤维鼻咽镜检查
95.1100 眼底照相术
95.1201 眼荧光素血管造影",0.41,3938.99,,,4
456,ES21,呼吸系统结核，伴严重合并症或并发症,"A15.000x001 肺结核(显微镜检证实)
A15.000x002 肺结核(仅痰涂片证实)
A15.001 肺结核瘤，痰镜检(+)
A15.007 空洞型肺结核，痰镜检(+)
A15.107 空洞型肺结核，痰培养(+)
A15.201 肺结核瘤，病理(+)
A15.207 空洞型肺结核，病理(+)
A15.407 纵隔淋巴结结核，病理(+)
A15.509 支气管结核，病理(+)
A15.601 结核性胸膜炎，病理(+)
A15.604 结核性胸腔积液，细菌学(+)
A16.020 肺结核，病理(-)
A16.200x002 肺结核
A16.200x015 继发性肺结核
A16.207 空洞型肺结核
A16.500x004 结核性胸膜炎
A16.500x008 结核性胸膜炎(初治)","/
17.91330 悬灸治疗
33.2400x001 支气管镜下支气管活检
33.2400x002 支气管镜下诊断性支气管肺泡灌洗[BAL]
33.2403 纤维支气管镜检查伴肺泡灌洗术
33.2600x001 肺穿刺活检
33.2600x002 经皮针吸肺活检
33.2702 超声支气管镜下肺活组织检查
34.0400x001 胸腔引流管置换术
34.0401 胸腔闭式引流术
34.2400x001 胸膜活检
34.9101 胸腔穿刺抽液术
34.9103 超声引导下胸腔穿刺术
40.1100x005 经支气管超声内镜纵隔淋巴结穿刺活检术
41.3100 骨髓活组织检查
54.9101 腹腔穿刺引流术",1.74,16771.14,,,12
457,GC33,小肠、大肠（含直肠）的其他手术，伴一般合并症或并发症,"C16.301 胃窦恶性肿瘤
C17.100 空肠恶性肿瘤
C17.200 回肠恶性肿瘤
C17.900 小肠恶性肿瘤
D13.301 小肠良性肿瘤
D17.500x003 肠脂肪瘤
K27.503 上消化道穿孔
K31.500 十二指肠梗阻
K31.800x806 十二指肠穿孔
K43.500 造口旁疝，不伴梗阻和坏疽
K46.000x002 腹内疝伴肠梗阻
K52.904 非感染性急性肠炎
K55.002 急性缺血性肠坏死
K55.004 肠坏死
K55.009 肠系膜动脉栓塞伴肠坏死
K56.200 肠扭转
K56.200x003 肠系膜扭转
K56.203 结肠扭转
K56.401 肠结石
K56.500x003 粘连性肠梗阻
K56.603 肠梗阻伴坏死
K56.700 肠梗阻
K57.000 小肠憩室病伴有穿孔和脓肿
K57.001 小肠憩室伴脓肿
K57.106 小肠憩室炎
K63.103 结肠穿孔
K63.104 回盲部溃疡伴穿孔
K63.105 乙状结肠穿孔
K63.108 小肠穿孔
K63.200 肠瘘
K63.200x003 盲管瘘
K63.204 结肠瘘
K63.207 手术后空肠瘘
K63.500 结肠息肉
K63.805 小肠肉芽肿
K91.300 手术后肠梗阻
S36.411 开放性小肠破裂
T18.300 小肠内异物","45.0201 小肠切开异物取出术
45.3303 腹腔镜小肠病损切除术
45.4100x002 腹腔镜下结肠病损切除术
45.4101 结肠病损切除术
45.6200x001 腹腔镜下回肠部分切除术
45.6201 小肠部分切除术
45.6206 回肠部分切除术
45.6207 回肠切除术
45.6208 腹腔镜下小肠部分切除术
46.0302 襻式结肠造口术
46.3900x002 空肠造口术
46.3905 腹腔镜空肠造口术
46.4201 腹腔镜结肠造口周围疝修补术
46.4202 腹腔镜结肠造口周围疝无张力成形术
46.5100x002 回肠造口还纳术
46.7400x004 小肠瘘修补术
46.7502 乙状结肠裂伤修补术
46.7506 腹腔镜下结肠裂伤修补术
46.7602 盲肠瘘修补术
46.7604 腹腔镜下结肠瘘修补术
46.8001 肠系膜扭转复位术
46.8101 小肠扭转复位术
46.8201 大肠扭转复位术",3.24,31254.4,,,12
458,HC33,除胆囊切除术以外的胆道手术，伴一般合并症或并发症,"C22.900 肝恶性肿瘤
C23.x00 胆囊恶性肿瘤
C24.000 肝外胆管恶性肿瘤
C24.000x007 肝门胆管恶性肿瘤
C24.002 胆管恶性肿瘤
C24.101 法特壶腹周围恶性肿瘤
C25.900 胰恶性肿瘤
C78.700 肝部和肝内胆管继发性恶性肿瘤
D37.605 胆管肿瘤
K76.901 肝肿物
K80.300x005 胆总管结石伴急性化脓性梗阻性胆管炎
K80.302 胆总管结石伴胆管炎
K80.303 肝胆管结石伴胆管炎
K80.304 胆总管结石伴急性胆管炎
K80.305 肝内胆管结石伴胆管炎
K82.303 胆囊十二指肠瘘
K83.001 急性胆管炎
K83.109 梗阻性黄疸
K83.501 胆管囊肿
K83.502 胆总管囊肿
K83.901 胆管肿物
K83.902 胆总管肿物
K86.901 胰腺肿物","51.0400x008 胆道镜下碎石取石术
51.3901 胆管空肠吻合术
51.3907 腹腔镜下胆管空肠吻合术
51.5900x001 超声引导下胆管穿刺引流术
51.6900x007 肝胆管病损切除术
51.6900x013 腹腔镜下胆管病损切除术
51.6901 胆管病损切除术
51.6902 胆管部分切除术
51.6904 肝管病损切除术
51.7910 腹腔镜下胆管修补术
51.9303 胆囊十二指肠瘘修补术",2.67,25762.93,,,12
459,KB15,肾上腺手术，不伴合并症或并发症,"D17.700x029 肾上腺脂肪瘤
D35.000 肾上腺良性肿瘤
D35.001 肾上腺无功能腺瘤
D44.101 肾上腺肿瘤
E26.000 原发性醛固酮过多症
E27.800x005 肾上腺增生
E27.800x021 肾上腺病变
E27.801 肾上腺囊肿
E27.803 肾上腺皮质增生
E27.805 肾上腺皮质结节样增生
E27.901 肾上腺肿物","07.2102 腹腔镜肾上腺病损切除术
07.2201 腹腔镜单侧肾上腺切除术
07.2902 腹腔镜肾上腺部分切除术",2.48,23866.48,,,9
460,XT35,其他影响健康状态的因素，不伴合并症或并发症,"B90.902 陈旧性肺结核
B94.801 带状疱疹后遗症
R59.901 淋巴结反应性增生
Z12.901 肿瘤的基因筛查
Z30.503 取除子宫内节育器
Z51.400x001 自体外周血干细胞动员
Z51.400x002 随后治疗的准备医疗
Z51.401 造血干细胞动员
Z51.800 医疗照顾，其他特指的
Z54.000 手术后恢复期
Z54.000x010 开放性外伤术后恢复期
Z54.000x022 骨折术后恢复期
Z57.504 接触汞","/
04.8101 周围神经阻滞术
29.1100x002 纤维鼻咽镜检查
33.2600x002 经皮针吸肺活检
38.9304 股静脉穿刺置管术
40.1101 颈淋巴结活组织检查
41.3100 骨髓活组织检查
69.0902 宫腔镜诊断性刮宫术
83.9502 超声引导下颈部软组织病损抽吸术
97.7101 子宫内避孕器取出术
97.7102 宫腔镜子宫内避孕器取出术
99.7901 干细胞采集",0.38,3679.17,,,4
461,ED13,除肺、纵隔、气管、胸壁外的其他手术，伴一般合并症或并发症,"A16.200x015 继发性肺结核
B48.501+J17.2* 卡氏肺孢子虫病
C34.000x002 左主支气管恶性肿瘤
C34.000x003 右主支气管恶性肿瘤
C34.100x003 左肺上叶恶性肿瘤
C34.100x004 右肺上叶恶性肿瘤
C34.300x003 左肺下叶恶性肿瘤
C34.300x004 右肺下叶恶性肿瘤
C34.900x004 左肺恶性肿瘤
C34.900x005 右肺恶性肿瘤
D14.300x001 肺良性肿瘤
D38.104 支气管动态未定肿瘤
J15.600x002 革兰阴性细菌性肺炎
J15.903 社区获得性肺炎，重症
J93.100x001 自发性气胸
J96.900x002 I型呼吸衰竭
J98.005 支气管狭窄
J98.101 肺不张
J98.410 肺空洞
T17.400 气管内异物
T17.500 支气管内异物","32.0100x004 支气管镜下支气管病损冷冻术
32.0101 内镜下支气管病损切除术
34.9202 胸膜腔药物注射治疗
98.1503 气管镜支气管异物取出术
98.1504 气管镜气管异物取出术",1.3,12476.54,,,10
462,FK39,不伴急性心肌梗死/心衰/休克的心脏除颤器及心室同步,"I25.500 缺血性心肌病
I42.001 扩张型心肌病（充血型心肌病）
I42.200x002 肥厚型心肌病
I47.200 室性心动过速
I49.500 病态窦房结综合征
R55.x00x002 心源性晕厥
T82.102 心脏起搏器电极功能异常
Z45.005 更换心脏起搏器脉冲发生器","00.5001 心脏再同步起搏器置入术
00.5100x001 双心室起搏伴心内除颤器置入术
00.5101 心脏再同步除颤器置入术
00.5302 心脏再同步起搏器脉冲发生器置换术
37.9400x001 单腔植入型心律转复除颤器置入术
37.9400x002 双腔植入型心律转复除颤器置入术",14.33,137993.74,,,11
463,HC31,除胆囊切除术以外的胆道手术，伴严重合并症或并发症,"C22.900 肝恶性肿瘤
C23.x00 胆囊恶性肿瘤
C24.000 肝外胆管恶性肿瘤
C24.000x007 肝门胆管恶性肿瘤
C24.002 胆管恶性肿瘤
C24.101 法特壶腹周围恶性肿瘤
C25.900 胰恶性肿瘤
C78.700 肝部和肝内胆管继发性恶性肿瘤
D37.605 胆管肿瘤
K76.901 肝肿物
K80.300x005 胆总管结石伴急性化脓性梗阻性胆管炎
K80.302 胆总管结石伴胆管炎
K80.303 肝胆管结石伴胆管炎
K80.304 胆总管结石伴急性胆管炎
K80.305 肝内胆管结石伴胆管炎
K82.303 胆囊十二指肠瘘
K83.001 急性胆管炎
K83.109 梗阻性黄疸
K83.501 胆管囊肿
K83.502 胆总管囊肿
K83.901 胆管肿物
K83.902 胆总管肿物
K86.901 胰腺肿物","51.0400x008 胆道镜下碎石取石术
51.3901 胆管空肠吻合术
51.3907 腹腔镜下胆管空肠吻合术
51.5900x001 超声引导下胆管穿刺引流术
51.6900x007 肝胆管病损切除术
51.6900x013 腹腔镜下胆管病损切除术
51.6901 胆管病损切除术
51.6902 胆管部分切除术
51.6904 肝管病损切除术
51.7910 腹腔镜下胆管修补术
51.9303 胆囊十二指肠瘘修补术",3.82,36787.23,,,15
464,KZ11,其他代谢疾病，伴严重合并症或并发症,"E10.501+I79.2* 1型糖尿病性周围血管病变
E11.500x043 2型糖尿病性下肢溃疡
E11.500x044 2型糖尿病性足坏疽
E11.500x046 2型糖尿病性细菌性坏疽
E11.500x051 2型糖尿病性下肢感染
E11.503 2型糖尿病足病
E11.504 2型糖尿病性溃疡
E11.700x031 2型糖尿病性足溃疡和周围血管病
E14.500x011+I79.2* 糖尿病性周围血管病
E14.500x050 糖尿病足
E14.600x910 糖尿病性肌坏死
E65.x07 颈部脂肪堆积
E66.900 肥胖症
E67.100 高胡萝卜素血症
E83.502 高钙血症
E83.503 低钙血症
E86.x00x001 低血容量
E86.x01 脱水
E87.102 低钠血症
E87.303 呼吸性碱中毒
E87.500 高钾血症
E87.600 低钾血症
E87.600x004 低钾性肌病
E87.801 电解质代谢紊乱","/
17.95420 中药熏药治疗
38.9100 动脉导管插入术
38.9800x001 动脉穿刺术
45.1300x004 胃-十二指肠镜检查
86.0400x011 皮肤和皮下组织切开引流术
86.2800x012 皮肤和皮下组织非切除性清创",0.96,9200.94,,,10
465,OQY,歧义组(MDCO),"O00.900 异位妊娠
O02.100 稽留流产
O03.901 难免性流产
O04.101 不完全性医疗性流产并发过度出血
O04.400 不完全性医疗性流产，无并发症
O04.905 早期人工流产
O23.400 妊娠期泌尿道感染
O24.400 妊娠期发生的糖尿病
O26.606 妊娠期肝内胆汁淤积症
O26.803 妊娠合并肾积水
O43.200x002 胎盘植入（穿透型）
O44.003 完全性前置胎盘
O44.100 前置胎盘伴有出血
O88.100 羊水栓塞
O90.802 剖宫产后伤口愈合不良
O99.000x031 产褥期贫血
O99.611 妊娠合并阑尾炎
O99.800x316 妊娠合并输尿管结石","03.9000x001 连续硬膜外阻滞术
39.7701 腹主动脉球囊阻断术
47.0901 阑尾切除术
54.0x00x010 腹壁血肿清除术
54.1907 腹腔出血止血术
54.2100 腹腔镜检查
54.5903 肠粘连松解术
59.8x03 经尿道输尿管支架置入术
67.3900x001 经阴道子宫颈病损切除术
73.8x00x003 钳夹术
74.3x00x017 宫腔镜下子宫角妊娠清除术
75.0x02 利凡诺羊膜腔内注射终止妊娠",/,/,,,/
466,PS33,早产儿（出生体重2000-2499g），伴合并症或并发症,"J15.902 社区获得性肺炎，非重症
P07.101 低出生体重儿（1500-2499克）
P07.300x021 早产儿(孕期等于或大于32整周,但小于37整周)
P23.900 先天性肺炎
P36.901 新生儿脓毒症
P55.101 新生儿ABO溶血性黄疸
P59.901 新生儿高胆红素血症
P77.x01 新生儿坏死性小肠结肠炎","89.1400 脑电图
93.9601 吸氧
99.8301 新生儿蓝光治疗",1,9623.8,,,7
467,QB13,脾切除术，伴合并症或并发症,"D18.000x044 脾血管瘤
D69.403 原发性血小板减少症
D73.100 脾功能亢进
D73.300 脾脓肿
D73.400 脾囊肿
D73.501 非创伤性脾破裂
D73.901 脾肿物
R16.100x001 脾大
S36.000 脾损伤
S36.002 创伤性脾破裂","41.4301 腹腔镜脾部分切除术
41.5x00 全脾切除术
41.5x01 腹腔镜全脾切除术",4.43,42646.03,,,13
468,RW21,恶性及增生性疾病维持性治疗，伴严重合并症或并发症,"Z51.100x004 恶性肿瘤终末期化疗
Z51.500x001 姑息医疗
Z51.500x002 恶性肿瘤支持治疗","/
00.6800x001 肢体动脉血管内压力测量
17.912A0 电针治疗
41.3100 骨髓活组织检查
54.9101 腹腔穿刺引流术",0.88,8506.33,,,9
469,BB25,伴出血诊断的颅脑手术，不伴合并症或并发症,"I60.101 大脑中动脉瘤破裂伴蛛网膜下腔出血
I60.200x005 大脑前动脉远侧段(A2-A5)动脉瘤破裂伴蛛网膜下腔出血
I60.201 前交通动脉瘤破裂伴蛛网膜下腔出血
I61.004 基底节出血
I61.100x002 多处脑叶出血
I61.100x005 枕叶出血
I61.100x006 颞叶出血
I61.100x008 顶枕叶脑出血
I61.100x010 额颞顶叶脑出血
I61.100x011 额颞顶枕叶脑出血
I61.100x012 额颞枕叶脑出血
I61.100x013 颞顶叶脑出血
I61.100x014 颞枕叶脑出血
I61.400x001 小脑出血
I61.600x001 多灶性脑出血
I61.802 丘脑出血
I61.902 高血压脑出血
I62.000x005 亚急性非创伤性硬脑膜下出血
I62.001 急性非创伤性硬膜下血肿
I62.003 慢性硬膜下血肿
I62.101 硬膜外血肿
Q28.200 大脑血管动静脉畸形
Q28.300x001 脑血管畸形","01.2400x013 硬脑膜外血肿清除术
01.2408 颅内血肿清除术
01.3104 脑膜切开伴硬脑膜下腔血肿清除术
01.3108 硬脑膜下钻孔引流术
01.3900x009 脑内血肿清除术
01.3900x012 经外侧裂脑内血肿清除术
01.3906 内镜下脑血肿引流术
38.6101 颅内血管畸形切除术
39.5102 大脑前动脉瘤夹闭术
39.5103 大脑中动脉瘤夹闭术
39.5107 前交通动脉瘤夹闭术",3.14,30224.92,,,10
470,DR15,头、颈、耳、鼻、咽、口恶性肿瘤，不伴合并症或并发症,"C02.200 舌腹面恶性肿瘤
C02.900 舌恶性肿瘤
C04.900 口底恶性肿瘤
C05.100 软腭恶性肿瘤
C05.900 腭恶性肿瘤
C06.902 口腔黏膜恶性肿瘤
C07.x00 腮腺恶性肿瘤
C10.200 口咽侧壁恶性肿瘤
C10.900 口咽恶性肿瘤
C11.001 鼻咽顶恶性肿瘤
C11.200 鼻咽侧壁恶性肿瘤
C11.202 咽隐窝恶性肿瘤
C11.801 鼻咽多壁恶性肿瘤
C11.900 鼻咽恶性肿瘤
C13.900 下咽恶性肿瘤
C14.001 咽喉恶性肿瘤
C30.000 鼻腔恶性肿瘤
C31.000 上颌窦恶性肿瘤
C32.001 声带恶性肿瘤
C32.900 喉恶性肿瘤
C44.300 面部皮肤恶性肿瘤
C49.001 面部结缔组织和软组织恶性肿瘤
C76.000x007 颌下恶性肿瘤
C77.002 颈部淋巴结继发恶性肿瘤
C77.007 锁骨上淋巴结继发恶性肿瘤
C79.201 头部皮肤继发恶性肿瘤
D02.002 声带原位癌
D37.011 腮腺肿瘤
D38.001 喉肿瘤
D38.502 鼻腔肿瘤
D48.702 头颈部肿瘤","/
06.1101 超声引导下经皮甲状腺活组织检查术
27.2402 口腔颌面部活组织检查
29.1100x002 纤维鼻咽镜检查
29.1202 鼻咽活组织检查
29.1203 内镜下鼻咽活组织检查
29.1204 支撑喉镜下咽部活组织检查
31.4200x003 纤维喉镜检查
31.4300x002 纤维喉镜下喉活检
31.4301 内镜下声带活组织检查术
38.9301 经外周静脉穿刺中心静脉置管术
40.1101 颈淋巴结活组织检查
40.1102 锁骨上淋巴结活组织检查
45.1300x004 胃-十二指肠镜检查
54.9101 腹腔穿刺引流术
57.9400 留置导尿管的置入术
83.2100 软组织活组织检查
86.0701 静脉输液港植入术
86.1100 皮肤和皮下组织的活组织检查
97.2301 气管套管置换术",0.64,6166.75,,,6
471,IE15,骨盆髋臼手术，不伴严重合并症或并发症,"M85.600x052 坐骨结节囊肿
M85.600x053 髂骨骨囊肿
M85.602 躯干骨囊肿
S32.300 髂骨骨折
S32.400 髋臼骨折
S32.500x002 耻骨分支骨折
S32.701 多发性骨盆骨折","77.6900x025 髂骨病损切除术
77.6900x058 坐骨病损切除术
77.6901 骨盆病损切除术
78.1901 盆骨外固定术
78.4900x007 骨盆重建术
78.4901 骨盆成形术
79.1903 骨盆骨折闭合复位内固定术
79.3900x025 骨盆骨折切开复位螺钉内固定术
79.3900x037 髂骨骨折切开复位螺钉内固定术
79.3900x056 髂骨骨折切开复位内固定术
79.3900x057 耻骨骨折切开复位内固定术",1.57,15162.46,,,9
472,KU13,营养失调，伴一般合并症或并发症,"E41.x01 重度营养不良伴消瘦
E43.x00x001 严重营养不良
E44.000 中度蛋白质-能量营养不良
E46.x00x003 营养不良
E61.100 铁缺乏","/
17.912A0 电针治疗
17.91330 悬灸治疗
38.9304 股静脉穿刺置管术
41.3100 骨髓活组织检查
45.1300x004 胃-十二指肠镜检查
57.9500 留置导尿管的置换术",0.92,8822.59,,,12
473,LZ13,肾及泌尿系统其他疾病，伴一般合并症或并发症,"N18.100 慢性肾脏病1期
N18.200 慢性肾脏病2期
N28.001 肾梗死
N28.100 肾囊肿
N28.101 单纯性肾囊肿
N28.102 获得性肾囊肿
N28.805 肾包膜下积液
N28.806 肾出血
N28.815 肾肿物
N28.826 输尿管扩张
N28.902 输尿管肿物
N30.400 放射性膀胱炎
N30.900 膀胱炎
N30.902 出血性膀胱炎
N32.300 膀胱憩室
N32.805 膀胱过度活动症
N36.000 尿道瘘
N36.200 尿道肉阜
N36.901 尿道肿物
Q61.300 多囊肾
Q62.000 先天性肾盂积水
Q62.200 先天性巨输尿管
Q64.401 脐尿管瘘
S37.002 肾挫伤
S37.004 创伤性肾周血肿
S37.201 创伤性膀胱破裂
S37.300 尿道损伤
T82.800x003 人工动静脉瘘闭塞","/
34.9103 超声引导下胸腔穿刺术
38.9800x001 动脉穿刺术
45.2302 电子结肠镜检查
55.2300x001 超声引导下肾穿刺活检
57.3200x001 膀胱镜检查
58.2200x001 尿道镜检查",0.59,5679.93,,,6
474,NS13,女性生殖系统感染，伴合并症或并发症,"N70.103 输卵管积水
N70.900x003 输卵管积脓
N70.900x007 输卵管脓肿
N70.904 输卵管炎
N71.901 子宫积脓
N71.902 子宫内膜炎
N73.003 急性女性盆腔炎
N73.101 慢性女性盆腔炎
N73.300 女性急性盆腔腹膜炎
N73.500 女性盆腔腹膜炎
N73.902 女性盆腔炎
N73.903 女性盆腔脓肿
N75.100 前庭大腺脓肿
N75.802 前庭大腺炎
N76.000x006 阴道壁脓肿
N76.400 外阴肿脓","/
45.1300x004 胃-十二指肠镜检查
45.1600x001 胃十二指肠镜下活检
69.0902 宫腔镜诊断性刮宫术
69.9100x001 宫腔引流术
70.0x00x002 后穹窿穿刺引流术
70.1406 阴道切开引流术
71.0902 外阴切开引流术
71.2200x002 前庭大腺脓肿切开引流术",0.43,4184.86,,,7
475,VJ13,其他损伤的手术，伴一般合并症或并发症,"N99.401 手术后盆腔腹膜粘连
S21.200x002 胸壁外部开放性损伤
S31.005 开放性腰背部损伤
S31.006 臀部异物
S31.100 腹壁开放性伤口
S39.907 腹部损伤
S61.000x001 手指开放性损伤
S61.000x002 拇指开放性损伤
S61.100x002 拇指开放性损伤伴指甲损伤
S61.700 腕和手多处开放性伤口
S61.800x081 手掌开放性损伤
S61.900x002 腕部开放性损伤
S67.000x001 拇指挤压伤
S67.000x003 手指碾挫伤
S67.801 手挤压伤
S68.100x002 单指完全离断
S71.000 髋开放性伤口
S71.100 大腿开放性伤口
S81.000 膝开放性伤口
S98.100x001 单趾切断
T01.200x001 上肢多处开放性损伤
T02.400x001 双上肢多发性骨折
T02.500x001 双下肢多发性骨折
T42.400 苯二氮类中毒
T42.401 安定中毒
T42.600 镇癫痫药和镇静催眠药中毒，其他的
T42.600x002 佐匹克隆中毒
T43.201 抗抑郁药中毒
T43.500x002 富马酸喹硫平中毒
T43.500x003 碳酸锂中毒
T43.500x004 抗精神病药中毒
T46.900x001 乌头碱中毒
T50.900x001 药物中毒
T60.100 卤化杀虫剂的毒性效应
T60.300x001 除莠剂中毒
T60.401 杀鼠剂中毒
T60.900 杀虫剂的毒性效应
T60.900x002 农药中毒
T62.001 食入毒蘑菇中毒
T62.200x003 植物类中毒
T65.300 苯及其同类物的氮衍生物和胺衍生物的毒性效应
T79.800x003 创伤性指坏死
T81.000x021 操作后宫颈出血
T81.000x030 操作后咽出血
T81.005 手术后扁桃体出血
T81.006 手术后咽出血
T81.010 手术后腹腔出血
T81.024 手术后切口血肿
T81.200x010 操作中血管损伤
T81.301 手术后伤口裂开
T81.500x007 操作后残留异物
T81.800x017 手术后切口愈合不良
T81.811 手术后伤口愈合不良","01.2500x003 颅骨清创术
03.0901 椎管探查术
06.0201 甲状腺术后止血术
28.7x01 扁桃体切除术后止血
34.7101 胸壁清创缝合术
38.8203 舌动脉结扎术
39.3102 股动脉缝合术
39.9500 血液透析
39.9500x005 单膜血浆置换
39.9500x007 连续性肾脏替代治疗[CRRT]
39.9600x003 血液灌流
39.9800x001 伤口止血术
41.5x00 全脾切除术
52.9504 胰腺修补术
54.1907 腹腔出血止血术
54.2100 腹腔镜检查
54.3x00x011 腹壁伤口清创术
54.6101 腹壁切口裂开缝合术
54.9201 腹腔切开异物取出术
67.3200x009 子宫颈电凝止血术
70.7905 阴道残端缝合术
79.3200x011 桡骨骨折切开复位钢板内固定术
79.3201 桡骨骨折切开复位内固定术
79.3604 髌骨骨折切开复位内固定术
82.3601 手部肌肉清创术
83.2900x002 手肌腱、血管、神经探查术
83.2900x003 足血管、神经、肌腱探查术
83.6501 肌肉缝合术
83.8901 筋膜成形术
84.0102 手指截断术，拇指除外
85.2000x001 乳房皮肤和皮下坏死组织切除清创术
86.0502 皮肤和皮下组织异物切开取出术
86.700x0014 皮瓣转移术
86.8900x011 残端皮肤修整术",1.04,10056.25,,,8
476,BR18,脑卒中，伴重症监护,"I60.001 颈动脉动脉瘤破裂伴蛛网膜下隙出血
I60.101 大脑中动脉瘤破裂伴蛛网膜下腔出血
I60.201 前交通动脉瘤破裂伴蛛网膜下腔出血
I60.301 后交通动脉瘤破裂伴蛛网膜下腔出血
I60.401 基底动脉瘤破裂伴蛛网膜下腔出血
I60.700x001 脑动脉瘤破裂伴蛛网膜下腔出血
I60.800x004 脑海绵状血管畸形伴蛛网膜下腔出血
I60.800x005 脑干海绵状血管畸形伴蛛网膜下腔出血
I60.800x006 小脑幕下海绵状血管畸形伴蛛网膜下腔出血
I60.900x004 脑实质出血继发蛛网膜下腔出血
I61.000x006 胼胝体出血
I61.004 基底节出血
I61.006 外囊出血
I61.100x001 顶叶出血
I61.100x002 多处脑叶出血
I61.100x003 额叶出血
I61.100x004 额颞叶出血
I61.100x005 枕叶出血
I61.100x006 颞叶出血
I61.100x007 额顶叶脑出血
I61.100x008 顶枕叶脑出血
I61.100x010 额颞顶叶脑出血
I61.100x012 额颞枕叶脑出血
I61.100x013 颞顶叶脑出血
I61.100x014 颞枕叶脑出血
I61.101 脑叶出血
I61.300x002 脑干出血
I61.300x004 中脑出血
I61.400x001 小脑出血
I61.500x002 侧脑室出血
I61.500x008 脑室出血
I61.600x001 多灶性脑出血
I61.801 间脑出血
I61.802 丘脑出血
I61.900x007 脑肿瘤卒中
I61.902 高血压脑出血
I62.000 非创伤性硬膜下出血
I62.001 急性非创伤性硬膜下血肿
I62.003 慢性硬膜下血肿
I62.100 非创伤性硬膜外出血
I63.000 入脑前动脉血栓形成引起的脑梗死
I63.001 基底动脉血栓形成脑梗死
I63.100 入脑前动脉栓塞引起的脑梗死
I63.102 颈动脉栓塞脑梗死
I63.201 颈内动脉狭窄脑梗死
I63.202 颈总动脉狭窄脑梗死
I63.203 颈动脉狭窄脑梗死
I63.204 颈动脉闭塞脑梗死
I63.205 基底动脉闭塞脑梗死
I63.206 基底动脉狭窄脑梗死
I63.207 椎动脉闭塞脑梗死
I63.208 椎动脉狭窄脑梗死
I63.300 大脑动脉血栓形成引起的脑梗死
I63.402 大脑动脉栓塞引起脑梗死
I63.500 大脑动脉的闭塞或狭窄引起的脑梗死
I63.501 大脑动脉狭窄脑梗死
I63.502 大脑动脉闭塞脑梗死
I63.901 脑干梗死
I63.902 大面积脑梗死
I63.903 出血性脑梗死
I63.904 小脑梗死
I63.905 多发性脑梗死
I63.906 基底节脑梗死
I63.907 丘脑梗死","/
00.6800x001 肢体动脉血管内压力测量
03.3101 腰椎穿刺术
04.8101 周围神经阻滞术
06.1101 超声引导下经皮甲状腺活组织检查术
16.2100x001 眼底检查
16.2900 眼眶和眼球的其他诊断性操作
17.91110 头针治疗
17.912A0 电针治疗
17.91330 悬灸治疗
17.95420 中药熏药治疗
17.98410 直肠滴注治疗
29.1100x002 纤维鼻咽镜检查
34.0401 胸腔闭式引流术
34.9101 胸腔穿刺抽液术
38.9100 动脉导管插入术
38.9302 颈内静脉穿刺中心静脉置管术
38.9303 锁骨下静脉穿刺中心静脉置管术
38.9304 股静脉穿刺置管术
38.9800x001 动脉穿刺术
40.1101 颈淋巴结活组织检查
40.1102 锁骨上淋巴结活组织检查
41.3800x001 骨髓穿刺术
44.1402 超声内镜下胃活组织检查
45.1300x004 胃-十二指肠镜检查
57.9400 留置导尿管的置入术
87.2102 脊髓造影
89.6700 心脏排出量监测，用氧耗技术
93.3902 低频脉冲电治疗
93.5402 石膏托固定术
95.4601 前庭功能检查
96.0800x006 经鼻肠营养管置入术
96.3500x001 鼻饲
97.0101 鼻-胃管置换
97.3801 角膜缝线去除
99.0401 红细胞输入",2.45,23554.89,,,11
477,BV15,"癫痫,不伴合并症或并发症","G40.100x006 癫痫单纯部分性发作继发全面发作
G40.200x002 颞叶性癫痫
G40.200x006 癫痫复杂部分性发作
G40.202 伴海马硬化颞叶内侧癫痫
G40.300x006 癫痫全面性发作强直性发作
G40.300x010 癫痫全面性发作阵挛性发作
G40.300x023 癫痫全面性发作强直阵挛性发作
G40.800x004 症状性癫痫[继发性癫痫]
G40.805 难治性癫痫
G40.900 癫痫
G41.000x002 癫痫全面性强直-阵挛发作持续状态
G41.000x004 癫痫强直性发作持续状态
G41.001 全面性强直阵挛性癫痫持续状态
G41.806 局灶性癫痫持续状态
G41.900 癫痫持续状态
R56.800x003 不明原因抽搐
R56.800x005 良性惊厥
R56.801 癫痫样发作
R56.803 惊厥
T90.503 创伤性癫痫","/
03.3101 腰椎穿刺术
38.9100 动脉导管插入术
38.9304 股静脉穿刺置管术
38.9800x001 动脉穿刺术
89.1400 脑电图
89.1900x001 视频脑电图监测",0.39,3743.94,,,3
478,IZ19,肌肉骨骼系统植入物/假体的康复照护,"M96.600x001 假体周围骨折
M96.600x002 股骨假体周围骨折
T84.000x005 人工髋关节置换术后髋臼松动
T84.000x007 人工髋关节置换术后异位骨化
T84.002 髋关节假体松动
T84.004 膝关节假体障碍
T84.501 髋关节假体植入感染
T84.600x003 内固定装置引起的感染
T84.604 骨折内固定物植入感染
T84.802 骨折内固定术后疼痛
T84.806 髋关节置换术后疼痛
T84.807 膝关节置换术后疼痛
T87.000 上肢再植(部位)的并发症
Z47.000x002 取出内固定装置
Z47.001 取除骨折内固定装置","/
93.4600x001 皮牵引",0.74,7090.23,,,6
479,JS11,重大皮肤疾病，伴严重合并症或并发症,"E11.603+L99.8* 2型糖尿病性皮肤病
L00.x00 葡萄球菌性烫伤样皮肤综合征
L02.300 臀部皮肤脓肿、疖和痈
L03.103 上肢蜂窝织炎
L03.105 臂蜂窝织炎
L03.106 手蜂窝织炎
L03.107 下肢蜂窝织炎
L03.108 腿蜂窝织炎
L03.109 足蜂窝织炎
L03.200 面部蜂窝织炎
L03.305 脐部蜂窝织炎
L03.306 会阴蜂窝织炎
L03.800 蜂窝织炎，其他部位的
L03.900 蜂窝织炎
L08.002 脓疱性皮疹
L08.805 腹壁感染性窦道
L08.900 皮肤和皮下组织的局部感染
L08.907 腹壁软组织感染
L08.911 足软组织感染
L10.000 寻常型天疱疮
L10.900 天疱疮
L12.000 大疱性类天疱疮
L12.900 类天疱疮
L30.204 自体过敏性皮炎
L40.001 斑块状银屑病
L40.100 全身脓疱性银屑病
L40.802 红皮病性银屑病
L51.100 大疱型多形性红斑
L51.200 中毒性表皮坏死松解症[莱尔]
L51.802 渗出性多形红斑
L51.900 多形性红斑
L52.x00 结节性红斑
L83.x00 黑棘皮病
L88.x00 坏疽性脓皮症
L89.301 骶尾区Ⅳ期压疮
L93.100 亚急性皮肤红斑狼疮
L94.000 局限性硬皮病[硬斑病]
L95.901 荨麻疹性血管炎
L97.x00 下肢溃疡，不可归类在他处者
L98.200 热性中性粒细胞皮肤病[斯威特]
L98.400 皮肤慢性溃疡，不可归类在他处者
M31.000x005 变应性皮肤血管炎
M34.000 进行性全身性硬皮病
Q82.802 良性家族性天疱疮","/
17.91330 悬灸治疗
18.1100 耳镜检查
24.0x02 牙龈切开引流术
29.1100x002 纤维鼻咽镜检查
31.4200x003 纤维喉镜检查
45.1300x004 胃-十二指肠镜检查
45.2302 电子结肠镜检查
54.0x00x001 骶部脓肿切开引流术
54.0x00x004 腹壁脓肿切开引流术
54.0x00x013 腹股沟脓肿切开引流术
54.2200x004 腹壁穿刺活检
86.0400x011 皮肤和皮下组织切开引流术
86.1100 皮肤和皮下组织的活组织检查
86.2701 甲床清创术
96.5300 鼻道冲洗术",0.77,7412.75,,,10
480,PS43,早产儿（出生体重>2499g），伴合并症或并发症,"P07.300 早产婴儿，其他的
P07.300x021 早产儿(孕期等于或大于32整周,但小于37整周)
P23.900 先天性肺炎
P36.901 新生儿脓毒症
P59.901 新生儿高胆红素血症","/
89.1400 脑电图
99.8301 新生儿蓝光治疗",0.84,8093.69,,,6
481,RT13,非特指恶性肿瘤，伴合并症或并发症,"C76.300 盆腔恶性肿瘤
C76.306 臀部恶性肿瘤
C77.400x001 腹股沟淋巴结继发恶性肿瘤
C77.500 盆腔内淋巴结继发性的恶性肿瘤
C77.800 多个部位淋巴结继发性的恶性肿瘤
C78.604 恶性腹水
C79.800x804 躯干继发恶性肿瘤
C79.811 盆腔继发恶性肿瘤
C80.001 恶性恶病质
D48.708 躯干肿瘤
D48.716 盆腔肿瘤","/
29.1100x002 纤维鼻咽镜检查
38.9304 股静脉穿刺置管术
44.1300x001 胃镜检查
45.1300x004 胃-十二指肠镜检查
48.2400x002 直肠活检
54.2400x006 盆腔病损穿刺活检
54.9100x009 超声引导下盆腔穿刺术
54.9101 腹腔穿刺引流术
54.9102 盆腔穿刺引流术
60.1100x002 超声引导下前列腺穿刺活检
83.2100 软组织活组织检查",1.17,11301.64,,,11
482,YR25,HIV其他相关情况，不伴合并症或并发症,"A02.100 沙门菌脓毒症
A41.900 脓毒症
A86.x02 病毒性脑膜脑炎
B02.202+G53.0* 带状疱疹性神经痛
B02.801+H62.1* 外耳带状疱疹
B48.501+J17.2* 卡氏肺孢子虫病
C11.900 鼻咽恶性肿瘤
C16.900 胃恶性肿瘤
C22.900 肝恶性肿瘤
C34.100x004 右肺上叶恶性肿瘤
C34.900x004 左肺恶性肿瘤
C61.x00 前列腺恶性肿瘤
D32.004 额叶脑膜瘤
D32.900x002 脑膜瘤
D48.907+G13.0* 神经系统副肿瘤综合征
D61.101 化疗后骨髓抑制
E11.501+I79.2* 2型糖尿病性周围血管病变
E11.503 2型糖尿病足病
E22.200 抗利尿激素分泌失调综合征
G04.913 脑炎
G35.x00 多发性硬化
G41.000 癫痫大发作持续状态
I25.102 冠状动脉粥样硬化
I36.100 非风湿性三尖瓣关闭不全
I50.907 急性心力衰竭
I63.501 大脑动脉狭窄脑梗死
I63.502 大脑动脉闭塞脑梗死
I63.901 脑干梗死
I63.905 多发性脑梗死
I65.202 颈总动脉狭窄
I67.100x019 颈内动脉分叉段动脉瘤
I70.001 主动脉钙化
J15.101 铜绿假单胞菌性肺炎
J15.902 社区获得性肺炎，非重症
J15.903 社区获得性肺炎，重症
J18.903 重症肺炎
J42.x00x004 慢性支气管炎急性加重期
J44.000 慢性阻塞性肺病伴有急性下呼吸道感染
J47.x01 支气管扩张伴咯血
J70.001 放射性肺炎
J93.100x001 自发性气胸
J96.900x002 I型呼吸衰竭
J98.101 肺不张
K25.400x001 胃溃疡伴出血
K31.903 十二指肠肿物
K60.303 复杂性肛瘘
K64.811 混合痔
K71.901 药物性肝损害
K74.603 丙型肝炎后肝硬化失代偿期
K76.800x006 肝功能不全
K80.100x001 胆囊结石伴胆囊炎
K82.900x002 胆囊肿物
K85.201 急性酒精性胰腺炎，轻症
K85.902 急性重症胰腺炎
M17.101 原发性单侧膝关节病
M43.006 腰椎滑脱
M47.101+G99.2* 脊髓型颈椎病
M51.101+G55.1* 腰椎间盘脱出伴坐骨神经痛
M80.801 老年性骨质疏松伴病理性骨折
N18.300 慢性肾脏病3期
N39.000 泌尿道感染
N45.907 急性附睾炎
R59.900 淋巴结增大
R60.900 水肿
R75.x00x001 人类免疫缺陷病毒阳性[HIV阳性]
S22.400x021 两根肋骨骨折不伴第一肋骨骨折
S22.400x041 四根以上肋骨骨折不伴第一肋骨骨折
S46.002 肩袖损伤
S83.500x012 膝关节前十字韧带损伤
Z08.700 恶性肿瘤联合治疗后的随诊检查
Z51.400x002 随后治疗的准备医疗","/
03.3101 腰椎穿刺术
03.9102 脊神经根阻滞术
17.912A0 电针治疗
17.91330 悬灸治疗
29.1100x002 纤维鼻咽镜检查
33.2400x002 支气管镜下诊断性支气管肺泡灌洗[BAL]
33.2600x001 肺穿刺活检
33.2600x002 经皮针吸肺活检
34.0401 胸腔闭式引流术
38.9100 动脉导管插入术
38.9303 锁骨下静脉穿刺中心静脉置管术
45.1600x001 胃十二指肠镜下活检
50.1100x005 经皮肝穿刺活检
50.9102 肝脓肿穿刺引流术
60.1100x002 超声引导下前列腺穿刺活检
86.0701 静脉输液港植入术",0.51,4895.29,,,6
483,DE23,耳部其他小手术，伴合并症或并发症,"C11.900 鼻咽恶性肿瘤
H60.400 外耳胆脂瘤
H60.400x004 外耳道胆脂瘤
H60.401 外耳肉芽肿
H61.000 外耳软骨膜炎
H61.100x009 耳廓瘢痕
H61.103 耳廓假性囊肿
H61.105 耳廓肿物
H61.800x005 外耳道瘢痕
H61.806 外耳道囊肿
H61.901 外耳道肿物
H65.000x002 急性分泌性中耳炎
H65.300x001 慢性分泌性中耳炎
H74.101 粘连性中耳炎
H91.200 突发特发性听觉丧失
H91.200x001 突发性聋
H93.900x001 耳甲腔囊肿
Q17.001 多耳畸形
Q18.102 先天性耳前瘘管
S01.300x012 耳廓开放性损伤","18.2100x006 耳前瘘管切除术
18.2900x003 耳廓病损切除术
18.2900x009 外耳道病损切除术
18.2900x016 耳廓皮肤和皮下坏死组织切除清创术
18.2901 外耳病损切除术
18.2907 副耳切除术
18.7100x001 耳廓成形术
20.0100x005 鼓室置管术
20.0100x006 内镜下鼓膜置管术
20.0902 鼓膜穿刺术",0.65,6259.95,,,5
484,FR35,肺栓塞，不伴严重合并症或并发症,"I26.900x001 肺栓塞
I26.900x003 肺血栓栓塞症
I26.900x006 次大面积肺血栓肺栓塞症
I26.900x009 慢性肺动脉栓塞
I26.900x010 急性肺栓塞
I26.900x015 急性肺血栓栓塞症","/
00.6800x001 肢体动脉血管内压力测量
17.91110 头针治疗
17.912A0 电针治疗
17.95420 中药熏药治疗
34.0401 胸腔闭式引流术
38.9100 动脉导管插入术
40.1101 颈淋巴结活组织检查
57.9400 留置导尿管的置入术
89.3702 肺功能康复评定
89.6700 心脏排出量监测，用氧耗技术",0.97,9307.93,,,8
485,HZ31,胰腺其他疾病，伴严重合并症或并发症,"D13.701 胰岛细胞瘤
D37.706 胰腺肿瘤
K86.100x002 慢性胰腺炎
K86.100x004 高脂血症性胰腺炎
K86.103 慢性自身免疫性胰腺炎
K86.200 胰腺囊肿
K86.300 胰腺假囊肿
K86.809 胰管结石
K86.810 胰瘘
K86.812 胰腺脂肪浸润
K86.901 胰腺肿物
R93.302 胰腺占位性病变","/
17.91110 头针治疗
17.912A0 电针治疗
17.91330 悬灸治疗
17.91350 温针灸治疗
17.98410 直肠滴注治疗
17.98422 经直肠中药滴入治疗
38.9100 动脉导管插入术
38.9302 颈内静脉穿刺中心静脉置管术
38.9800x001 动脉穿刺术
44.1301 超声内镜下胃检查
45.1300x004 胃-十二指肠镜检查
45.1402 内镜下回肠活组织检查
45.2302 电子结肠镜检查
45.2501 结肠镜下大肠活组织检查
52.1101 超声内镜下胰腺细针穿刺活组织检查
52.1900x001 超声内镜下胰腺检查
54.9101 腹腔穿刺引流术",0.95,9170.3,,,8
486,IC31,除置换/翻修外的髋、肩、膝、肘、踝和足部关节的修复、重建手术，伴严重合并症或并发症,"M05.900 血清反应阳性的类风湿性关节炎
M16.101 原发性单侧髋关节病
M17.000 原发性双侧膝关节病
M17.101 原发性单侧膝关节病
M17.900x002 膝关节退行性病变
M19.901 肩关节关节病
M20.100x002 后天性(足母)外翻
M21.400 后天性扁平足[平足]
M22.000 复发性髌骨脱位
M22.200x001 髌股关节病
M22.201 髌骨关节病
M22.400 髌骨软骨软化
M23.201 陈旧性前十字韧带损伤
M23.303 内侧半月板损伤
M23.306 外侧半月板损伤
M23.308 半月板损伤
M23.800x011 陈旧性膝前十字韧带断裂
M23.800x095 陈旧性膝关节软骨损伤
M24.401 复发性肩关节脱位
M24.800x052 髋关节撞击综合征
M65.901 肩关节滑膜炎
M75.000x001 冻结肩
M75.103 肩袖自发性破裂
M75.302 冈上肌肌腱钙化
M75.400 肩撞击综合征
M87.900x071 距骨骨坏死
Q66.803 先天性马蹄足
S42.100 肩胛骨骨折
S42.100x042 肩关节盂骨折
S43.400x005 肩关节盂唇损伤
S46.002 肩袖损伤
S53.200x001 桡侧副韧带断裂
S72.000 股骨颈骨折
S72.000x031 股骨颈头下骨折
S76.102 髌韧带损伤
S82.000x002 髌骨软骨骨折
S82.100x087 胫骨平台骨折
S83.000 髌骨脱位
S83.001 髌骨半脱位
S83.200x001 膝半月板撕裂
S83.200x005 膝内侧半月板撕裂
S83.200x006 膝外侧半月板撕裂
S83.201 膝内侧半月板损伤
S83.202 膝外侧半月板损伤
S83.400x022 膝关节内侧副韧带损伤
S83.500x003 膝关节十字韧带损伤
S83.500x012 膝关节前十字韧带损伤
S83.500x022 膝关节后十字韧带损伤
S83.500x031 膝关节前十字韧带部分断裂
S83.500x032 膝关节前十字韧带完全断裂
S83.500x042 膝关节后十字韧带完全断裂
S93.200x002 踝部韧带断裂
S93.200x004 踝距腓前韧带断裂
T84.502 膝关节假体植入感染","77.2800x002 跖骨截骨术
77.2900x006 跟骨截骨术
78.4600x003 膝关节镜下髌骨成形术
81.1100 踝融合术
81.1800 距下关节关节制动术
81.2300x004 肩关节镜下盂唇固定术
81.4000x004 髋关节镜下髋关节成形术
81.4000x005 髋关节镜下盂唇修补术
81.4000x006 髋关节镜下软骨成形术
81.4501 膝关节前交叉韧带重建术
81.4502 膝关节后交叉韧带重建术
81.4503 关节镜膝关节交叉韧带重建术
81.4504 关节镜膝关节前交叉韧带重建术
81.4505 关节镜膝关节后交叉韧带重建术
81.4600x001 副韧带修补术
81.4601 关节镜膝关节副韧带修补术
81.4700x005 膝关节镜下半月板成形术
81.4700x013 膝关节镜下半月板缝合术
81.4700x015 膝关节镜下软骨成形术
81.8300x008 肩关节镜下肩袖修补术
81.8301 肩峰成形术
81.9300x010 肘关节韧带修补术
81.9400x001 踝关节韧带修补术
81.9400x006 踝关节镜下韧带修补术
81.9500x001 髌韧带缝合术
81.9600x009 关节软骨修复术
81.9600x032 膝关节镜下髌韧带重建术",3.3,31830.78,,,9
487,JB23,乳腺切除手术，伴合并症或并发症,"C50.200 乳房上内象限恶性肿瘤
C50.300 乳房下内象限恶性肿瘤
C50.400 乳房上外象限恶性肿瘤
C50.500 乳房下外象限恶性肿瘤
C50.801 乳腺恶性肿瘤，上部
C50.802 乳腺恶性肿瘤，下部
C50.803 乳腺恶性肿瘤，内侧
C50.804 乳腺恶性肿瘤，外侧
C50.900 乳房恶性肿瘤
D24.x00 乳房良性肿瘤
D24.x02 副乳腺良性肿瘤
D48.600x001 乳房交界性肿瘤
N61.x00x014 慢性乳腺炎
N62.x02 男性乳房发育
Q83.100x001 副乳腺囊性增生
Q83.100x002 副乳腺腺病","85.2100x023 腔镜下乳房腺体区段切除术
85.2200 乳房象限切除术
85.2300x001 乳腺局部扩大切除术
85.2301 乳腺部分切除术
85.2400x006 副乳病损切除术
85.3400x002 单侧皮下乳房切除术
85.3401 保留乳头的单侧皮下乳房切除术
85.3600x001 双侧皮下乳房切除术
85.3601 保留乳头的双侧皮下乳房切除术
85.4200x003 腔镜下双侧乳房切除术
85.4302 单侧保乳乳腺改良根治术",1.4,13502.1,,,7
488,JV23,乳房良性病变，伴合并症或并发症,"A18.811 乳腺结核
D24.x00 乳房良性肿瘤
D48.601 乳腺肿瘤
N60.000x001 乳腺囊肿
N60.201 乳腺腺病
N61.x00x014 慢性乳腺炎
N61.x01 乳房炎性肉芽肿
N61.x03 乳腺脓肿
N61.x04 乳腺炎
N61.x05 急性乳腺炎
N61.x06 浆细胞性乳腺炎
N61.x07 乳房炎性肿物
N62.x02 男性乳房发育
N63.x01 乳房结节
N64.503 乳头溢血
N64.504 乳头溢液
N64.900 乳房疾患
T85.401 乳房假体障碍","/
45.1300x004 胃-十二指肠镜检查
85.0x00x002 乳房切开引流术
85.1100x001 乳房穿刺活检
85.1900x002 乳管镜检查
85.9100 乳房抽吸术",0.53,5084.43,,,5
489,KT11,内分泌、营养、代谢疾病，伴严重合并症或并发症,"E03.900 甲状腺功能减退症
E04.000 非毒性弥漫性甲状腺肿
E04.101 甲状腺结节
E04.900x001 甲状腺肿
E05.001 弥漫性甲状腺肿伴甲状腺功能亢进症
E05.003 毒性弥漫性甲状腺肿
E05.200x004 高功能腺瘤伴甲状腺功能亢进症
E05.800x005 亚临床甲状腺功能亢进
E05.900x001 甲状腺功能亢进症
E06.100 亚急性甲状腺炎
E06.200 慢性甲状腺炎伴有短暂性甲状腺毒症
E06.304 桥本甲状腺炎
E07.806 甲状腺病态综合征
E07.901 甲状腺肿物
E15.x00x001 低血糖性昏迷
E16.100x002 高胰岛素血症
E16.109 酒精性低血糖症
E16.200 低血糖
E16.800x104 糖耐量受损伴胰岛素抵抗
E16.800x901 糖耐量受损
E16.801 胰岛素抵抗
E20.900 甲状旁腺功能减退症
E21.000 原发性甲状旁腺功能亢进症
E22.000x005 垂体生长激素瘤
E22.001 肢端肥大症
E23.000 垂体功能减退症
E23.000x007 腺垂体功能减退症
E23.004 席恩综合征
E23.005 垂体性矮小症
E23.006 低促性腺激素性腺功能减退症
E23.009 生长激素缺乏症
E23.010 特发性低促性腺激素性性腺功能减退症
E23.600x001 鞍区病变
E23.600x010 垂体增大
E23.603 空泡蝶鞍综合征
E23.607 垂体囊肿
E23.611 垂体出血
E23.701 垂体肿物
E24.201 医源性库欣综合征
E26.000 原发性醛固酮过多症
E27.401 肾上腺出血
E27.403 继发性肾上腺皮质功能减退症
E27.407 肾上腺皮质功能减退症
E27.800x005 肾上腺增生
E27.800x010 肾上腺结节性增生
E27.800x021 肾上腺病变
E27.901 肾上腺肿物
E30.100 性早熟
E30.103 青春期发育过早
E34.301 矮小症
E89.001 手术后甲状腺功能减退
E89.201 手术后甲状旁腺功能减退
E89.301 手术后垂体功能减退","/
06.0100x001 甲状腺区抽吸引流术
06.1101 超声引导下经皮甲状腺活组织检查术
16.2100x001 眼底检查
29.1100x002 纤维鼻咽镜检查
31.4200x003 纤维喉镜检查
31.4201 喉镜检查
33.2403 纤维支气管镜检查伴肺泡灌洗术
41.3100 骨髓活组织检查
44.1402 超声内镜下胃活组织检查
45.1300x004 胃-十二指肠镜检查
45.1402 内镜下回肠活组织检查
45.2302 电子结肠镜检查
92.0101 甲状腺核素扫描",0.66,6399.34,,,7
490,MS13,男性生殖系统炎症，伴合并症或并发症,"A18.117+N51.1* 睾丸结核
A18.118+N51.1* 附睾结核
A60.003+N51.8* 阴茎单纯疱疹
N41.000 急性前列腺炎
N41.900x001 前列腺炎
N45.000 睾丸炎、附睾炎和附睾-睾丸炎，伴有脓肿
N45.903 附睾炎
N45.906 睾丸炎
N45.907 急性附睾炎
N45.908 附睾-睾丸炎
N48.100 龟头包皮炎
N48.102 龟头炎
N49.101 精索炎
N49.204 阴囊脓肿
N49.205 阴囊炎","/
45.1300x004 胃-十二指肠镜检查
54.0x00x013 腹股沟脓肿切开引流术
60.1101 经直肠前列腺穿剌活组织检查
61.0x02 阴囊切开引流术",0.55,5281.26,,,8
491,BB41,伴创伤诊断的颅脑手术，伴严重合并症或并发症,"S02.902 颅骨凹陷性骨折
S06.200x031 多发性大脑内出血
S06.200x081 多发性大脑挫裂伤
S06.300x011 局灶性大脑挫伤伴出血
S06.401 创伤性闭合性硬膜外血肿
S06.500 创伤性硬膜下出血
S06.500x002 创伤性硬脑膜下血肿
S06.500x006 亚急性创伤性硬脑膜下血肿
S06.501 创伤性急性硬膜下出血
S06.502 创伤性慢性硬膜下血肿
S06.700x003 闭合性颅脑损伤重型
S06.700x004 闭合性颅脑损伤特重型
S06.700x006 开放性颅脑损伤中型
S06.700x007 开放性颅脑损伤重型
S06.700x008 开放性颅脑损伤特重型
S06.800x002 创伤性脑内血肿","01.2400x013 硬脑膜外血肿清除术
01.3104 脑膜切开伴硬脑膜下腔血肿清除术
01.3108 硬脑膜下钻孔引流术
01.3900x009 脑内血肿清除术
01.3900x012 经外侧裂脑内血肿清除术
01.3906 内镜下脑血肿引流术
02.0503 颅骨钛网置入术",7.49,72147.09,,,18
492,BY25,脊髓伤病及功能障碍，不伴合并症或并发症,"E53.801+G32.0* 脊髓亚急性联合变性
G82.200 截瘫
G82.201 慢性不完全性截瘫
G82.203 急性不完全性截瘫
G82.204 高位截瘫
G82.500 四肢瘫痪
G82.501 急性四肢瘫
G83.100 下肢单瘫
G83.200 上肢单瘫
G83.900x002 瘫痪
G95.003 脊髓空洞症
G95.100x007 缺血性脊髓病
G95.100x008 缺血性脊髓血管病
G95.200 脊髓受压
G95.800x010 椎管内囊肿
G95.900 脊髓病
G95.900x003 椎管内占位性病变
G95.901 椎管内肿物
I77.002 硬脊膜动静脉瘘
S14.002 颈部脊髓震荡
S14.101 颈部脊髓损伤
S34.000x002 腰部脊髓震荡
S34.100x001 腰部脊髓损伤
T09.300 脊髓损伤","/
03.3101 腰椎穿刺术
17.91110 头针治疗
27.2300 唇活组织检查
29.1100x002 纤维鼻咽镜检查
45.1300x004 胃-十二指肠镜检查
45.2302 电子结肠镜检查
87.2102 脊髓造影",0.69,6634.97,,,10
493,CV15,各种类型青光眼，不伴合并症或并发症,"H40.000x004 青光眼术后眼压失控
H40.100x001 开角型青光眼
H40.200 原发性闭角型青光眼
H40.200x012 急性闭角型青光眼绝对期
H40.202 慢性闭角型青光眼
H40.203 原发性急性闭角型青光眼
H40.403 青光眼睫状体炎综合征
H40.500x002 继发性青光眼
H40.501 新生血管性青光眼
H40.505 晶状体溶解性青光眼
H40.600x002 糖皮质激素性青光眼
H40.900 青光眼","/
16.2100x001 眼底检查
95.1201 眼荧光素血管造影",0.27,2584.08,,,3
494,FM25,经皮大血管常规手术，不伴合并症或并发症,"I26.900x001 肺栓塞
I26.900x003 肺血栓栓塞症
I26.900x005 大面积肺血栓栓塞症
I26.900x010 急性肺栓塞
I26.900x015 急性肺血栓栓塞症
I26.902 慢性肺血栓栓塞症
I71.000x011 主动脉夹层A型
I71.000x021 主动脉夹层B型
I71.000x029 胸腹主动脉夹层
I71.004 腹主动脉夹层
I71.204 主动脉弓动脉瘤
I71.300 腹主动脉瘤破裂
I71.401 腹主动脉假性动脉瘤
I71.402 腹主动脉扩张
I71.902 降主动脉瘤
I72.300 髂动脉瘤伴夹层
I72.300x003 髂动脉夹层
I72.300x006 髂动脉瘤
I72.301 髂总动脉瘤
I74.001 腹主动脉栓塞
I74.006 腹主动脉闭塞
I77.800x022 胸主动脉溃疡
I77.800x024 胸腹主动脉溃疡
I77.802 腹主动脉溃疡
I77.803 主动脉溃疡
Q25.701 先天性肺动静脉瘘","39.7101 腹主动脉支架置入术
39.7102 腹主动脉覆膜支架腔内隔绝术
39.7300x003 主动脉覆膜支架腔内隔绝术
39.7301 胸主动脉支架置入术
39.7303 胸主动脉覆膜支架腔内隔绝术
39.7900x030 经皮肺动脉取栓术
39.7900x031 经皮腹主动脉取栓术
39.7900x517 肺动静脉瘘栓塞术
39.9000x037 肺动脉分支支架置入术",17.51,168664.81,,,11
495,FT13,心肌病，伴一般合并症或并发症,"E85.416+I43.1* 淀粉样变心脏损害
I25.500 缺血性心肌病
I40.001 病毒性心肌炎
I40.900 急性心肌炎
I42.001 扩张型心肌病（充血型心肌病）
I42.100 梗阻性肥厚型心肌病
I42.200x002 肥厚型心肌病
I42.201 心尖肥厚型心肌病
I42.600 酒精性心肌病
I42.800x005 右心心肌病
I42.900 心肌病
I51.400 心肌炎
M32.104+I43.8* 狼疮性心肌病
T70.200x007 高原性心脏病","/
17.91110 头针治疗
29.1100x002 纤维鼻咽镜检查
34.0401 胸腔闭式引流术
38.9100 动脉导管插入术
38.9304 股静脉穿刺置管术
41.3100 骨髓活组织检查
89.6700 心脏排出量监测，用氧耗技术
99.6000 心肺复苏",0.69,6638.58,,,7
496,IB19,复杂脊柱疾病或3节段及以上脊柱融合手术或翻修手术,"A18.006+M49.0* 胸椎结核
A18.007+M49.0* 腰椎结核
A18.012+M49.0* 脊柱结核性截瘫
M24.301 自发性寰枢椎脱位
M40.200x041 胸椎后凸
M40.200x061 腰椎后凸
M41.900 脊柱侧弯
M43.006 腰椎滑脱
M46.500x091 椎体感染
M46.500x092 化脓性脊柱炎
M47.101+G99.2* 脊髓型颈椎病
M48.002 颈椎椎管狭窄
M48.003 胸椎椎管狭窄
M48.005 腰椎椎管狭窄
M51.100x002+G55.1* 腰椎间盘突出伴神经根病
M99.300x003 胸腰椎管骨性狭窄
Q75.803 颅底凹陷症
S13.103 寰枢椎脱位","03.0900x007 胸椎椎板切除减压术
77.6900x055 颈椎病损切除术
77.6906 内镜下椎间隙病灶清除引流术
79.8904 颈后入路寰枢椎复位内固定术
80.5103 内镜下颈椎间盘切除术
81.0105 枕-颈融合术，后入路
81.0200x001 前入路颈椎融合术
81.0300x001 后入路颈椎融合术
81.0501 胸椎融合术，后入路
81.0800x016 后外侧入路腰椎融合术
81.0801 腰椎椎体间融合术，后入路
81.3800x004 后外侧入路腰骶椎翻修术",6.34,61076.45,,,15
497,KJ11,因内分泌、营养、代谢疾病的其他手术，伴严重合并症或并发症,"E11.500x044 2型糖尿病性足坏疽
E11.503 2型糖尿病足病
E65.x04 脂肪垫
E87.500 高钾血症","39.9500 血液透析
39.9500x007 连续性肾脏替代治疗[CRRT]
77.2900x005 趾骨截骨术
77.6903 趾骨病损切除术
83.4501 肌肉清创术
84.1101 趾关节离断术
84.1103 跖骨头截断术
86.2200x011 皮肤和皮下坏死组织切除清创术
86.7503 皮瓣修整术
86.8300x031 脂肪垫切除术",3.04,29306.37,,,20
498,BD11,脊柱脊髓手术，伴严重合并症或并发症,"B02.202+G53.0* 带状疱疹性神经痛
B02.203+G53.0* 带状疱疹性神经根炎
C72.000 脊髓恶性肿瘤
C72.003 脊髓胸段恶性肿瘤
D17.700x026 椎管内脂肪瘤
D32.103 胸段脊膜瘤
D33.400 脊髓良性肿瘤
D33.902 椎管内良性肿瘤
D36.109 脊神经良性肿瘤
G44.100x004 颈源性头痛[颈神经后支源性头痛]
G91.900 脑积水
M51.003+G99.2* 腰椎间盘突出伴脊髓病
S14.101 颈部脊髓损伤","03.0900x003 颈椎后路单开门椎管减压术
03.0914 椎间盘镜下椎管减压术
03.4x03 脊髓病损切除术
03.4x07 内镜下椎管内病损切除术
03.7100 脊髓蛛网膜下-腹腔分流术
04.0300x003 脊神经根切断术
04.2x05 脊髓神经根射频消融术
80.5111 内镜下腰椎髓核切除术",3.8,36575.46,,,16
499,NR15,女性生殖系统恶性肿瘤，不伴合并症或并发症,"C51.900 外阴恶性肿瘤
C53.801 宫颈残端恶性肿瘤
C53.900 宫颈恶性肿瘤
C54.100 子宫内膜恶性肿瘤
C55.x00 子宫恶性肿瘤
C56.x00 卵巢恶性肿瘤
C57.000 输卵管恶性肿瘤
C79.814 阴道继发恶性肿瘤
D06.900x002 子宫颈上皮内瘤变III级[CINIII级]
D39.200x001 侵蚀性葡萄胎","/
34.0401 胸腔闭式引流术
34.9101 胸腔穿刺抽液术
38.9301 经外周静脉穿刺中心静脉置管术
38.9304 股静脉穿刺置管术
40.1102 锁骨上淋巴结活组织检查
40.1104 腹股沟淋巴结活组织检查
45.2302 电子结肠镜检查
50.1100x005 经皮肝穿刺活检
54.2400x006 盆腔病损穿刺活检
54.9101 腹腔穿刺引流术
54.9102 盆腔穿刺引流术
54.9105 腹腔穿刺术
57.3200x001 膀胱镜检查
57.3300 闭合性[经尿道]膀胱活组织检查
57.9400 留置导尿管的置入术
67.1200x001 子宫颈活检
69.0901 诊断性刮宫术
69.0902 宫腔镜诊断性刮宫术
69.9100x001 宫腔引流术
86.0600x004 药物治疗泵置入
86.0701 静脉输液港植入术",0.58,5544.38,,,5
500,VR15,损伤，不伴合并症或并发症,"S30.201 创伤性会阴血肿
S31.005 开放性腰背部损伤
S31.805 创伤性肛门裂伤
S39.900x004 腹股沟损伤
S39.907 腹部损伤
S41.000 肩开放性伤口
S61.000x001 手指开放性损伤
S61.900x002 腕部开放性损伤
S67.001 手指挤压伤
S71.100 大腿开放性伤口
S81.000 膝开放性伤口
S81.700 小腿多处开放性伤口
S87.801 小腿挤压伤
S91.000 踝开放性伤口
S91.200 趾开放性伤口伴有趾甲损坏
T01.200x001 上肢多处开放性损伤
T01.300x001 下肢多处开放性损伤
T01.302 下肢多处裂伤
T01.902 多发性动物咬伤
T02.500x001 双下肢多发性骨折
T07.x00 多处损伤","/
49.3900x016 肛门皮肤和皮下组织非切除性清创
86.0401 创面封闭式负压引流术（VSD)
86.2701 甲床清创术",0.36,3491.63,,,6
501,BB53,其他颅脑相关手术，伴一般合并症或并发症,"D35.201 鞍区良性肿瘤
G06.201 硬膜下脓肿
G06.203 硬膜外脓肿
G50.000 三叉神经痛
G50.003 原发性三叉神经痛
G51.003 周围性面神经麻痹
G51.301 面肌痉挛
G91.802 硬脑膜下积液
G93.500x001 枕骨大孔疝[小脑扁桃体疝]
G93.903 鞍区肿物
G95.003 脊髓空洞症
G96.000 脑脊液漏
G96.001 脑脊液鼻漏
I63.100 入脑前动脉栓塞引起的脑梗死
I63.402 大脑动脉栓塞引起脑梗死
I63.903 出血性脑梗死
I63.904 小脑梗死
Q01.900x001 脑膜脑膨出
R90.000 颅内占位性病变
S02.712 开放性多发性颅骨骨折
Z42.001 颅骨缺损修补","01.2406 神经内镜下环枕减压术
01.3108 硬脑膜下钻孔引流术
01.3900x009 脑内血肿清除术
01.5900x043 小脑病损切除术
01.5918 颅底病损切除术
01.5923 小脑半球病损切除术
01.5935 小脑扁桃体部分切除术
01.5936 神经导航下颅内病灶切除术
02.0300x001 颅骨骨瓣修补术
02.0503 颅骨钛网置入术
02.0600x003 颅骨修补术
02.1201 硬脑膜缺损修补术
02.1202 脑膜膨出修补术
02.1203 脑脊液漏修补术
02.1208 内镜下脑脊液鼻漏修补术
04.4100x003 三叉神经减压术
04.4101 三叉神经微血管减压术
04.4102 内镜下三叉神经微血管减压术
04.4200x014 面神经根粘连松解术
04.4203 面神经减压术
04.4204 面神经微血管减压术
04.4205 内镜下面神经微血管减压术
07.6200x007 神经内镜下经鼻腔-蝶窦垂体病损切除术",5,48116.09,,,14
502,ED15,除肺、纵隔、气管、胸壁外的其他手术，不伴合并症或并发症,"A16.200x015 继发性肺结核
B48.501+J17.2* 卡氏肺孢子虫病
C34.000x002 左主支气管恶性肿瘤
C34.000x003 右主支气管恶性肿瘤
C34.100x003 左肺上叶恶性肿瘤
C34.100x004 右肺上叶恶性肿瘤
C34.300x003 左肺下叶恶性肿瘤
C34.300x004 右肺下叶恶性肿瘤
C34.900x004 左肺恶性肿瘤
C34.900x005 右肺恶性肿瘤
D14.300x001 肺良性肿瘤
D38.104 支气管动态未定肿瘤
J15.600x002 革兰阴性细菌性肺炎
J15.903 社区获得性肺炎，重症
J93.100x001 自发性气胸
J96.900x002 I型呼吸衰竭
J98.005 支气管狭窄
J98.101 肺不张
J98.410 肺空洞
T17.400 气管内异物
T17.500 支气管内异物","32.0100x004 支气管镜下支气管病损冷冻术
32.0101 内镜下支气管病损切除术
34.9202 胸膜腔药物注射治疗
98.1503 气管镜支气管异物取出术
98.1504 气管镜气管异物取出术",0.99,9489.23,,,7
503,EJ11,呼吸系统其他手术，伴严重合并症或并发症,"A15.000x002 肺结核(仅痰涂片证实)
A15.207 空洞型肺结核，病理(+)
C34.000 主支气管恶性肿瘤
C34.000x003 右主支气管恶性肿瘤
C34.001 肺门恶性肿瘤
C34.100x003 左肺上叶恶性肿瘤
C34.100x004 右肺上叶恶性肿瘤
C34.201 肺中叶恶性肿瘤
C34.300x003 左肺下叶恶性肿瘤
C34.300x004 右肺下叶恶性肿瘤
C34.800x001 右肺中上叶恶性肿瘤
C34.900x004 左肺恶性肿瘤
C34.900x005 右肺恶性肿瘤
D36.717 胸壁良性肿瘤
J47.x01 支气管扩张伴咯血
J98.101 肺不张
J98.410 肺空洞
R04.200 咯血","39.7902 经导管支气管动脉栓塞术
86.3x03 皮下组织病损切除术",2.66,25603.4,,,13
504,FR18,急性心肌梗死，伴重症监护,"I21.001 急性前壁心肌梗死
I21.103 急性下壁心肌梗死
I21.300x004 急性ST段抬高型心肌梗死
I21.401 急性非ST段抬高型心肌梗死
I21.900 急性心肌梗死","/
00.6800x001 肢体动脉血管内压力测量
38.9100 动脉导管插入术
38.9301 经外周静脉穿刺中心静脉置管术
38.9302 颈内静脉穿刺中心静脉置管术
38.9303 锁骨下静脉穿刺中心静脉置管术
38.9304 股静脉穿刺置管术
57.9400 留置导尿管的置入术
86.2800x012 皮肤和皮下组织非切除性清创
89.6400x001 漂浮导管检查[Swan-Ganz导管插入]
89.6700 心脏排出量监测，用氧耗技术
96.6x01 肠内高营养
99.6000 心肺复苏",2.18,21034.98,,,6
505,GJ11,消化系统其他手术，伴严重合并症或并发症,"A09.004 感染性腹泻
A18.300x009+K93.0* 腹腔结核
A18.314+K67.3* 结核性腹膜炎
C15.100 胸部食管恶性肿瘤
C16.200 胃体恶性肿瘤
C16.900 胃恶性肿瘤
C17.900 小肠恶性肿瘤
C18.100 阑尾恶性肿瘤
C19.x00 直肠乙状结肠连接处恶性肿瘤
C20.x00 直肠恶性肿瘤
C26.901 胃肠道恶性肿瘤
C76.200 腹部恶性肿瘤
C76.304 腹股沟恶性肿瘤
C78.602 大网膜继发恶性肿瘤
C79.800x834 腹股沟继发恶性肿瘤
C79.809 腹腔继发恶性肿瘤
D01.405 十二指肠原位癌
D17.500x005 盆腔脂肪瘤
D18.000x859 腹股沟血管瘤
D36.707 腹腔良性肿瘤
D36.708 腹股沟良性肿瘤
D37.101 胃肿瘤
D48.714 腹腔肿瘤
K26.401 十二指肠球部溃疡伴出血
K27.503 上消化道穿孔
K28.500 慢性胃空肠溃疡伴有穿孔
K29.500 慢性胃炎
K29.800 十二指肠炎
K31.501 十二指肠狭窄
K31.814 胃穿孔
K40.307 单侧嵌顿性腹股沟疝伴梗阻
K40.906 复发性腹股沟疝
K46.000 腹疝，伴有梗阻，不伴有坏疽
K55.013 大网膜坏死
K56.700 肠梗阻
K62.600x002 直肠溃疡
K63.102 回肠穿孔
K63.103 结肠穿孔
K63.108 小肠穿孔
K63.200 肠瘘
K63.900x003 肠系膜肿物
K65.002 急性化脓性腹膜炎
K65.005 腹腔脓肿
K65.903 腹腔感染
K65.905 大网膜炎
K66.100 腹腔积血
K66.802 肠系膜囊肿
K66.807 腹腔囊肿
K66.809 腹膜肉芽肿
K92.210 消化道出血
S36.802 肠系膜裂伤
T18.200 胃内异物","39.9800x001 伤口止血术
44.1101 经腹胃镜检查(手术中)
51.8201 十二指肠乳头肌切开术
54.1101 腹腔镜中转剖腹探查术
54.1900x005 腹腔镜下腹腔积血清除术
54.2100 腹腔镜检查
54.2200x003 腹腔镜下腹壁活检术
54.2300x005 腹腔镜下腹膜活组织检查
54.3x02 腹腔镜下腹壁病损切除术
54.3x03 腹股沟病损切除术
54.3x06 腹壁清创术
54.4x11 腹腔镜下腹膜病损切除术
54.4x12 腹腔镜下网膜病损切除术
54.4x13 腹腔镜下肠系膜病损切除术
54.7500x002 肠系膜修补术
54.9202 腹腔镜下腹腔异物取出术
54.9900x010 腹腔镜下盆腔病损切除术
54.9902 腹腔病损切除术
54.9904 腹腔镜下腹腔病损切除术
96.2200x002 内镜下直肠支架植入术",3.57,34395.99,,,13
506,JU13,感染性皮肤病，伴一般合并症或并发症,"A46.x00 丹毒
L02.100 颈部皮肤脓肿、疖和痈
L02.200x009 背部痈
L02.200x010 胸壁脓肿
L02.201 背部脓肿
L02.202 腹壁脓肿
L02.203 腹股沟脓肿
L02.206 会阴脓肿
L02.402 下肢皮肤脓肿、疖和痈
L02.403 上肢皮肤脓肿、疖和痈
L02.801 头皮脓肿
L03.001 趾蜂窝织炎
L08.901 头面颈部皮肤感染
L08.902 躯干皮肤感染
L08.903 上肢皮肤感染
L08.904 下肢皮肤感染
L08.905 脐炎","/
17.912A0 电针治疗
27.0x05 颏下切开引流术
28.0x00x002 扁桃体周围切开引流术
29.1100x002 纤维鼻咽镜检查
34.0101 胸壁切开引流术
45.2302 电子结肠镜检查
54.0x00x002 腹壁窦道切开引流术
54.0x00x004 腹壁脓肿切开引流术
54.0x00x013 腹股沟脓肿切开引流术
54.0x00x022 脐脓肿切开引流术
54.2200x004 腹壁穿刺活检
54.9100x009 超声引导下盆腔穿刺术
54.9101 腹腔穿刺引流术
54.9105 腹腔穿刺术
83.9501 超声引导下躯干软组织病损抽吸术
83.9502 超声引导下颈部软组织病损抽吸术
86.0400x011 皮肤和皮下组织切开引流术
86.0402 男性会阴切开引流术
86.1100 皮肤和皮下组织的活组织检查
86.2800x012 皮肤和皮下组织非切除性清创",0.52,4995.18,,,9
507,LA23,膀胱肿瘤手术，伴一般合并症或并发症,"C67.000 膀胱三角区恶性肿瘤
C67.100 膀胱顶恶性肿瘤
C67.200 膀胱侧壁恶性肿瘤
C67.300 膀胱前壁恶性肿瘤
C67.400 膀胱后壁恶性肿瘤
C67.500 膀胱颈恶性肿瘤
C67.800 膀胱交搭跨越恶性肿瘤的损害
C67.900 膀胱恶性肿瘤
C67.900x002 膀胱多处恶性肿瘤
C79.101 膀胱继发恶性肿瘤","57.4900x001 经尿道膀胱病损电切术
57.4901 经尿道膀胱病损切除术
57.4904 经尿道膀胱部分切除术
57.5900x001 膀胱病损激光切除术
57.5906 膀胱病损电灼术
57.6x06 腹腔镜下膀胱部分切除术
57.7103 腹腔镜下膀胱根治切除术",1.79,17212.16,,,10
508,XS25,随访（不含恶性肿瘤诊断)，不伴严重合并症或并发症,"Z09.000x001 手术后随诊检查
Z09.001 肠镜下息肉切除术后,随诊检查
Z09.700 随诊检查,其他情况的联合治疗后的
Z09.900x001 治疗后的随诊检查
Z51.901 对症治疗","/
45.1300x004 胃-十二指肠镜检查
45.2302 电子结肠镜检查
95.0400 麻醉下眼检查",0.52,5013.31,,,4
509,FL31,经皮心脏消融术除房扑、房颤外其他心律失常，伴严重合并症或并发症,"I27.200x012 肺动脉高压
I27.200x018 疾病相关性肺动脉高压
I27.200x022 重度肺动脉高压
I42.100 梗阻性肥厚型心肌病
I45.600 预激综合征
I45.600x003 间歇性预激综合征
I45.600x004 A型预激综合征
I45.600x005 B型预激综合征
I45.600x007 心室预激
I47.100x004 房室结折返性心动过速
I47.100x005 房室折返性心动过速
I47.101 房性心动过速
I47.102 阵发性室上性心动过速
I47.104 阵发性房室折返性心动过速
I47.106 阵发性房室结内折返性心动过速
I47.108 阵发性房性心动过速
I47.200 室性心动过速
I47.200x003 右室室性心动过速
I47.201 阵发性室性心动过速
I49.100x001 房性期前收缩[房性早搏]
I49.300x002 室性期前收缩","37.3401 经导管心脏射频消融术
37.3404 经导管心脏化学消融术",4.77,45957.83,,,8
510,HJ11,与肝、胆或胰腺疾病有关的其他手术，伴严重合并症或并发症,"B65.903+K77.0* 血吸虫性肝炎
B67.500x001+K77.0* 肝泡型棘球蚴病
C22.000 肝细胞癌
C22.100 肝内胆管癌
C22.900 肝恶性肿瘤
C24.002 胆管恶性肿瘤
C25.000 胰头恶性肿瘤
C25.801 胰体胰尾部恶性肿瘤
C25.900 胰恶性肿瘤
C78.700 肝部和肝内胆管继发性恶性肿瘤
D13.400 肝良性肿瘤
D18.013 肝血管瘤
D37.706 胰腺肿瘤
K72.000x004 慢加急性肝衰竭
K72.003 急性肝衰竭
K74.302+I98.3* 原发性胆汁性肝硬化伴食管静脉曲张破裂出血
K74.615+I98.3* 肝硬化伴食管静脉曲张破裂出血
K74.617+I98.3* 肝硬化伴食管胃底静脉曲张破裂出血
K76.806 多发性肝囊肿
K76.807 肝囊肿
K76.808 肝结节性局灶性增生
K76.818 单纯性肝囊肿
K76.901 肝肿物
K80.000x004 胆囊结石伴慢性胆囊炎急性发作
K80.001 胆囊结石伴坏疽性胆囊炎
K80.100x001 胆囊结石伴胆囊炎
K80.101 胆囊结石伴慢性胆囊炎
K80.306 肝外胆管结石伴胆管炎
K82.802 胆囊息肉
K83.901 胆管肿物
K85.800x003 胰腺脓肿
K85.818 急性坏死性胰腺炎，重症
K85.902 急性重症胰腺炎
K86.200 胰腺囊肿
K86.300 胰腺假囊肿","39.9500x005 单膜血浆置换
39.9600x003 血液灌流
41.5x00 全脾切除术
42.9100x002 食管静脉曲张套扎术
50.0x03 腹腔镜下肝囊肿开窗引流术
50.1400 腹腔镜下肝活组织检查
50.2501 腹腔镜下肝病损微波消融术
50.2908 肝病损切除术
50.2909 腹腔镜下肝病损切除术
50.9200x001 肝透析[人工肝治疗]
52.0102 腹腔镜下胰腺囊肿外引流术
52.0900x001 腹腔镜下胰腺脓肿引流术
52.1201 胰腺活组织检查，经腹腔镜
52.2101 腹腔镜下胰腺病损切除术
52.2201 胰腺病损切除术
52.4x00x011 超声内镜下胰腺囊肿穿刺引流术
52.4x00x012 CT引导下胰腺囊肿穿刺引流术
52.4x03 胰腺囊肿空肠吻合术
52.4x04 腹腔镜下胰腺囊肿胃肠吻合术
52.4x06 腹腔镜下胰腺囊肿空肠吻合术
54.1900x010 腹腔脓肿切开引流术
54.2200x003 腹腔镜下腹壁活检术
54.3x00x004 腹壁窦道扩创术
54.4x12 腹腔镜下网膜病损切除术
54.4x16 腹腔镜下网膜切除术
54.5101 腹腔镜下肠粘连松解术
54.9904 腹腔镜下腹腔病损切除术",4.63,44629.33,,,15
511,HK11,食管曲张静脉出血的治疗性内镜操作，伴严重合并症或并发症,"C22.000 肝细胞癌
K70.302+I98.3* 酒精性肝硬化伴食管静脉曲张破裂出血
K70.304+I98.2* 酒精性肝硬化伴食管胃底静脉曲张
K70.306+I98.3* 酒精性肝硬化伴食管胃底静脉曲张破裂出血
K74.300x008+I98.3* 原发性胆汁型肝硬化伴食管胃底静脉曲张破裂出血
K74.302+I98.3* 原发性胆汁性肝硬化伴食管静脉曲张破裂出血
K74.607 肝硬化失代偿期
K74.615+I98.3* 肝硬化伴食管静脉曲张破裂出血
K74.616+I98.2* 肝硬化伴食管静脉曲张
K74.617+I98.3* 肝硬化伴食管胃底静脉曲张破裂出血
K74.618+I98.3* 肝硬化伴胃底静脉曲张破裂出血
K74.619+I98.2* 肝硬化伴食管胃底静脉曲张","42.3307 内镜食管静脉曲张结扎术
42.3308 内镜食管静脉曲张硬化剂注射术
42.3309 内镜食管静脉曲张组织胶注射术
42.3310 内镜食管出血止血术
43.4100x020 内镜下胃底静脉曲张组织胶注射术",2.27,21905.32,,,10
512,KB13,肾上腺手术，伴一般合并症或并发症,"D17.700x029 肾上腺脂肪瘤
D35.000 肾上腺良性肿瘤
D35.001 肾上腺无功能腺瘤
D44.101 肾上腺肿瘤
E26.000 原发性醛固酮过多症
E27.800x005 肾上腺增生
E27.800x021 肾上腺病变
E27.801 肾上腺囊肿
E27.803 肾上腺皮质增生
E27.805 肾上腺皮质结节样增生
E27.901 肾上腺肿物","07.2102 腹腔镜肾上腺病损切除术
07.2201 腹腔镜单侧肾上腺切除术
07.2902 腹腔镜肾上腺部分切除术",2.83,27268.68,,,12
513,KD25,甲状旁腺、甲状舌管及甲状腺其他手术，不伴合并症或并发症,"C73.x00 甲状腺恶性肿瘤
C75.000 甲状旁腺恶性肿瘤
D35.100 甲状旁腺良性肿瘤
E04.101 甲状腺结节
E04.902 结节性甲状腺肿
E07.901 甲状腺肿物
E21.100x001 继发性甲状旁腺功能亢进","06.3100 甲状腺病损切除术
06.8100 甲状旁腺全部切除术
06.8902 甲状旁腺部分切除术
06.8903 甲状旁腺病损切除术
06.8904 腔镜下甲状旁腺病损切除术",1.51,14509.58,,,3
514,QS55,其他贫血，不伴合并症或并发症,"D64.900 贫血
D64.901 轻度贫血
D64.902 中度贫血
D64.903 重度贫血","/
17.91330 悬灸治疗
17.95420 中药熏药治疗
17.98211 内痔硬化剂注射治疗
34.9101 胸腔穿刺抽液术
38.9302 颈内静脉穿刺中心静脉置管术
38.9303 锁骨下静脉穿刺中心静脉置管术
40.1104 腹股沟淋巴结活组织检查
41.3100 骨髓活组织检查
41.3800x001 骨髓穿刺术
45.1300x004 胃-十二指肠镜检查
45.1302 胶囊内镜检查术
45.1600x001 胃十二指肠镜下活检
45.2501 结肠镜下大肠活组织检查
68.1200x001 宫腔镜检查
69.0901 诊断性刮宫术
89.6700 心脏排出量监测，用氧耗技术
99.0301 输血
99.0401 红细胞输入
99.0500 输入血小板",0.55,5313.81,,,4
515,RK13,急性白血病化学治疗和/或其他治疗，伴一般合并症或并发症,"C91.000 急性淋巴细胞白血病
C91.007 成人Ph+急性淋巴细胞白血病（ALL）
C92.000 急性髓细胞白血病
C92.006 急性髓细胞白血病，M2型
C92.100x002 慢性粒细胞性白血病(急性变)
C92.400x011 急性早幼粒细胞白血病伴缓解(M3型)
C92.402 急性髓细胞白血病，M3型
C95.005 急性混合型单系白血病","99.2500x036 椎管内注射化疗药物
99.2503 静脉注射化疗药物",2.4,23161.31,,,17
516,EC11,纵隔、气管、胸壁大手术，伴严重合并症或并发症,"B44.102+J17.2* 曲霉菌性肺炎
C34.000 主支气管恶性肿瘤
C34.300x004 右肺下叶恶性肿瘤
C37.x00 胸腺恶性肿瘤
C38.300 纵隔恶性肿瘤
C78.100 纵隔继发性恶性肿瘤
C78.200 胸膜继发性恶性肿瘤
C79.800x809 胸壁继发恶性肿瘤
D15.000 胸腺良性肿瘤
D15.200 纵隔良性肿瘤
D15.200x001 后纵隔良性肿瘤
D17.400x001 纵隔脂肪瘤
D17.400x005 胸腺脂肪瘤
D18.000x814 纵隔血管瘤
D38.105 支气管肿瘤
D38.301 纵隔肿瘤
D38.400x001 胸腺交界性肿瘤
D38.401 胸腺肿瘤
D48.115 胸壁结缔组织动态未定肿瘤
E32.001 胸腺增生
E32.801 胸腺囊肿
J98.101 肺不张
J98.505 纵隔囊肿
J98.507 纵隔肿物
Q67.600 漏斗胸","07.8100 胸腺部分切除术
07.8101 胸腺病损切除术
07.8201 胸腺扩大切除术
07.8300x002 胸腔镜下胸腺病损切除术
07.8400 胸腔镜下胸腺全部切除术
07.8401 胸腔镜下胸腺扩大切除术
31.5x04 内镜下气管病损切除术
34.3x02 纵隔病损切除术
34.3x04 胸腔镜下纵隔病损切除术
34.4x01 胸壁病损切除术
34.5904 胸腔镜下胸膜病损切除术
34.7402 胸腔镜下漏斗胸矫正术",3.92,37763.91,,,15
517,EU15,重大胸部创伤，不伴严重合并症或并发症,"S27.000 创伤性气胸
S27.100 创伤性血胸
S27.200 创伤性血气胸
S27.301 肺挫伤
S27.802 胸部食管损伤
S27.808 创伤性胸腔积液
S27.811 食管异物穿孔
S29.900 胸部损伤","/
34.0401 胸腔闭式引流术
38.9100 动脉导管插入术
42.2300x001 食管镜检查
98.0201 食管镜食管异物取出术",0.47,4559.11,,,6
518,LV11,代谢性肾病，伴严重合并症或并发症,"E11.200x030+N08.3* 2型糖尿病性持续蛋白尿
E11.200x212+N08.3* 2型糖尿病肾病II期
E11.200x213+N08.3* 2型糖尿病肾病III期
E11.200x214+N08.3* 2型糖尿病肾病IV期
E11.200x215+N08.3* 2型糖尿病肾病V期
E11.201+N08.3* 2型糖尿病性肾病
E11.400x381+N33.8* 2型糖尿病神经源性膀胱炎","/
18.1100 耳镜检查
29.1100x002 纤维鼻咽镜检查
34.9103 超声引导下胸腔穿刺术
44.1300x001 胃镜检查
45.1300x004 胃-十二指肠镜检查
45.1600x001 胃十二指肠镜下活检
55.2300x001 超声引导下肾穿刺活检",1.03,9952.78,,,10
519,NR11,女性生殖系统恶性肿瘤，伴严重合并症或并发症,"C51.900 外阴恶性肿瘤
C53.801 宫颈残端恶性肿瘤
C53.900 宫颈恶性肿瘤
C54.100 子宫内膜恶性肿瘤
C55.x00 子宫恶性肿瘤
C56.x00 卵巢恶性肿瘤
C57.000 输卵管恶性肿瘤
C79.814 阴道继发恶性肿瘤
D06.900x002 子宫颈上皮内瘤变III级[CINIII级]
D39.200x001 侵蚀性葡萄胎","/
34.0401 胸腔闭式引流术
34.9101 胸腔穿刺抽液术
38.9301 经外周静脉穿刺中心静脉置管术
38.9304 股静脉穿刺置管术
40.1102 锁骨上淋巴结活组织检查
40.1104 腹股沟淋巴结活组织检查
45.2302 电子结肠镜检查
50.1100x005 经皮肝穿刺活检
54.2400x006 盆腔病损穿刺活检
54.9101 腹腔穿刺引流术
54.9102 盆腔穿刺引流术
54.9105 腹腔穿刺术
57.3200x001 膀胱镜检查
57.3300 闭合性[经尿道]膀胱活组织检查
57.9400 留置导尿管的置入术
67.1200x001 子宫颈活检
69.0901 诊断性刮宫术
69.0902 宫腔镜诊断性刮宫术
69.9100x001 宫腔引流术
86.0600x004 药物治疗泵置入
86.0701 静脉输液港植入术",1.47,14124.44,,,11
520,ZC11,多发性严重创伤的脊柱、髋、股或肢体手术，伴严重合并症或并发症,"S12.100 第二颈椎骨折
S12.200x041 颈椎骨折C6
S12.200x051 颈椎骨折C7
S14.101 颈部脊髓损伤
S22.000x051 胸椎骨折T9/T10
S22.000x061 胸椎骨折T11/T12
S22.100 胸椎多处骨折
S32.000x011 腰椎骨折L1
S32.000x021 腰椎骨折L2
S32.000x031 腰椎骨折L3
S32.000x041 腰椎骨折L4
S32.702 多发性腰椎骨折
S42.200x001 肱骨近端骨折
S52.110 开放性桡骨上端骨折
S72.000 股骨颈骨折
S72.101 股骨粗隆间骨折
S72.410 开放性股骨下端骨折","03.5302 颈椎骨折切开复位内固定术
03.5304 胸椎骨折切开复位内固定术
03.5305 腰椎骨折切开复位内固定术
79.6201 桡骨开放性骨折清创术
79.6500 股骨开放性骨折部位的清创术
80.9903 椎体次全切除伴椎间盘切除术
81.0200x001 前入路颈椎融合术
81.0502 胸腰椎融合术，后入路
81.5100 全髋关节置换
81.5200x004 人工双动股骨头置换术
81.5201 人工股骨头置换术
81.6600x002 腰椎骨折球囊扩张成形术
81.6600x003 胸椎骨折球囊扩张成形术
81.8101 人工肱骨头置换术",4.57,43989.21,,,16
521,ZD19,严重复合伤的腹部手术,"S36.002 创伤性脾破裂
S36.102 创伤性肝破裂
S36.500x011 升结肠损伤
S36.501 创伤性结肠破裂
S37.001 创伤性肾破裂","41.5x00 全脾切除术
41.5x01 腹腔镜全脾切除术
45.7300x007 右半结肠切除术
45.7901 结肠部分切除术
50.3x03 肝叶部分切除术
50.6101 肝破裂修补术
54.1100 开腹探查术
55.5101 单侧肾切除术",4.03,38799.27,,,13
522,FT43,心包疾病，伴合并症或并发症,"A18.808+I32.0* 结核性心包炎
I30.103 病毒性心包炎
I30.900 急性心包炎
I30.900x001 急性心包积液
I31.100 慢性缩窄性心包炎
I31.300 心包积液(非炎性)
I31.901 心包压塞
I31.902 心包炎
S26.000x001 创伤性心包积血","/
34.0401 胸腔闭式引流术
37.0x00x002 心包穿刺引流术
37.0x01 超声引导下心包穿刺引流术
45.1600x001 胃十二指肠镜下活检",0.99,9509.31,,,8
523,IE31,除股骨以外的下肢骨手术，伴严重合并症或并发症,"D16.304 趾骨良性肿瘤
M10.900x093 痛风石
M20.100x002 后天性(足母)外翻
M20.301 后天性踇内翻
M77.300 跟骨骨刺
M84.100x062 胫骨骨折不连接
M84.100x073 踝关节骨折不连接
M86.607 足慢性化脓性骨髓炎
M86.914 足部骨髓炎
M86.915 趾骨骨髓炎
M86.916 跟骨骨髓炎
M87.204 创伤后趾骨坏死
M89.813 足副舟骨痛
M89.910 腓骨肿物
Q66.600 足的其他先天性外翻变形
Q70.900x002 并趾
S32.000x011 腰椎骨折L1
S82.000 髌骨骨折
S82.010 开放性髌骨骨折
S82.100x011 胫骨近端骨折伴腓骨骨折
S82.100x012 胫骨平台伴腓骨骨折
S82.100x084 胫骨髁骨折
S82.100x085 胫骨髁间棘骨折
S82.100x087 胫骨平台骨折
S82.100x088 胫骨平台伴髁间骨折
S82.100x089 胫骨结节骨折
S82.101 闭合性胫骨平台骨折
S82.110 开放性胫骨上端骨折
S82.200x011 胫骨干骨折伴腓骨骨折
S82.200x081 胫骨干骨折
S82.201 胫腓骨干骨折
S82.210 开放性胫骨骨干骨折
S82.211 开放性胫骨骨折
S82.212 开放性胫腓骨干骨折
S82.300x011 胫骨远端骨折伴腓骨骨折
S82.300x081 胫骨远端骨折
S82.300x083 Pilon骨折
S82.301 胫腓骨下端骨折
S82.310 开放性胫骨下端骨折
S82.311 开放性胫腓骨下端骨折
S82.400x001 腓骨骨折
S82.401 腓骨干骨折
S82.410 开放性腓骨骨折
S82.500 内踝骨折
S82.501 胫骨骨折累及踝关节
S82.510 开放性内踝骨折
S82.600 外踝骨折
S82.601 腓骨骨折累及踝关节
S82.610 开放性外踝骨折
S82.710 开放性多发性小腿骨折
S82.800x082 踝关节骨折
S82.801 三踝骨折
S82.802 双踝骨折
S82.811 开放性三踝骨折
S92.000 跟骨骨折
S92.202 足舟状骨骨折
S92.203 楔状骨骨折(足)
S92.300 跖骨骨折
S92.300x003 跖骨基底骨折
S92.310 开放性跖骨骨折
S92.400 拇趾骨折
S92.410 开放性拇趾骨折
S92.500x001 趾骨骨折
S92.510 开放性特指趾骨骨折
S92.700 足多处骨折
S92.710 开放性多发性足骨折
S93.300x031 跗跖关节骨折脱位[Lisfranc骨折脱位]
T84.604 骨折内固定物植入感染","77.1701 胫骨切开引流术
77.2900x005 趾骨截骨术
77.3907 趾骨切断术
77.5100 ??囊肿切除术伴软组织矫正术和第一跖骨切开术
77.6702 腓骨病损切除术
77.6802 跖骨病损切除术
77.6900x007 跟骨病损切除术
77.6903 趾骨病损切除术
77.8900x028 副舟骨切除术
77.8904 趾骨部分切除术
78.1701 胫骨外固定术
78.3701 胫骨延长术
78.4802 跖骨成形术
78.5700x011 膝关节镜下后交叉韧带止点撕脱骨折固定术
78.5700x012 膝关节镜下胫骨髁间棘骨折固定术
79.0603 踝关节骨折闭合性复位术
79.0700x002 距骨骨折闭合复位术
79.1600x004 胫骨骨折闭合复位髓内针内固定术
79.1600x006 胫骨骨折闭合复位螺钉内固定术
79.1600x008 踝关节骨折闭合复位钢针内固定术
79.1600x012 胫骨骨折闭合复位钢板内固定术
79.1601 胫骨骨折闭合复位内固定术
79.1700x005 跖骨骨折闭合复位钢针内固定术
79.1700x009 跟骨骨折闭合复位钢针内固定术
79.1700x010 跟骨骨折闭合复位螺钉内固定术
79.1700x013 跟骨骨折闭合复位内固定术
79.1702 跖骨骨折闭合复位内固定术
79.1800x002 趾骨骨折闭合复位钢针内固定术
79.1900x005 髌骨骨折闭合复位空心钉内固定术
79.2601 胫骨骨折切开复位术
79.2603 踝关节骨折切开复位术
79.2801 趾骨骨折切开复位术
79.3600x009 踝关节骨折切开复位钢板内固定术
79.3600x010 踝关节骨折切开复位螺钉内固定术
79.3600x012 踝关节骨折切开复位钢针内固定术
79.3600x013 胫骨骨折切开复位钢板内固定术
79.3600x014 胫骨骨折切开复位螺钉内固定术
79.3600x015 胫骨骨折切开复位髓内针内固定术
79.3600x016 胫骨骨折切开复位钢针内固定术
79.3600x017 腓骨骨折切开复位钢板内固定术
79.3600x020 膝关节镜下前交叉韧带止点撕脱骨折复位固定术
79.3601 胫骨骨折切开复位内固定术
79.3602 腓骨骨折切开复位内固定术
79.3603 踝关节骨折切开复位内固定术
79.3604 髌骨骨折切开复位内固定术
79.3700x013 跟骨骨折切开复位钢板内固定术
79.3700x014 跟骨骨折切开复位螺钉内固定术
79.3700x015 跖骨骨折切开复位螺钉内固定术
79.3700x017 跖骨骨折切开复位钢针内固定术
79.3700x019 跖骨骨折切开复位钢板内固定术
79.3700x021 跟骨骨折切开复位内固定术
79.3700x022 楔骨骨折切开复位内固定术
79.3701 跗骨骨折切开复位内固定术
79.3702 跖骨骨折切开复位内固定术
79.3800x004 趾骨骨折切开复位钢针内固定术
79.3900x001 髌骨骨折切开复位张力带钢丝内固定术
79.3900x002 髌骨骨折切开复位螺钉内固定术
79.6600x001 踝骨开放性骨折清创术
79.6601 胫骨开放性骨折清创术
79.6702 跖骨开放性骨折清创术
79.6800 趾开放性骨折部位的清创术
84.1501 小腿截断术
86.8502 并趾矫正术",2.79,26845.3,,,14
524,IT13,骨髓炎，伴合并症或并发症,"M86.400 慢性骨髓炎伴有引流窦道
M86.606 踝慢性化脓性骨髓炎
M86.900x073 跖骨骨髓炎
M86.907 手指骨髓炎
M86.910 股骨骨髓炎
M86.911 膝关节骨髓炎
M86.913 胫骨骨髓炎
M86.914 足部骨髓炎
M86.915 趾骨骨髓炎
M86.916 跟骨骨髓炎
M87.000 特发性无菌性骨坏死
M87.002 股骨头无菌性坏死
M87.800x041 月骨缺血性坏死
M87.800x051 股骨头缺血性坏死","/
41.98 骨髓其他手术
45.1300x004 胃-十二指肠镜检查
77.4500 股骨活组织检查",0.98,9441.75,,,10
525,IT15,骨髓炎，不伴合并症或并发症,"M86.400 慢性骨髓炎伴有引流窦道
M86.606 踝慢性化脓性骨髓炎
M86.900x073 跖骨骨髓炎
M86.907 手指骨髓炎
M86.910 股骨骨髓炎
M86.911 膝关节骨髓炎
M86.913 胫骨骨髓炎
M86.914 足部骨髓炎
M86.915 趾骨骨髓炎
M86.916 跟骨骨髓炎
M87.000 特发性无菌性骨坏死
M87.002 股骨头无菌性坏死
M87.800x041 月骨缺血性坏死
M87.800x051 股骨头缺血性坏死","/
41.98 骨髓其他手术
45.1300x004 胃-十二指肠镜检查
77.4500 股骨活组织检查",0.63,6039.71,,,9
526,VJ11,其他损伤的手术，伴严重合并症或并发症,"N99.401 手术后盆腔腹膜粘连
S21.200x002 胸壁外部开放性损伤
S31.005 开放性腰背部损伤
S31.006 臀部异物
S31.100 腹壁开放性伤口
S39.907 腹部损伤
S61.000x001 手指开放性损伤
S61.000x002 拇指开放性损伤
S61.100x002 拇指开放性损伤伴指甲损伤
S61.700 腕和手多处开放性伤口
S61.800x081 手掌开放性损伤
S61.900x002 腕部开放性损伤
S67.000x001 拇指挤压伤
S67.000x003 手指碾挫伤
S67.801 手挤压伤
S68.100x002 单指完全离断
S71.000 髋开放性伤口
S71.100 大腿开放性伤口
S81.000 膝开放性伤口
S98.100x001 单趾切断
T01.200x001 上肢多处开放性损伤
T02.400x001 双上肢多发性骨折
T02.500x001 双下肢多发性骨折
T42.400 苯二氮类中毒
T42.401 安定中毒
T42.600 镇癫痫药和镇静催眠药中毒，其他的
T42.600x002 佐匹克隆中毒
T43.201 抗抑郁药中毒
T43.500x002 富马酸喹硫平中毒
T43.500x003 碳酸锂中毒
T43.500x004 抗精神病药中毒
T46.900x001 乌头碱中毒
T50.900x001 药物中毒
T60.100 卤化杀虫剂的毒性效应
T60.300x001 除莠剂中毒
T60.401 杀鼠剂中毒
T60.900 杀虫剂的毒性效应
T60.900x002 农药中毒
T62.001 食入毒蘑菇中毒
T62.200x003 植物类中毒
T65.300 苯及其同类物的氮衍生物和胺衍生物的毒性效应
T79.800x003 创伤性指坏死
T81.000x021 操作后宫颈出血
T81.000x030 操作后咽出血
T81.005 手术后扁桃体出血
T81.006 手术后咽出血
T81.010 手术后腹腔出血
T81.024 手术后切口血肿
T81.200x010 操作中血管损伤
T81.301 手术后伤口裂开
T81.500x007 操作后残留异物
T81.800x017 手术后切口愈合不良
T81.811 手术后伤口愈合不良","01.2500x003 颅骨清创术
03.0901 椎管探查术
06.0201 甲状腺术后止血术
28.7x01 扁桃体切除术后止血
34.7101 胸壁清创缝合术
38.8203 舌动脉结扎术
39.3102 股动脉缝合术
39.9500 血液透析
39.9500x005 单膜血浆置换
39.9500x007 连续性肾脏替代治疗[CRRT]
39.9600x003 血液灌流
39.9800x001 伤口止血术
41.5x00 全脾切除术
52.9504 胰腺修补术
54.1907 腹腔出血止血术
54.2100 腹腔镜检查
54.3x00x011 腹壁伤口清创术
54.6101 腹壁切口裂开缝合术
54.9201 腹腔切开异物取出术
67.3200x009 子宫颈电凝止血术
70.7905 阴道残端缝合术
79.3200x011 桡骨骨折切开复位钢板内固定术
79.3201 桡骨骨折切开复位内固定术
79.3604 髌骨骨折切开复位内固定术
82.3601 手部肌肉清创术
83.2900x002 手肌腱、血管、神经探查术
83.2900x003 足血管、神经、肌腱探查术
83.6501 肌肉缝合术
83.8901 筋膜成形术
84.0102 手指截断术，拇指除外
85.2000x001 乳房皮肤和皮下坏死组织切除清创术
86.0502 皮肤和皮下组织异物切开取出术
86.700x0014 皮瓣转移术
86.8900x011 残端皮肤修整术",2.06,19826.89,,,8
527,BB43,伴创伤诊断的颅脑手术，伴一般合并症或并发症,"S02.902 颅骨凹陷性骨折
S06.200x031 多发性大脑内出血
S06.200x081 多发性大脑挫裂伤
S06.300x011 局灶性大脑挫伤伴出血
S06.401 创伤性闭合性硬膜外血肿
S06.500 创伤性硬膜下出血
S06.500x002 创伤性硬脑膜下血肿
S06.500x006 亚急性创伤性硬脑膜下血肿
S06.501 创伤性急性硬膜下出血
S06.502 创伤性慢性硬膜下血肿
S06.700x003 闭合性颅脑损伤重型
S06.700x004 闭合性颅脑损伤特重型
S06.700x006 开放性颅脑损伤中型
S06.700x007 开放性颅脑损伤重型
S06.700x008 开放性颅脑损伤特重型
S06.800x002 创伤性脑内血肿","01.2400x013 硬脑膜外血肿清除术
01.3104 脑膜切开伴硬脑膜下腔血肿清除术
01.3108 硬脑膜下钻孔引流术
01.3900x009 脑内血肿清除术
01.3900x012 经外侧裂脑内血肿清除术
01.3906 内镜下脑血肿引流术
02.0503 颅骨钛网置入术",4.16,40046.49,,,15
528,GU15,消化道溃疡伴穿孔，不伴合并症或并发症,"K25.200x001 胃溃疡伴出血和急性穿孔
K25.500x001 胃溃疡伴穿孔
K26.200x001 十二指肠溃疡伴出血和急性穿孔
K26.500x001 十二指肠溃疡伴穿孔
K27.500 慢性消化性溃疡伴有穿孔
K27.503 上消化道穿孔
K27.600x001 复合性溃疡伴出血和穿孔
K63.103 结肠穿孔
K63.105 乙状结肠穿孔","/
34.0401 胸腔闭式引流术
38.9100 动脉导管插入术
38.9302 颈内静脉穿刺中心静脉置管术
44.1300x001 胃镜检查
45.1300x004 胃-十二指肠镜检查
99.6000 心肺复苏",0.72,6932.53,,,6
529,LE11,尿道手术，伴严重合并症或并发症,"C68.000 尿道恶性肿瘤
D41.301 尿道肿瘤
N21.100 尿道结石
N34.001 尿道旁腺脓肿
N35.900 尿道狭窄
N36.200 尿道肉阜
N36.201 尿道息肉
N36.302 尿道脱垂
N36.806 尿道囊肿
N36.808 尿道旁腺囊肿
N36.901 尿道肿物
N39.300 压力性尿失禁
T19.000 尿道内异物","58.0x00x004 膀胱镜下尿道狭窄切开术
58.3101 经尿道尿道病损电切术
58.3103 经尿道尿道狭窄电切术
58.3901 尿道病损切除术
58.3906 尿道口病损切除术
58.5x00 尿道狭窄松解术
58.6x00x003 经内镜尿道结石取出术
58.6x00x004 经内镜尿道异物取出术
58.9200x002 尿道旁腺病损切除术
58.9201 尿道旁病损切除术
59.5x00 耻骨后尿道悬吊术
59.5x01 经阴道无张力尿道悬吊术（TVT）
59.7903 经阴道闭孔无张力尿道中段悬吊术(TVT-O)",1.43,13793.73,,,8
530,RP19,恶性及增生性疾病的终末期治疗,"Z51.100x004 恶性肿瘤终末期化疗
Z51.800x983 恶性肿瘤终末期靶向治疗","99.2503 静脉注射化疗药物
99.2800x006 分子靶向治疗",0.73,7004.07,,,6
531,CB63,视网膜及晶状体以外的内眼手术，伴合并症或并发症,"E11.300x051+H42.0* 2型糖尿病性新生血管性青光眼
H21.000 前房积血
H21.500x003 虹膜根部离断
H40.000x004 青光眼术后眼压失控
H40.100 原发性开角型青光眼
H40.100x001 开角型青光眼
H40.200 原发性闭角型青光眼
H40.202 慢性闭角型青光眼
H40.203 原发性急性闭角型青光眼
H40.401 虹膜睫状体炎继发性青光眼
H40.500x002 继发性青光眼
H40.501 新生血管性青光眼
H40.600x002 糖皮质激素性青光眼
H40.900 青光眼
S05.102 创伤性前房积血
S05.200x007 外伤性虹膜根部离断","12.1101 虹膜激光打孔术
12.1402 虹膜激光切除术
12.3500 瞳孔成形术
12.3901 虹膜离断缝合术
12.4300x001 睫状体病损破坏术
12.5900x001 房角分离术
12.6400x001 激光小梁成形术[ALP、KLP]
12.6400x003 滤帘切除术[小梁切除术]
12.6704 青光眼阀置入术
12.9101 前房穿刺术
12.9903 前房成形术",0.63,6023.56,,,4
532,GH13,腹腔/盆腔内粘连松解术，伴一般合并症或并发症,"K31.500 十二指肠梗阻
K44.000x001 膈疝伴梗阻
K46.000x002 腹内疝伴肠梗阻
K56.201 绞窄性肠梗阻
K56.500 肠粘连[带]伴有梗阻
K56.500x003 粘连性肠梗阻
K56.503 肠粘连性狭窄
K56.600x001 肠绞窄坏死
K56.700 肠梗阻
K56.701 不完全性肠梗阻
K66.002 肠粘连
K91.820 手术后肠粘连","54.5101 腹腔镜下肠粘连松解术
54.5903 肠粘连松解术",2.6,25030.64,,,12
533,IE21,股骨手术，伴严重合并症或并发症,"D48.903+M90.7* 肿瘤性病理性骨折
M84.100x051 股骨骨折不连接
M86.910 股骨骨髓炎
M86.913 胫骨骨髓炎
M87.800x051 股骨头缺血性坏死
S72.000 股骨颈骨折
S72.000x031 股骨颈头下骨折
S72.100x001 股骨大粗隆骨折
S72.100x002 股骨小粗隆骨折
S72.101 股骨粗隆间骨折
S72.200x001 股骨粗隆下骨折
S72.300 股骨干骨折
S72.310 开放性股骨干骨折
S72.400x001 股骨远端骨折
S72.400x012 股骨内髁骨折
S72.400x013 股骨外髁骨折
S72.400x031 股骨髁上骨折
S72.400x041 股骨髁间骨折
S72.410 开放性股骨下端骨折
S72.710 开放性多发性股骨骨折
S72.900 股骨骨折
T84.200x003 骨内固定装置障碍","77.1500x002 股骨开窗引流术
77.1500x006 股骨钻孔减压术
78.1501 股骨外固定术
79.1500x006 股骨骨折闭合复位髓内针内固定术
79.1500x007 股骨骨折闭合复位钢针内固定术
79.1500x008 股骨骨折闭合复位螺钉内固定术
79.3500x016 股骨骨折切开复位钢板内固定术
79.3500x017 股骨骨折切开复位螺钉内固定术
79.3500x018 股骨骨折切开复位髓内针内固定术
79.3500x019 股骨骨折切开复位钢针内固定术
79.3501 股骨骨折切开复位内固定术
84.1701 大腿截断术",3.44,33103.94,,,15
534,JB25,乳腺切除手术，不伴合并症或并发症,"C50.200 乳房上内象限恶性肿瘤
C50.300 乳房下内象限恶性肿瘤
C50.400 乳房上外象限恶性肿瘤
C50.500 乳房下外象限恶性肿瘤
C50.801 乳腺恶性肿瘤，上部
C50.802 乳腺恶性肿瘤，下部
C50.803 乳腺恶性肿瘤，内侧
C50.804 乳腺恶性肿瘤，外侧
C50.900 乳房恶性肿瘤
D24.x00 乳房良性肿瘤
D24.x02 副乳腺良性肿瘤
D48.600x001 乳房交界性肿瘤
N61.x00x014 慢性乳腺炎
N62.x02 男性乳房发育
Q83.100x001 副乳腺囊性增生
Q83.100x002 副乳腺腺病","85.2100x023 腔镜下乳房腺体区段切除术
85.2200 乳房象限切除术
85.2300x001 乳腺局部扩大切除术
85.2301 乳腺部分切除术
85.2400x006 副乳病损切除术
85.3400x002 单侧皮下乳房切除术
85.3401 保留乳头的单侧皮下乳房切除术
85.3600x001 双侧皮下乳房切除术
85.3601 保留乳头的双侧皮下乳房切除术
85.4200x003 腔镜下双侧乳房切除术
85.4302 单侧保乳乳腺改良根治术",0.89,8574.52,,,5
535,KR13,内分泌腺体肿瘤，伴合并症或并发症,"C73.x00 甲状腺恶性肿瘤
C74.000 肾上腺皮质恶性肿瘤
C74.900 肾上腺恶性肿瘤
D35.000 肾上腺良性肿瘤
D35.001 肾上腺无功能腺瘤
D35.200x010 垂体瘤
D44.101 肾上腺肿瘤","/
06.1101 超声引导下经皮甲状腺活组织检查术
07.1100 闭合性[经皮][针吸]肾上腺活组织检查
29.1100x002 纤维鼻咽镜检查
33.2400x001 支气管镜下支气管活检
34.2500 闭合性纵隔[经皮][针吸]活组织检查
38.9100 动脉导管插入术
38.9304 股静脉穿刺置管术
40.1101 颈淋巴结活组织检查
40.1103 腋窝淋巴结活组织检查
45.1300x004 胃-十二指肠镜检查",1.41,13559.32,,,6
536,LZ11,肾及泌尿系统其他疾病，伴严重合并症或并发症,"N18.100 慢性肾脏病1期
N18.200 慢性肾脏病2期
N28.001 肾梗死
N28.100 肾囊肿
N28.101 单纯性肾囊肿
N28.102 获得性肾囊肿
N28.805 肾包膜下积液
N28.806 肾出血
N28.815 肾肿物
N28.826 输尿管扩张
N28.902 输尿管肿物
N30.400 放射性膀胱炎
N30.900 膀胱炎
N30.902 出血性膀胱炎
N32.300 膀胱憩室
N32.805 膀胱过度活动症
N36.000 尿道瘘
N36.200 尿道肉阜
N36.901 尿道肿物
Q61.300 多囊肾
Q62.000 先天性肾盂积水
Q62.200 先天性巨输尿管
Q64.401 脐尿管瘘
S37.002 肾挫伤
S37.004 创伤性肾周血肿
S37.201 创伤性膀胱破裂
S37.300 尿道损伤
T82.800x003 人工动静脉瘘闭塞","/
34.9103 超声引导下胸腔穿刺术
38.9800x001 动脉穿刺术
45.2302 电子结肠镜检查
55.2300x001 超声引导下肾穿刺活检
57.3200x001 膀胱镜检查
58.2200x001 尿道镜检查",0.83,8027.58,,,7
537,VQY,歧义组(MDCV),"S31.805 创伤性肛门裂伤
T42.400 苯二氮类中毒
T43.201 抗抑郁药中毒
T48.601 氨茶碱中毒
T50.900x001 药物中毒
T67.000x001 热射病
T68.x00 低体温
T75.101 溺水性肺水肿
T81.000x020 操作后肛门出血
T81.013 手术后胆管出血
T81.022 手术后伤口出血","49.3900x015 肛门皮肤和皮下坏死组织切除清创术
49.9500x002 手术后肛门出血缝扎止血术
93.9000 无创机械性通气
96.0400 气管内插管
96.7101 呼吸机治疗[小于96小时]",/,/,,,/
538,VS13,过敏反应，伴合并症或并发症,"T78.200 过敏性休克
T78.300 血管神经性水肿
T78.300x004 巨大荨麻疹
T78.301 急性特发性水肿
T78.400x002 过敏反应
T88.601 药物过敏性休克","/
38.9100 动脉导管插入术
45.1300x004 胃-十二指肠镜检查
89.6700 心脏排出量监测，用氧耗技术",0.49,4711.44,,,5
539,CD29,眼肌手术,"H50.000x002 共同性内斜视
H50.000x004 内斜视
H50.002 交替性内斜视
H50.100x002 共同性外斜视
H50.100x004 外斜视
H50.101 交替性外斜视
H50.405 共同性斜视
S01.101 眼睑裂伤","15.1100 一条眼外肌的后徙术
15.2200 一条眼外肌的缩短术
15.3x01 两条或两条以上眼外肌的后徙术
15.4x01 两条或两条以上眼外肌缩短术
15.7x00 眼外肌损伤修补术",0.65,6251.2,,,1
540,KC15,垂体手术，不伴严重合并症或并发症,"D35.200 垂体良性肿瘤
D35.200x004 垂体无功能良性肿瘤
D35.200x010 垂体瘤
E23.607 垂体囊肿
E23.608 拉特克囊肿",07.6200x007 神经内镜下经鼻腔-蝶窦垂体病损切除术,4.53,43655.47,,,11
541,KV15,先天性代谢异常，不伴合并症或并发症,"E16.803 代谢综合征
E72.201 高氨血症
E77.801 低蛋白血症
E78.500 高脂血症
E79.001 高尿酸血症
E83.500x001 低钙血性惊厥
E88.803 饥饿性酮症","/
06.1101 超声引导下经皮甲状腺活组织检查术
16.2100x001 眼底检查
17.912A0 电针治疗
18.1100 耳镜检查
29.1100x002 纤维鼻咽镜检查
31.4200x003 纤维喉镜检查
38.9100 动脉导管插入术
44.1300x001 胃镜检查
45.1300x004 胃-十二指肠镜检查
45.1301 十二指肠镜检查术
45.1600x001 胃十二指肠镜下活检
45.2302 电子结肠镜检查
86.1100 皮肤和皮下组织的活组织检查
95.1201 眼荧光素血管造影",0.31,2954,,,4
542,LT11,肾及尿路肿瘤，伴严重合并症或并发症,"C64.x00x001 肾恶性肿瘤
C65.x00 肾盂恶性肿瘤
C66.x00 输尿管恶性肿瘤
C67.900 膀胱恶性肿瘤
D41.001 肾肿瘤
D41.101 肾盂肿瘤
D41.201 输尿管肿瘤
D41.401 膀胱肿瘤","/
00.6800x001 肢体动脉血管内压力测量
33.2600x002 经皮针吸肺活检
34.9101 胸腔穿刺抽液术
40.1101 颈淋巴结活组织检查
54.9101 腹腔穿刺引流术
55.2301 肾穿刺活组织检查
55.2302 内镜下肾盂活组织检查
56.3300x001 经尿道输尿管镜输尿管活检
57.3200x001 膀胱镜检查
60.1100x002 超声引导下前列腺穿刺活检
86.0701 静脉输液港植入术",1.36,13061.27,,,11
543,OE11,异位妊娠手术，伴严重合并症或并发症,"O00.000 腹腔妊娠
O00.100 输卵管妊娠
O00.101 输卵管妊娠流产
O00.102 输卵管妊娠破裂
O00.104 输卵管壶腹部妊娠
O00.105 输卵管壶腹部妊娠流产
O00.106 输卵管壶腹部妊娠破裂
O00.107 输卵管间质部妊娠
O00.109 输卵管间质部妊娠破裂
O00.200 卵巢妊娠
O00.201 卵巢妊娠破裂
O00.803 宫颈妊娠
O00.807 子宫瘢痕处妊娠
O00.809 子宫角妊娠
O00.900 异位妊娠","65.2501 腹腔镜卵巢病损切除术
66.0103 腹腔镜输卵管妊娠切开去除术
66.4x02 腹腔镜单侧输卵管切除术
66.5102 腹腔镜双侧输卵管切除术
66.6200x003 输卵管部分切除伴输卵管妊娠物去除术
66.6200x004 腹腔镜下输卵管部分切除伴输卵管妊娠物去除术
66.6201 腹腔镜输卵管切除伴输卵管妊娠去除术
74.3x00x012 腹腔镜下卵巢切开胚胎清除术
74.3x00x016 宫腔镜下子宫颈娠清除术
74.3x00x017 宫腔镜下子宫角妊娠清除术
74.3x00x018 宫腔镜下子宫瘢痕妊娠清除术
74.3x04 子宫瘢痕妊娠清除术
74.3x05 腹腔镜腹腔妊娠清除术
74.3x06 腹腔镜子宫角妊娠清除术
74.3x08 腹腔镜子宫瘢痕妊娠清除术",1.31,12604.69,,,4
544,SS13,手术后及创伤后感染，伴一般合并症或并发症,"T79.300x001 创伤后伤口感染
T81.400x001 操作后伤口感染
T81.400x004 手术后切口脂肪液化
T81.405 手术后膝关节感染
T81.406 手术后切口感染
T82.700x002 起搏器周围组织感染","/
86.0400x011 皮肤和皮下组织切开引流术",0.57,5518.84,,,10
545,SS15,手术后及创伤后感染，不伴合并症或并发症,"T79.300x001 创伤后伤口感染
T81.400x001 操作后伤口感染
T81.400x004 手术后切口脂肪液化
T81.405 手术后膝关节感染
T81.406 手术后切口感染
T82.700x002 起搏器周围组织感染","/
86.0400x011 皮肤和皮下组织切开引流术",0.42,4029.39,,,9
546,ST13,原因不明的发热，伴合并症或并发症,R50.900 发热,"/
41.3100 骨髓活组织检查
45.2302 电子结肠镜检查",0.72,6940.69,,,6
547,TB11,精神病患者的手术，伴严重合并症或并发症,"F05.000x001 药物中毒性意识障碍(包括谵妄状态)
F06.800x026 血管性认知功能障碍
F06.800x027 认知障碍
F32.000x011 伴有躯体症状的轻度抑郁发作
F32.100x011 伴有躯体症状的中度抑郁发作
F32.200 不伴有精神病性症状的重度抑郁发作
F32.900 抑郁发作
F32.901 抑郁状态
F33.100 复发性抑郁障碍，目前为中度发作
F33.900 复发性抑郁障碍
F41.100 广泛性焦虑障碍
F41.101 焦虑状态
F41.900 焦虑障碍
F45.304 心血管性神经官能症
F45.306 心脏神经官能症
F45.403 功能性腹痛综合征
F45.900 躯体形式障碍
G47.000x001 失眠
G47.900 睡眠障碍","05.3100x006 星状神经节阻滞术
09.7300x004 泪道重建术
16.9900 眼球其他手术
39.7900x058 经皮肠系膜上动脉栓塞术
39.9600x003 血液灌流
42.3301 内镜食管病损切除术
42.3310 内镜食管出血止血术
43.4105 内镜下胃息肉切除术
44.4300x002 胃镜下胃出血止血术
45.4200x003 纤维结肠镜下结肠息肉切除术
45.4302 内镜下结肠病损切除术
45.4305 内镜下直肠止血术
45.4307 内镜下结肠黏膜切除术(EMR)
48.3600x002 内镜下直肠病损切除术
48.3600x004 内镜下直肠黏膜切除术(EMR)
48.3602 直肠-乙状结肠镜下直肠息肉切除术
83.6501 肌肉缝合术
88.4101 脑血管造影
88.5500 单根导管的冠状动脉造影术
88.5600 用两根导管的冠状动脉造影术
98.5103 输尿管体外冲击波碎石术",1.24,11964.93,,,14
548,YR15,HIV相关疾病，不伴严重合并症或并发症,"A41.501 大肠杆菌脓毒症
A41.900 脓毒症
A86.x00 病毒性脑炎
B23.200 人类免疫缺陷病毒[HIV]病造成的不可归类在他处的血液学和免疫学的异常
B24.x01 艾滋病
C22.900 肝恶性肿瘤
D50.900 缺铁性贫血
E11.401+G63.2* 2型糖尿病性周围神经病
G25.900 锥体束外和运动疾患
I48.900x004 心房颤动[心房纤颤]
I63.900 脑梗死
I63.905 多发性脑梗死
I77.102 锁骨下动脉狭窄
J03.901 急性化脓性扁桃体炎
J15.900 细菌性肺炎
J15.902 社区获得性肺炎，非重症
J44.000 慢性阻塞性肺病伴有急性下呼吸道感染
K26.401 十二指肠球部溃疡伴出血
K56.701 不完全性肠梗阻
K74.602 乙型肝炎后肝硬化失代偿期
K76.800x006 肝功能不全
K80.304 胆总管结石伴急性胆管炎
R55.x00x001 晕厥
S06.200x081 多发性大脑挫裂伤
S14.101 颈部脊髓损伤
S32.500x002 耻骨分支骨折
S61.000x001 手指开放性损伤","/
03.3101 腰椎穿刺术
08.2000x010 眼睑皮肤和皮下组织非切除性清创
29.1100x002 纤维鼻咽镜检查
38.9100 动脉导管插入术
45.1300x004 胃-十二指肠镜检查
54.9101 腹腔穿刺引流术",0.97,9343.01,,,9
549,FT11,心肌病，伴严重合并症或并发症,"E85.416+I43.1* 淀粉样变心脏损害
I25.500 缺血性心肌病
I40.001 病毒性心肌炎
I40.900 急性心肌炎
I42.001 扩张型心肌病（充血型心肌病）
I42.100 梗阻性肥厚型心肌病
I42.200x002 肥厚型心肌病
I42.201 心尖肥厚型心肌病
I42.600 酒精性心肌病
I42.800x005 右心心肌病
I42.900 心肌病
I51.400 心肌炎
M32.104+I43.8* 狼疮性心肌病
T70.200x007 高原性心脏病","/
17.91110 头针治疗
29.1100x002 纤维鼻咽镜检查
34.0401 胸腔闭式引流术
38.9100 动脉导管插入术
38.9304 股静脉穿刺置管术
41.3100 骨髓活组织检查
89.6700 心脏排出量监测，用氧耗技术
99.6000 心肺复苏",0.89,8579.47,,,10
550,RA23,淋巴瘤、白血病等伴其他手术，伴一般合并症或并发症,"C77.200 腹腔内淋巴结继发性的恶性肿瘤
C77.300x001 腋窝淋巴结继发恶性肿瘤
C81.900 霍奇金淋巴瘤，未特指
C83.100 曼特尔细胞淋巴瘤
C83.300 弥漫性大B细胞淋巴瘤
C84.400x001 成熟T细胞淋巴瘤
C84.401 血管免疫母细胞性T-细胞淋巴瘤
C85.100 B-细胞淋巴瘤
C85.100x017 ALK+大B细胞淋巴瘤
C85.900 非霍奇金淋巴瘤
C85.900x006 淋巴瘤
C88.400 MALT-淋巴瘤
C91.000x016 T淋巴母细胞白血病/淋巴瘤
C91.100 B细胞型慢性淋巴细胞白血病
D47.700x007 Castleman病
D47.900x001 淋巴细胞增殖性疾病
D48.716 盆腔肿瘤","32.2400x001 经皮肺病损射频消融术
40.2300 腋淋巴结切除术
40.2400 腹股沟淋巴结切除术
40.2900x021 颈淋巴结切除术
43.1900x003 永久性胃造口术
45.4307 内镜下结肠黏膜切除术(EMR)
48.3600x004 内镜下直肠黏膜切除术(EMR)
54.2300x003 腹膜后活检术",1.72,16546.33,,,11
551,BU33,中枢神经系统脱髓鞘病，伴一般合并症或并发症,"G04.801 自体免疫性脑炎
G35.x00 多发性硬化
G35.x04 多发性硬化，进展复发型
G36.000 视神经脊髓炎［德维克］
G36.000x002 视神经脊髓炎谱系疾病
G37.100 胼胝体中枢性脱髓鞘
G37.200x001 脑桥中央髓鞘溶解症
G37.802 脱髓鞘性白质脑病
G37.803 脱髓鞘性脑病
G37.900 中枢神经系统脱髓鞘病","/
03.3101 腰椎穿刺术
38.9502 为肾透析的临时静脉插管术
45.1300x004 胃-十二指肠镜检查",1.05,10084.3,,,9
552,CB73,角膜、巩膜、结膜手术，伴一般合并症或并发症,"H05.901 眼眶肿物
H11.000 翼状胬肉
H11.201 睑球粘连
H11.401 结膜囊肿
H11.805 结膜松弛
H11.901 结膜肿物
H18.901 角膜肿物
S05.300x004 眼球破裂伤
S05.301 角膜裂伤
S05.306 结膜裂伤
S05.601 角膜穿通伤
T15.000 角膜异物","10.3101 结膜病损切除术
10.4900x001 结膜成形术
10.4903 结膜囊成形术
10.5x01 睑球粘连分离术
10.6x00x001 结膜缝合术
10.6x00x002 结膜撕裂修补术
10.9900x001 结膜瓣遮盖术
10.9901 结膜松弛矫正术
11.1x01 角膜切开异物去除术
11.3201 翼状胬肉切除伴自体干细胞移植术
11.3203 翼状胬肉切除伴羊膜植片移植术
11.3900x001 翼状胬肉切除术
11.3901 翼状胬肉切除伴结膜移植术
11.4903 角膜病损切除术
11.5100 角膜裂伤缝合术
11.5900x001 角膜修补术
11.9900x002 自体角膜缘干细胞取材术
98.2200x005 角膜嵌入异物去除",0.45,4302.21,,,3
553,IC41,除置换/翻修外的髋、肩、膝、肘、踝和足部关节其他手术，伴严重合并症或并发症,"C40.202 胫骨恶性肿瘤
C49.200x002 下肢软组织恶性肿瘤
D18.000x860 膝关节血管瘤
D21.100x003 肘部结缔组织良性肿瘤
M00.005 葡萄球菌性膝关节炎
M00.900x061 感染性膝关节炎
M05.308 累及全身类风湿性关节炎
M10.002 痛风性关节炎
M10.900x093 痛风石
M12.200x061 膝色素沉着绒毛结节性滑膜炎
M12.200x071 踝关节色素沉着绒毛结节性滑膜炎
M12.500x061 膝关节创伤性关节病
M17.000 原发性双侧膝关节病
M17.101 原发性单侧膝关节病
M19.902 肘关节关节病
M19.905 踝关节关节病
M21.200x021 后天性肘关节屈曲变形
M23.001 膝半月板囊肿
M23.100 盘状半月板(先天性)
M23.213 陈旧性膝半月板损伤
M23.302 内侧半月板后角损伤
M23.303 内侧半月板损伤
M23.306 外侧半月板损伤
M23.308 半月板损伤
M23.400 膝关节游离体
M24.002 肘关节游离体
M24.006 踝关节游离体
M24.401 复发性肩关节脱位
M25.803 肩关节囊肿
M25.804 肘关节囊肿
M25.807 髋关节囊肿
M25.808 膝关节囊肿
M60.001 肩区感染性肌炎
M65.900x062 膝关节滑膜皱襞综合征
M65.902 肘关节滑膜炎
M65.905 髋关节滑膜炎
M65.906 膝关节滑膜炎
M65.907 踝关节滑膜炎
M70.301 过度打击肘
M70.400 髌前囊炎
M71.200x001 腘窝囊肿
M71.307 膝关节滑膜囊肿
M75.000x001 冻结肩
M75.103 肩袖自发性破裂
M76.301 涉及髂胫带弹响髋
M76.600 跟腱炎
M76.800x072 踝关节撞击综合征
M77.101 肱骨外上髁炎
M77.300 跟骨骨刺
M85.600x052 坐骨结节囊肿
M87.800x051 股骨头缺血性坏死
M87.900x071 距骨骨坏死
Q78.405 先天性膝滑膜骨软骨瘤病
S42.200x001 肱骨近端骨折
S42.200x041 肱骨大结节骨折
S43.000 肩关节脱位
S43.000x011 肱骨前脱位
S43.100 肩锁关节脱位
S52.000x001 肘关节骨折
S53.100 肘关节脱位
S53.300x001 尺侧副韧带断裂
S63.000x011 下尺桡关节脱位
S72.000x041 股骨颈经颈骨折
S73.000 髋脱位
S82.010 开放性髌骨骨折
S82.212 开放性胫腓骨干骨折
S83.200x001 膝半月板撕裂
S83.200x006 膝外侧半月板撕裂
S83.201 膝内侧半月板损伤
S83.202 膝外侧半月板损伤
T84.000x012 人工股骨头置换术后假体松动
T84.002 髋关节假体松动
T84.003 髋关节假体障碍
T84.501 髋关节假体植入感染","77.6601 髌骨病损切除术
77.8600 髌骨部分骨切除术
79.7100 肩脱位闭合性复位术
79.7200 肘脱位闭合性复位术
79.7500 髋脱位闭合性复位术
79.8100x003 肩关节脱位切开复位内固定术
79.8100x006 肩锁关节脱位切开复位内固定术
79.8200x001 肘关节脱位切开复位内固定术
79.8900x001 尺桡关节脱位切开复位术
80.1201 关节镜肘关节游离体取出术
80.1600x001 膝关节切开引流术
80.1604 关节镜膝关节游离体取出术
80.1702 踝关节游离体去除术,经关节镜
80.4102 关节镜肩关节松解术
80.4202 关节镜肘关节松解术
80.4502 关节镜髋关节松解术
80.6x00x010 膝关节镜下外侧半月板切除术
80.6x00x011 膝关节镜下内侧半月板切除术
80.6x05 关节镜膝关节半月板切除术
80.6x06 关节镜膝关节半月板部分切除术
80.6x08 关节镜膝外侧半月板部分切除术
80.7101 关节镜肩关节滑膜切除术
80.7201 关节镜肘关节滑膜切除术
80.7601 关节镜膝关节滑膜切除术
80.7701 关节镜踝关节滑膜切除术
80.8101 肩关节病损切除术
80.8201 肘关节病损切除术
80.8202 关节镜肘关节病损切除术
80.8501 髋关节病损切除术
80.8502 关节镜髋关节病损切除术
80.8601 膝关节病损切除术
80.8602 关节镜膝关节病损切除术
80.8701 踝关节病损切除术
80.8702 关节镜踝关节病损切除术
84.1600 膝关节离断术",2.1,20268.66,,,11
554,LA15,肾脏肿瘤手术，不伴合并症或并发症,"C64.x00x001 肾恶性肿瘤
C65.x00 肾盂恶性肿瘤
C68.805 肾盂输尿管恶性肿瘤
D30.000 肾良性肿瘤
D41.001 肾肿瘤
Q85.903 肾错构瘤","55.4x03 腹腔镜下肾部分切除术
55.5101 单侧肾切除术
55.5103 腹腔镜下单侧肾切除术
55.5104 腹腔镜下单侧肾输尿管切除术
55.5106 腹腔镜膀胱镜下肾输尿管切除术",2.95,28447.91,,,10
555,LT13,肾及尿路肿瘤，伴一般合并症或并发症,"C64.x00x001 肾恶性肿瘤
C65.x00 肾盂恶性肿瘤
C66.x00 输尿管恶性肿瘤
C67.900 膀胱恶性肿瘤
D41.001 肾肿瘤
D41.101 肾盂肿瘤
D41.201 输尿管肿瘤
D41.401 膀胱肿瘤","/
00.6800x001 肢体动脉血管内压力测量
33.2600x002 经皮针吸肺活检
34.9101 胸腔穿刺抽液术
40.1101 颈淋巴结活组织检查
54.9101 腹腔穿刺引流术
55.2301 肾穿刺活组织检查
55.2302 内镜下肾盂活组织检查
56.3300x001 经尿道输尿管镜输尿管活检
57.3200x001 膀胱镜检查
60.1100x002 超声引导下前列腺穿刺活检
86.0701 静脉输液港植入术",0.97,9361.59,,,9
556,PS35,早产儿（出生体重2000-2499g），不伴合并症或并发症,"J15.902 社区获得性肺炎，非重症
P07.101 低出生体重儿（1500-2499克）
P07.300x021 早产儿(孕期等于或大于32整周,但小于37整周)
P23.900 先天性肺炎
P36.901 新生儿脓毒症
P55.101 新生儿ABO溶血性黄疸
P59.901 新生儿高胆红素血症
P77.x01 新生儿坏死性小肠结肠炎","89.1400 脑电图
93.9601 吸氧
99.8301 新生儿蓝光治疗",0.74,7081.61,,,6
557,SZ13,其他感染性或寄生虫性疾病，伴合并症或并发症,"A02.004 鼠伤寒沙门菌肠炎
A18.103+N29.1* 肾结核
A28.100 猫抓病
A31.000x001 肺非结核分枝杆菌病
A31.002 鸟-胞内复合分枝杆菌感染
A48.100x001 嗜肺军团菌肺炎
A52.300 神经梅毒
A53.900 梅毒
A58.x00 腹股沟肉芽肿
A79.901 立克次体感染
B08.200x002 幼儿急疹
B18.103+N08.0* 乙型肝炎相关性肾炎
B44.100x003 曲霉球
B46.500 毛霉病
B49.x18 真菌性泌尿道感染
B55.000x001 黑热病
B67.902 脑棘球蚴病
B76.000 十二指肠钩虫病
B89.x01 颅内寄生虫感染
B99.x01 感染性发热","/
03.3101 腰椎穿刺术
33.2400x001 支气管镜下支气管活检
33.2400x002 支气管镜下诊断性支气管肺泡灌洗[BAL]
33.2403 纤维支气管镜检查伴肺泡灌洗术
40.1103 腋窝淋巴结活组织检查
40.1104 腹股沟淋巴结活组织检查
41.3100 骨髓活组织检查
45.1301 十二指肠镜检查术",0.63,6060.84,,,8
558,VB19,损伤的皮肤移植,"S51.000 肘开放性伤口
S61.000x001 手指开放性损伤
S61.000x002 拇指开放性损伤
S61.800x081 手掌开放性损伤
S61.900x002 腕部开放性损伤
S68.100x002 单指完全离断
S81.000 膝开放性伤口
S81.700 小腿多处开放性伤口
S81.900 小腿开放性伤口
S91.000 踝开放性伤口
S91.300x002 足部套脱伤
S91.700x002 踝部多处开放性损伤
T01.300x001 下肢多处开放性损伤
T79.800x003 创伤性指坏死
T81.400x011 操作后膝关节感染
T81.813 手术后皮肤坏死","86.6906 下肢植皮术
86.7101 带蒂皮瓣断蒂术
86.7300x003 手带蒂皮瓣移植术
86.7300x004 手游离皮瓣移植术
86.7501 皮瓣清创术
86.7503 皮瓣修整术",1.02,9849.72,,,9
559,CX13,其他疾病引起眼部病变，伴合并症或并发症,"E05.902+H58.8* 甲状腺毒症性眼病
E10.301+H36.0* 1型糖尿病性视网膜病变
E11.301+H36.0* 2型糖尿病性视网膜病变
H35.004 高血压性视网膜病变","/
29.1100x002 纤维鼻咽镜检查
95.1100 眼底照相术
95.1201 眼荧光素血管造影",0.57,5460.66,,,6
560,DR11,头、颈、耳、鼻、咽、口恶性肿瘤，伴严重合并症或并发症,"C02.200 舌腹面恶性肿瘤
C02.900 舌恶性肿瘤
C04.900 口底恶性肿瘤
C05.100 软腭恶性肿瘤
C05.900 腭恶性肿瘤
C06.902 口腔黏膜恶性肿瘤
C07.x00 腮腺恶性肿瘤
C10.200 口咽侧壁恶性肿瘤
C10.900 口咽恶性肿瘤
C11.001 鼻咽顶恶性肿瘤
C11.200 鼻咽侧壁恶性肿瘤
C11.202 咽隐窝恶性肿瘤
C11.801 鼻咽多壁恶性肿瘤
C11.900 鼻咽恶性肿瘤
C13.900 下咽恶性肿瘤
C14.001 咽喉恶性肿瘤
C30.000 鼻腔恶性肿瘤
C31.000 上颌窦恶性肿瘤
C32.001 声带恶性肿瘤
C32.900 喉恶性肿瘤
C44.300 面部皮肤恶性肿瘤
C49.001 面部结缔组织和软组织恶性肿瘤
C76.000x007 颌下恶性肿瘤
C77.002 颈部淋巴结继发恶性肿瘤
C77.007 锁骨上淋巴结继发恶性肿瘤
C79.201 头部皮肤继发恶性肿瘤
D02.002 声带原位癌
D37.011 腮腺肿瘤
D38.001 喉肿瘤
D38.502 鼻腔肿瘤
D48.702 头颈部肿瘤","/
06.1101 超声引导下经皮甲状腺活组织检查术
27.2402 口腔颌面部活组织检查
29.1100x002 纤维鼻咽镜检查
29.1202 鼻咽活组织检查
29.1203 内镜下鼻咽活组织检查
29.1204 支撑喉镜下咽部活组织检查
31.4200x003 纤维喉镜检查
31.4300x002 纤维喉镜下喉活检
31.4301 内镜下声带活组织检查术
38.9301 经外周静脉穿刺中心静脉置管术
40.1101 颈淋巴结活组织检查
40.1102 锁骨上淋巴结活组织检查
45.1300x004 胃-十二指肠镜检查
54.9101 腹腔穿刺引流术
57.9400 留置导尿管的置入术
83.2100 软组织活组织检查
86.0701 静脉输液港植入术
86.1100 皮肤和皮下组织的活组织检查
97.2301 气管套管置换术",1.22,11773.83,,,11
561,FL21,经皮心脏消融术伴房颤和/或房扑，伴严重合并症或并发症,"I48.000 阵发性心房颤动
I48.100 持续性心房颤动
I48.900x003 心房扑动
I48.900x004 心房颤动[心房纤颤]",37.3401 经导管心脏射频消融术,9.53,91819.2,,,9
562,PR18,新生儿呼吸窘迫综合征，伴重症监护,P22.101 新生儿湿肺,"/
16.2100x001 眼底检查
89.1301 脑干听觉诱发电位
99.8301 新生儿蓝光治疗",1.86,17921.46,,,9
563,PS45,早产儿（出生体重>2499g），不伴合并症或并发症,"P07.300 早产婴儿，其他的
P07.300x021 早产儿(孕期等于或大于32整周,但小于37整周)
P23.900 先天性肺炎
P36.901 新生儿脓毒症
P59.901 新生儿高胆红素血症","/
89.1400 脑电图
99.8301 新生儿蓝光治疗",0.61,5860.71,,,5
564,VT15,医疗后遗症，不伴严重合并症或并发症,"T81.000x001 操作后出血
T81.000x021 操作后宫颈出血
T81.000x039 肠造口出血
T81.005 手术后扁桃体出血
T81.022 手术后伤口出血
T81.024 手术后切口血肿
T81.407 手术后腹壁脓肿
T81.408 手术后腹内脓肿
T81.412 手术后发热
T81.800x017 手术后切口愈合不良
T81.811 手术后伤口愈合不良
T81.813 手术后皮肤坏死","/
54.0x00x004 腹壁脓肿切开引流术",0.32,3114.21,,,6
565,YR21,HIV其他相关情况，伴严重合并症或并发症,"A02.100 沙门菌脓毒症
A41.900 脓毒症
A86.x02 病毒性脑膜脑炎
B02.202+G53.0* 带状疱疹性神经痛
B02.801+H62.1* 外耳带状疱疹
B48.501+J17.2* 卡氏肺孢子虫病
C11.900 鼻咽恶性肿瘤
C16.900 胃恶性肿瘤
C22.900 肝恶性肿瘤
C34.100x004 右肺上叶恶性肿瘤
C34.900x004 左肺恶性肿瘤
C61.x00 前列腺恶性肿瘤
D32.004 额叶脑膜瘤
D32.900x002 脑膜瘤
D48.907+G13.0* 神经系统副肿瘤综合征
D61.101 化疗后骨髓抑制
E11.501+I79.2* 2型糖尿病性周围血管病变
E11.503 2型糖尿病足病
E22.200 抗利尿激素分泌失调综合征
G04.913 脑炎
G35.x00 多发性硬化
G41.000 癫痫大发作持续状态
I25.102 冠状动脉粥样硬化
I36.100 非风湿性三尖瓣关闭不全
I50.907 急性心力衰竭
I63.501 大脑动脉狭窄脑梗死
I63.502 大脑动脉闭塞脑梗死
I63.901 脑干梗死
I63.905 多发性脑梗死
I65.202 颈总动脉狭窄
I67.100x019 颈内动脉分叉段动脉瘤
I70.001 主动脉钙化
J15.101 铜绿假单胞菌性肺炎
J15.902 社区获得性肺炎，非重症
J15.903 社区获得性肺炎，重症
J18.903 重症肺炎
J42.x00x004 慢性支气管炎急性加重期
J44.000 慢性阻塞性肺病伴有急性下呼吸道感染
J47.x01 支气管扩张伴咯血
J70.001 放射性肺炎
J93.100x001 自发性气胸
J96.900x002 I型呼吸衰竭
J98.101 肺不张
K25.400x001 胃溃疡伴出血
K31.903 十二指肠肿物
K60.303 复杂性肛瘘
K64.811 混合痔
K71.901 药物性肝损害
K74.603 丙型肝炎后肝硬化失代偿期
K76.800x006 肝功能不全
K80.100x001 胆囊结石伴胆囊炎
K82.900x002 胆囊肿物
K85.201 急性酒精性胰腺炎，轻症
K85.902 急性重症胰腺炎
M17.101 原发性单侧膝关节病
M43.006 腰椎滑脱
M47.101+G99.2* 脊髓型颈椎病
M51.101+G55.1* 腰椎间盘脱出伴坐骨神经痛
M80.801 老年性骨质疏松伴病理性骨折
N18.300 慢性肾脏病3期
N39.000 泌尿道感染
N45.907 急性附睾炎
R59.900 淋巴结增大
R60.900 水肿
R75.x00x001 人类免疫缺陷病毒阳性[HIV阳性]
S22.400x021 两根肋骨骨折不伴第一肋骨骨折
S22.400x041 四根以上肋骨骨折不伴第一肋骨骨折
S46.002 肩袖损伤
S83.500x012 膝关节前十字韧带损伤
Z08.700 恶性肿瘤联合治疗后的随诊检查
Z51.400x002 随后治疗的准备医疗","/
03.3101 腰椎穿刺术
03.9102 脊神经根阻滞术
17.912A0 电针治疗
17.91330 悬灸治疗
29.1100x002 纤维鼻咽镜检查
33.2400x002 支气管镜下诊断性支气管肺泡灌洗[BAL]
33.2600x001 肺穿刺活检
33.2600x002 经皮针吸肺活检
34.0401 胸腔闭式引流术
38.9100 动脉导管插入术
38.9303 锁骨下静脉穿刺中心静脉置管术
45.1600x001 胃十二指肠镜下活检
50.1100x005 经皮肝穿刺活检
50.9102 肝脓肿穿刺引流术
60.1100x002 超声引导下前列腺穿刺活检
86.0701 静脉输液港植入术",0.89,8541.63,,,9
566,AH19,ECMO或全人工心脏植入术,"A41.503 克雷伯杆菌脓毒症
A41.900 脓毒症
A48.100x001 嗜肺军团菌肺炎
I26.900x001 肺栓塞
I40.000x005 暴发性心肌炎
I46.100x001 心源性猝死
I46.901 呼吸心跳骤停
I97.800x016 心脏机械瓣膜置换术后功能障碍
J13.x00 链球菌性肺炎
J15.600x005 鲍曼不动杆菌性肺炎
J80.x01 急性呼吸窘迫综合征
K85.818 急性坏死性胰腺炎，重症
K85.902 急性重症胰腺炎
N18.500 慢性肾脏病5期
S06.700x002 闭合性颅脑损伤中型",39.6500 体外膜氧合[ECMO],26.12,251593.41,,,14
567,CQY,歧义组(MDCC),"E05.002+H06.2* 甲状腺功能障碍性突眼
E05.902+H58.8* 甲状腺毒症性眼病
H02.901 眼睑肿物
H34.100 视网膜中央动脉阻塞
H34.200 视网膜动脉阻塞,其他的
H46.x00 视神经炎
T85.301 义眼台暴露","39.7401 经导管颅内血管血栓去除术
39.9500x004 血浆置换
86.6701 脱细胞异体真皮植皮术
86.7400x026 带蒂皮瓣移植术
92.2400x002 三维适形放射治疗[3D-CRT]
92.2900x001 放射治疗
99.1008 脑动脉内溶栓术",0,0,,,0
568,FC13,冠状动脉手术，伴合并症或并发症,"I20.000 不稳定型心绞痛
I21.401 急性非ST段抬高型心肌梗死
I25.103 冠状动脉粥样硬化性心脏病
Q24.507 先天性冠状动脉肺动脉瘘","36.1200 二根冠状动脉的(主动脉)冠状动脉旁路移植
36.1300 三根冠状动脉的(主动脉)冠状动脉旁路移植
36.1400 四根或以上冠状动脉的(主动脉)冠状动脉旁路移植
36.9901 冠状动脉肺动脉瘘封堵术",12.43,119686.3,,,20
569,FT45,心包疾病，不伴合并症或并发症,"A18.808+I32.0* 结核性心包炎
I30.103 病毒性心包炎
I30.900 急性心包炎
I30.900x001 急性心包积液
I31.100 慢性缩窄性心包炎
I31.300 心包积液(非炎性)
I31.901 心包压塞
I31.902 心包炎
S26.000x001 创伤性心包积血","/
34.0401 胸腔闭式引流术
37.0x00x002 心包穿刺引流术
37.0x01 超声引导下心包穿刺引流术
45.1600x001 胃十二指肠镜下活检",0.75,7230.92,,,6
570,JU11,感染性皮肤病，伴严重合并症或并发症,"A46.x00 丹毒
L02.100 颈部皮肤脓肿、疖和痈
L02.200x009 背部痈
L02.200x010 胸壁脓肿
L02.201 背部脓肿
L02.202 腹壁脓肿
L02.203 腹股沟脓肿
L02.206 会阴脓肿
L02.402 下肢皮肤脓肿、疖和痈
L02.403 上肢皮肤脓肿、疖和痈
L02.801 头皮脓肿
L03.001 趾蜂窝织炎
L08.901 头面颈部皮肤感染
L08.902 躯干皮肤感染
L08.903 上肢皮肤感染
L08.904 下肢皮肤感染
L08.905 脐炎","/
17.912A0 电针治疗
27.0x05 颏下切开引流术
28.0x00x002 扁桃体周围切开引流术
29.1100x002 纤维鼻咽镜检查
34.0101 胸壁切开引流术
45.2302 电子结肠镜检查
54.0x00x002 腹壁窦道切开引流术
54.0x00x004 腹壁脓肿切开引流术
54.0x00x013 腹股沟脓肿切开引流术
54.0x00x022 脐脓肿切开引流术
54.2200x004 腹壁穿刺活检
54.9100x009 超声引导下盆腔穿刺术
54.9101 腹腔穿刺引流术
54.9105 腹腔穿刺术
83.9501 超声引导下躯干软组织病损抽吸术
83.9502 超声引导下颈部软组织病损抽吸术
86.0400x011 皮肤和皮下组织切开引流术
86.0402 男性会阴切开引流术
86.1100 皮肤和皮下组织的活组织检查
86.2800x012 皮肤和皮下组织非切除性清创",0.6,5800.52,,,9
571,SZ15,其他感染性或寄生虫性疾病，不伴合并症或并发症,"A02.004 鼠伤寒沙门菌肠炎
A18.103+N29.1* 肾结核
A28.100 猫抓病
A31.000x001 肺非结核分枝杆菌病
A31.002 鸟-胞内复合分枝杆菌感染
A48.100x001 嗜肺军团菌肺炎
A52.300 神经梅毒
A53.900 梅毒
A58.x00 腹股沟肉芽肿
A79.901 立克次体感染
B08.200x002 幼儿急疹
B18.103+N08.0* 乙型肝炎相关性肾炎
B44.100x003 曲霉球
B46.500 毛霉病
B49.x18 真菌性泌尿道感染
B55.000x001 黑热病
B67.902 脑棘球蚴病
B76.000 十二指肠钩虫病
B89.x01 颅内寄生虫感染
B99.x01 感染性发热","/
03.3101 腰椎穿刺术
33.2400x001 支气管镜下支气管活检
33.2400x002 支气管镜下诊断性支气管肺泡灌洗[BAL]
33.2403 纤维支气管镜检查伴肺泡灌洗术
40.1103 腋窝淋巴结活组织检查
40.1104 腹股沟淋巴结活组织检查
41.3100 骨髓活组织检查
45.1301 十二指肠镜检查术",0.38,3641.45,,,7
572,BV11,"癫痫,伴严重合并症或并发症","G40.100x006 癫痫单纯部分性发作继发全面发作
G40.200x002 颞叶性癫痫
G40.200x006 癫痫复杂部分性发作
G40.202 伴海马硬化颞叶内侧癫痫
G40.300x006 癫痫全面性发作强直性发作
G40.300x010 癫痫全面性发作阵挛性发作
G40.300x023 癫痫全面性发作强直阵挛性发作
G40.800x004 症状性癫痫[继发性癫痫]
G40.805 难治性癫痫
G40.900 癫痫
G41.000x002 癫痫全面性强直-阵挛发作持续状态
G41.000x004 癫痫强直性发作持续状态
G41.001 全面性强直阵挛性癫痫持续状态
G41.806 局灶性癫痫持续状态
G41.900 癫痫持续状态
R56.800x003 不明原因抽搐
R56.800x005 良性惊厥
R56.801 癫痫样发作
R56.803 惊厥
T90.503 创伤性癫痫","/
03.3101 腰椎穿刺术
38.9100 动脉导管插入术
38.9304 股静脉穿刺置管术
38.9800x001 动脉穿刺术
89.1400 脑电图
89.1900x001 视频脑电图监测",0.91,8784.47,,,9
573,FF25,外周血管（除大隐静脉外）其他的手术，不伴合并症或并发症,"D44.601 颈动脉体肿瘤
I10.x12 难治性高血压
I15.200x001 原发性醛固酮增多症性高血压
I74.200x004 肱动脉栓塞
I74.200x005 肱动脉血栓形成
I74.201 上肢动脉栓塞
I74.301 下肢动脉栓塞
I74.302 下肢动脉血栓形成
I74.501 髂总动脉栓塞
I74.800x005 腋动脉栓塞
I74.801 锁骨下动脉闭塞
I80.207 下肢深静脉血栓形成
I82.806 上肢静脉血栓形成
I83.000 下肢静脉曲张伴有溃疡
I83.901 下肢静脉瘤
S45.001 创伤性腋动脉破裂
S45.101 创伤性肱动脉损伤
S65.000x002 腕部尺动脉损伤
S65.100x001 腕部桡动脉损伤
S65.100x002 手部桡动脉损伤
S65.401 创伤性拇指动脉破裂
S65.501 创伤性指动脉破裂
S65.700x001 腕和手多处血管损伤
S85.100x002 胫前动脉损伤
S95.000 足背动脉损伤","38.0301 上肢静脉取栓术
38.0302 上肢动脉取栓术
38.0800x002 下肢动脉血栓切除术
38.0800x003 下肢动脉探查术
38.0801 股动脉取栓术
38.0900x001 下肢静脉血栓切除术
38.5000 静脉曲张的结扎术和剥脱术
38.6706 髂静脉病损切除术
38.9300x002 经皮肾上腺静脉取血术
39.2200x004 颈总动脉-锁骨下动脉搭桥术
39.2208 颈动脉-锁骨下动脉搭桥术
39.3100x007 桡动脉修补术
39.3100x010 尺动脉吻合术
39.3100x018 指动脉缝合术
39.3101 胫动脉缝合术
39.3103 腋动脉缝合术
39.3105 足背动脉缝合术
39.3112 肱动脉缝合术
39.3113 桡动脉缝合术
39.5900x001 动脉修补术
39.8901 颈动脉体瘤切除术",1.55,14904.08,,,4
574,GB25,胃、十二指肠大手术，不伴合并症或并发症,"C16.000x003 贲门口恶性肿瘤
C16.100 胃底恶性肿瘤
C16.200 胃体恶性肿瘤
C16.301 胃窦恶性肿瘤
C16.400 幽门恶性肿瘤
C16.402 幽门管恶性肿瘤
C16.500 胃小弯恶性肿瘤
C16.800 胃交搭跨越恶性肿瘤的损害
C16.803 胃窦胃体恶性肿瘤
C16.900 胃恶性肿瘤
C16.902 胃溃疡癌变
C16.903 残胃恶性肿瘤
C17.000 十二指肠恶性肿瘤
C77.200x001 贲门淋巴结继发恶性肿瘤
C79.809 腹腔继发恶性肿瘤
D37.101 胃肿瘤
K21.001 反流性食管炎
K25.400x001 胃溃疡伴出血
K25.500x001 胃溃疡伴穿孔
K25.900x001 胃溃疡
K26.401 十二指肠球部溃疡伴出血
K31.501 十二指肠狭窄
K44.901 食管裂孔疝
K56.700 肠梗阻","43.4203 腹腔镜下胃病损切除术
43.7x00x001 胃大部切除伴胃-空肠吻合术[Billroth Ⅱ式手术]
43.7x03 腹腔镜胃大部切除伴胃空肠吻合术
43.8901 胃部分切除术
43.9102 腹腔镜辅助全胃切除伴空肠间置术
44.3801 腹腔镜下胃空肠吻合术
44.3903 胃空肠吻合术（旁路）
44.6501 贲门成形术
44.6600x002 胃-贲门成形术
45.6200x005 腹腔镜下十二指肠部分切除术
52.7x00 根治性胰十二指肠切除术",5.55,53441.13,,,14
575,HK15,食管曲张静脉出血的治疗性内镜操作，不伴合并症或并发症,"C22.000 肝细胞癌
K70.302+I98.3* 酒精性肝硬化伴食管静脉曲张破裂出血
K70.304+I98.2* 酒精性肝硬化伴食管胃底静脉曲张
K70.306+I98.3* 酒精性肝硬化伴食管胃底静脉曲张破裂出血
K74.300x008+I98.3* 原发性胆汁型肝硬化伴食管胃底静脉曲张破裂出血
K74.302+I98.3* 原发性胆汁性肝硬化伴食管静脉曲张破裂出血
K74.607 肝硬化失代偿期
K74.615+I98.3* 肝硬化伴食管静脉曲张破裂出血
K74.616+I98.2* 肝硬化伴食管静脉曲张
K74.617+I98.3* 肝硬化伴食管胃底静脉曲张破裂出血
K74.618+I98.3* 肝硬化伴胃底静脉曲张破裂出血
K74.619+I98.2* 肝硬化伴食管胃底静脉曲张","42.3307 内镜食管静脉曲张结扎术
42.3308 内镜食管静脉曲张硬化剂注射术
42.3309 内镜食管静脉曲张组织胶注射术
42.3310 内镜食管出血止血术
43.4100x020 内镜下胃底静脉曲张组织胶注射术",1.13,10906.66,,,6
576,HS31,病毒性肝炎，伴严重合并症或并发症,"B16.904 急性乙型病毒性肝炎
B17.200 急性戊型肝炎
B18.100 慢性乙型病毒性肝炎，不伴有δ因子
B18.106 慢性重度乙型病毒性肝炎
B18.107 未特指乙型病毒性肝炎
B18.200 慢性丙型病毒性肝炎
B18.204 慢性重度丙型病毒性肝炎
B18.903 慢性重度病毒性肝炎","/
29.1100x002 纤维鼻咽镜检查
44.1300x001 胃镜检查
45.1300x004 胃-十二指肠镜检查
45.1301 十二指肠镜检查术
54.9101 腹腔穿刺引流术
86.1100 皮肤和皮下组织的活组织检查",0.9,8681.79,,,11
577,KB11,肾上腺手术，伴严重合并症或并发症,"D17.700x029 肾上腺脂肪瘤
D35.000 肾上腺良性肿瘤
D35.001 肾上腺无功能腺瘤
D44.101 肾上腺肿瘤
E26.000 原发性醛固酮过多症
E27.800x005 肾上腺增生
E27.800x021 肾上腺病变
E27.801 肾上腺囊肿
E27.803 肾上腺皮质增生
E27.805 肾上腺皮质结节样增生
E27.901 肾上腺肿物","07.2102 腹腔镜肾上腺病损切除术
07.2201 腹腔镜单侧肾上腺切除术
07.2902 腹腔镜肾上腺部分切除术",3.22,31012.68,,,15
578,KU11,营养失调，伴严重合并症或并发症,"E41.x01 重度营养不良伴消瘦
E43.x00x001 严重营养不良
E44.000 中度蛋白质-能量营养不良
E46.x00x003 营养不良
E61.100 铁缺乏","/
17.912A0 电针治疗
17.91330 悬灸治疗
38.9304 股静脉穿刺置管术
41.3100 骨髓活组织检查
45.1300x004 胃-十二指肠镜检查
57.9500 留置导尿管的置换术",1.23,11834.6,,,23
579,BU31,中枢神经系统脱髓鞘病，伴严重合并症或并发症,"G04.801 自体免疫性脑炎
G35.x00 多发性硬化
G35.x04 多发性硬化，进展复发型
G36.000 视神经脊髓炎［德维克］
G36.000x002 视神经脊髓炎谱系疾病
G37.100 胼胝体中枢性脱髓鞘
G37.200x001 脑桥中央髓鞘溶解症
G37.802 脱髓鞘性白质脑病
G37.803 脱髓鞘性脑病
G37.900 中枢神经系统脱髓鞘病","/
03.3101 腰椎穿刺术
38.9502 为肾透析的临时静脉插管术
45.1300x004 胃-十二指肠镜检查",1.9,18325.02,,,14
580,GD13,腹膜后肿瘤手术，伴合并症或并发症,"C48.000 腹膜后腔恶性肿瘤
C48.200 腹膜恶性肿瘤
C78.601 腹膜后继发恶性肿瘤
D20.000 腹膜后腔良性肿瘤
D48.301 腹膜后肿瘤
K66.805 腹膜后囊肿
K66.807 腹腔囊肿
K66.901 腹膜后肿物","54.2300x003 腹膜后活检术
54.4x02 腹膜后病损切除术
54.4x15 腹腔镜下腹膜后病损切除术",4.42,42543.15,,,14
581,GH11,腹腔/盆腔内粘连松解术，伴严重合并症或并发症,"K31.500 十二指肠梗阻
K44.000x001 膈疝伴梗阻
K46.000x002 腹内疝伴肠梗阻
K56.201 绞窄性肠梗阻
K56.500 肠粘连[带]伴有梗阻
K56.500x003 粘连性肠梗阻
K56.503 肠粘连性狭窄
K56.600x001 肠绞窄坏死
K56.700 肠梗阻
K56.701 不完全性肠梗阻
K66.002 肠粘连
K91.820 手术后肠粘连","54.5101 腹腔镜下肠粘连松解术
54.5903 肠粘连松解术",3.26,31440.97,,,13
582,HS15,肝功能衰竭，不伴合并症或并发症,"K70.401 急性酒精性肝衰竭
K70.402 慢性酒精性肝衰竭
K71.102 急性药物性肝衰竭
K72.000x004 慢加急性肝衰竭
K72.000x005 慢加亚急性肝衰竭
K72.000x013 重症肝炎
K72.001 亚急性肝衰竭
K72.003 急性肝衰竭
K72.100 慢性肝衰竭","/
00.6800x001 肢体动脉血管内压力测量
17.91110 头针治疗
17.912A0 电针治疗
17.91330 悬灸治疗
17.95420 中药熏药治疗
27.2300 唇活组织检查
34.0401 胸腔闭式引流术
34.9101 胸腔穿刺抽液术
38.9100 动脉导管插入术
38.9304 股静脉穿刺置管术
38.9502 为肾透析的临时静脉插管术
38.9800x001 动脉穿刺术
45.1300x004 胃-十二指肠镜检查
50.1100x001 超声引导下肝穿刺活检
52.1900x001 超声内镜下胰腺检查
54.9101 腹腔穿刺引流术
54.9102 盆腔穿刺引流术
54.9105 腹腔穿刺术
89.6400x001 漂浮导管检查[Swan-Ganz导管插入]",0.82,7925.54,,,10
583,HS35,病毒性肝炎，不伴严重合并症或并发症,"B16.904 急性乙型病毒性肝炎
B17.200 急性戊型肝炎
B18.100 慢性乙型病毒性肝炎，不伴有δ因子
B18.106 慢性重度乙型病毒性肝炎
B18.107 未特指乙型病毒性肝炎
B18.200 慢性丙型病毒性肝炎
B18.204 慢性重度丙型病毒性肝炎
B18.903 慢性重度病毒性肝炎","/
29.1100x002 纤维鼻咽镜检查
44.1300x001 胃镜检查
45.1300x004 胃-十二指肠镜检查
45.1301 十二指肠镜检查术
54.9101 腹腔穿刺引流术
86.1100 皮肤和皮下组织的活组织检查",0.69,6690.88,,,9
584,KJ15,因内分泌、营养、代谢疾病的其他手术，不伴合并症或并发症,"E11.500x044 2型糖尿病性足坏疽
E11.503 2型糖尿病足病
E65.x04 脂肪垫
E87.500 高钾血症","39.9500 血液透析
39.9500x007 连续性肾脏替代治疗[CRRT]
77.2900x005 趾骨截骨术
77.6903 趾骨病损切除术
83.4501 肌肉清创术
84.1101 趾关节离断术
84.1103 跖骨头截断术
86.2200x011 皮肤和皮下坏死组织切除清创术
86.7503 皮瓣修整术
86.8300x031 脂肪垫切除术",1.25,12058.33,,,12
585,MQY,歧义组(MDCM),"C60.900 阴茎恶性肿瘤
C61.x00 前列腺恶性肿瘤
N42.102 前列腺出血","55.9201 肾穿刺引流术
57.0x00x006 经尿道膀胱镜膀胱血块清除术
92.2400x003 调强适形放射治疗[IMRT]
92.2800 放射性核素注射或滴入
99.2503 静脉注射化疗药物",0,0,,,0
586,TW11,器质性及症状性精神障碍，伴严重合并症或并发症,"F05.001 老年性谵妄
F06.700 轻度认知障碍
F06.800x026 血管性认知功能障碍
F06.800x027 认知障碍
F06.900 脑损害和功能障碍及躯体疾病引起的精神障碍
F99.x00 精神障碍","/
03.3101 腰椎穿刺术
17.91330 悬灸治疗
29.1100x002 纤维鼻咽镜检查",2.3,22165.63,,,41
587,VS21,药物中毒或毒性反应，伴严重合并症或并发症,"F19.000x002 多种药物和其他精神活性物质急性中毒
T39.000 水杨酸盐类中毒
T39.101 对乙酰氨基酚中毒
T42.101 卡马西平中毒
T42.400 苯二氮类中毒
T42.406 氯氮平中毒
T42.600 镇癫痫药和镇静催眠药中毒，其他的
T42.600x002 佐匹克隆中毒
T42.600x004 丙戊酸钠中毒
T43.201 抗抑郁药中毒
T43.500x002 富马酸喹硫平中毒
T43.500x003 碳酸锂中毒
T43.500x004 抗精神病药中毒
T43.800 对精神有影响的药物中毒，其他的,不可归类在他处者
T43.900 对精神有影响的药物中毒
T44.300 副交感神经抑制剂[抗胆碱能药和抗毒蕈碱药]和解痉药中毒，其他的，不可归类在他处者
T45.000x001 抗过敏药中毒
T45.001 止吐药中毒
T46.001 地高辛中毒
T46.100 钙通道阻滞剂中毒
T46.900x001 乌头碱中毒
T48.602 氨氯地平中毒
T49.201 局部去污剂中毒
T50.900 药物、药剂和生物制品中毒，其他和未特指的
T50.900x001 药物中毒
T52.800 毒性效应，其他有机溶剂的
T58.x00 一氧化碳的毒性效应
T60.001 有机磷中毒
T60.100 卤化杀虫剂的毒性效应
T60.300x001 除莠剂中毒
T60.401 杀鼠剂中毒
T60.900 杀虫剂的毒性效应
T60.900x002 农药中毒
T62.000x001 蘑菇类中毒
T62.001 食入毒蘑菇中毒
T62.200x003 植物类中毒
T62.800x002 亚硝酸盐中毒
T63.001 毒蛇咬伤
T63.300 蜘蛛毒液的毒性效应
T63.400x002 有毒昆虫咬伤
T63.401 蜂蜇伤","/
00.6800x001 肢体动脉血管内压力测量
38.9100 动脉导管插入术
38.9700x002 引导下中心静脉置管术
38.9800x001 动脉穿刺术
86.1100 皮肤和皮下组织的活组织检查
99.0901 人造血浆输入",0.49,4721.66,,,4
588,ZQY,歧义组(MDCZ),"S06.200x032 多发性大脑血肿
S06.200x081 多发性大脑挫裂伤
S06.500 创伤性硬膜下出血
S06.600 创伤性蛛网膜下出血
S06.600x002 创伤性蛛网膜下腔血肿
S06.802 创伤性脑出血
S22.000x021 胸椎骨折T3/T4
S32.300 髂骨骨折
S37.002 肾挫伤
S52.500x001 桡骨远端骨折
S72.101 股骨粗隆间骨折","01.1000x001 颅压监护探极置入术
03.0911 椎板切开减压术
27.4300x010 唇部皮肤和皮下坏死组织切除清创术
51.0103 超声引导下胆囊穿刺引流术
79.3900x056 髂骨骨折切开复位内固定术
88.4101 脑血管造影
96.0400 气管内插管
98.2200x005 角膜嵌入异物去除",0,0,,,0
589,BB45,伴创伤诊断的颅脑手术，不伴合并症或并发症,"S02.902 颅骨凹陷性骨折
S06.200x031 多发性大脑内出血
S06.200x081 多发性大脑挫裂伤
S06.300x011 局灶性大脑挫伤伴出血
S06.401 创伤性闭合性硬膜外血肿
S06.500 创伤性硬膜下出血
S06.500x002 创伤性硬脑膜下血肿
S06.500x006 亚急性创伤性硬脑膜下血肿
S06.501 创伤性急性硬膜下出血
S06.502 创伤性慢性硬膜下血肿
S06.700x003 闭合性颅脑损伤重型
S06.700x004 闭合性颅脑损伤特重型
S06.700x006 开放性颅脑损伤中型
S06.700x007 开放性颅脑损伤重型
S06.700x008 开放性颅脑损伤特重型
S06.800x002 创伤性脑内血肿","01.2400x013 硬脑膜外血肿清除术
01.3104 脑膜切开伴硬脑膜下腔血肿清除术
01.3108 硬脑膜下钻孔引流术
01.3900x009 脑内血肿清除术
01.3900x012 经外侧裂脑内血肿清除术
01.3906 内镜下脑血肿引流术
02.0503 颅骨钛网置入术",2.56,24682.82,,,10
590,BC13,脑室分流及翻修手术，伴合并症或并发症,"G91.000 交通性脑积水
G91.100 梗阻性脑积水
G91.300 创伤后脑积水
G91.900 脑积水
I61.004 基底节出血
I61.400x001 小脑出血
I61.500x005 多个脑室出血
I61.500x008 脑室出血
I61.802 丘脑出血
I61.902 高血压脑出血","02.2101 脑室外引流[EVD]装置置入术
02.2205 侧脑室脑池造口引流术
02.3400x002 脑室-腹腔分流术
02.3401 侧脑室腹腔内分流术",7.76,74710.24,,,21
591,CW19,各种类型白内障,"E11.302+H28.0* 2型糖尿病性白内障
H25.900 老年性白内障
H26.200 并发性白内障","/
95.1201 眼荧光素血管造影",0.68,6595.82,,,2
592,DE11,中耳/内耳/侧颅底手术，伴严重合并症或并发症,"D17.001 面部脂肪瘤
D18.003 面部血管瘤
D21.004 耳部结缔组织良性肿瘤
D23.400x003 头皮良性肿瘤
H65.300x001 慢性分泌性中耳炎
H65.900x001 分泌性中耳炎
H66.301 慢性化脓性中耳炎
H66.900x003 慢性中耳炎
H69.900 咽鼓管疾患
H70.000x009 急性乳突积脓
H70.002 急性化脓性乳突炎
H71.x00 中耳胆脂瘤
H71.x02 中耳肉芽肿
H71.x03 鼓室胆脂瘤
H72.900 鼓膜穿孔
H74.000 鼓室硬化
H83.101 半规管瘘
H93.901 耳后肿物
S09.200 耳鼓膜创伤性破裂","19.2901 镫骨粘连松解术
19.4x00x004 内镜下鼓膜修补术
19.4x00x005 内镜下鼓室成形术
19.4x01 鼓室成形术,I型
19.5200 鼓室成形术，II型
19.5300 鼓室成形术，III型
19.5400 鼓室成形术，IV型
20.2101 乳突切开引流术
20.2301 鼓室探查术
20.4901 乳突改良根治术
20.5100x002 耳后病损切除术
20.6100x004 半规管阻塞术
20.8x02 咽鼓管成形术
20.8x05 咽鼓管扩张术
20.9303 半规管瘘修补术",1.66,16018.29,,,6
593,DW13,口腔、牙齿有关疾病，伴合并症或并发症,"B37.001 口腔念珠菌感染
K04.401 急性根尖周炎
K04.500 慢性根尖牙周炎
K05.101 化脓性牙龈炎
K05.204 急性冠周炎
K06.804 牙龈出血
K07.602 颞颌关节综合征
K12.002 口腔阿弗他溃疡
K12.107 溃疡性口炎
K12.112 口腔炎
K12.201 口腔脓肿
K12.202 颌下间隙感染
K12.303 放射性黏膜炎（口腔）（口咽）","/
29.1100x002 纤维鼻咽镜检查
31.4200x003 纤维喉镜检查",0.36,3493.15,,,7
594,EK11,有创呼吸机治疗小于96小时，伴严重合并症或并发症,"J15.600x005 鲍曼不动杆菌性肺炎
J15.903 社区获得性肺炎，重症
J44.000 慢性阻塞性肺病伴有急性下呼吸道感染
J96.900x001 呼吸衰竭
J96.900x003 Ⅱ型呼吸衰竭
T17.400 气管内异物
T17.900 呼吸道内异物
T17.901 异物吸入性窒息",96.7101 呼吸机治疗[小于96小时],2.24,21549.1,,,7
595,FM19,经皮大血管复杂手术,"I71.000x021 主动脉夹层B型
I71.000x029 胸腹主动脉夹层
I71.002 降主动脉夹层
I71.401 腹主动脉假性动脉瘤
I71.600x004 胸腹主动脉假性动脉瘤
I71.902 降主动脉瘤
I72.301 髂总动脉瘤
I77.803 主动脉溃疡","39.7103 腹主动脉分支覆膜支架置入术
39.7302 胸主动脉分支覆膜支架置入术
39.7800x001 胸主动脉开窗分支覆膜支架置入术
39.7800x002 腹主动脉开窗分支覆膜支架置入术",17.99,173272.27,,,11
596,FR11,"急性心肌梗死,伴严重合并症或并发症","I21.001 急性前壁心肌梗死
I21.103 急性下壁心肌梗死
I21.300x004 急性ST段抬高型心肌梗死
I21.401 急性非ST段抬高型心肌梗死
I21.900 急性心肌梗死","/
00.6800x001 肢体动脉血管内压力测量
38.9100 动脉导管插入术
38.9301 经外周静脉穿刺中心静脉置管术
38.9302 颈内静脉穿刺中心静脉置管术
38.9303 锁骨下静脉穿刺中心静脉置管术
38.9304 股静脉穿刺置管术
57.9400 留置导尿管的置入术
86.2800x012 皮肤和皮下组织非切除性清创
89.6400x001 漂浮导管检查[Swan-Ganz导管插入]
89.6700 心脏排出量监测，用氧耗技术
96.6x01 肠内高营养
99.6000 心肺复苏",1.07,10306.25,,,7
597,FU11,严重心律失常及心脏停搏，伴严重合并症或并发症,"I44.200 Ⅲ度房室传导阻滞
I44.201 高度房室传导阻滞
I45.300 三分支传导阻滞
I46.000 心脏停搏复苏成功
I46.901 呼吸心跳骤停
I47.200 室性心动过速
I47.200x006 宽QRS心动过速
I47.200x007 非持续性室性心动过速
I47.200x014 心律失常电风暴
I47.201 阵发性室性心动过速
I47.203 持续性室性心动过速
I49.001 心室颤动
I49.805 布鲁咯哒综合征[Brugada综合征]
Z45.002 更换心脏起搏器","/
38.9100 动脉导管插入术
38.9304 股静脉穿刺置管术
57.9400 留置导尿管的置入术
99.6000 心肺复苏",1.06,10216.23,,,5
598,GH15,腹腔/盆腔内粘连松解术，不伴合并症或并发症,"K31.500 十二指肠梗阻
K44.000x001 膈疝伴梗阻
K46.000x002 腹内疝伴肠梗阻
K56.201 绞窄性肠梗阻
K56.500 肠粘连[带]伴有梗阻
K56.500x003 粘连性肠梗阻
K56.503 肠粘连性狭窄
K56.600x001 肠绞窄坏死
K56.700 肠梗阻
K56.701 不完全性肠梗阻
K66.002 肠粘连
K91.820 手术后肠粘连","54.5101 腹腔镜下肠粘连松解术
54.5903 肠粘连松解术",1.87,17992.03,,,9
599,HB15,胰、肝切除和/或分流手术，不伴合并症或并发症,"B67.500x001+K77.0* 肝泡型棘球蚴病
C22.000 肝细胞癌
C22.100 肝内胆管癌
C22.900 肝恶性肿瘤
C23.x00 胆囊恶性肿瘤
C24.000x007 肝门胆管恶性肿瘤
C24.002 胆管恶性肿瘤
C24.003 胆总管恶性肿瘤
C24.100 法特壶腹恶性肿瘤
C24.800x001 肝内及肝外胆管恶性肿瘤
C25.000 胰头恶性肿瘤
C25.900 胰恶性肿瘤
C78.700 肝部和肝内胆管继发性恶性肿瘤
D13.400 肝良性肿瘤
D13.401 肝内胆管良性肿瘤
D13.600 胰良性肿瘤
D18.013 肝血管瘤
D37.706 胰腺肿瘤
K70.302+I98.3* 酒精性肝硬化伴食管静脉曲张破裂出血
K72.100 慢性肝衰竭
K74.300x008+I98.3* 原发性胆汁型肝硬化伴食管胃底静脉曲张破裂出血
K74.603 丙型肝炎后肝硬化失代偿期
K74.607 肝硬化失代偿期
K74.615+I98.3* 肝硬化伴食管静脉曲张破裂出血
K74.617+I98.3* 肝硬化伴食管胃底静脉曲张破裂出血
K75.000 肝脓肿
K75.000x002 胆管炎性肝脓肿
K76.806 多发性肝囊肿
K76.807 肝囊肿
K76.808 肝结节性局灶性增生
K76.818 单纯性肝囊肿
K76.901 肝肿物
K80.100x001 胆囊结石伴胆囊炎
K80.301 胆总管结石伴急性化脓性胆管炎
K80.302 胆总管结石伴胆管炎
K80.303 肝胆管结石伴胆管炎
K80.305 肝内胆管结石伴胆管炎
K83.100 胆管梗阻
K83.105 胆管狭窄
K83.109 梗阻性黄疸
K83.901 胆管肿物
K86.300 胰腺假囊肿
K86.809 胰管结石
K86.901 胰腺肿物
S36.110 开放性肝破裂","39.1x03 门静脉-腔静脉吻合术
39.1x10 经颈静脉肝内门体静脉吻合术
50.2200 部分肝切除术
50.2200x005 肝Ⅳ段切除术
50.2202 肝段切除术
50.2203 腹腔镜下肝段切除术
50.2205 腹腔镜下肝部分切除术
50.3x00 肝叶切除术
50.3x01 右半肝切除术
50.3x02 左半肝切除术
50.3x03 肝叶部分切除术
50.3x04 全肝叶切除术伴其他肝叶部分切除术
50.3x05 腹腔镜下肝叶切除术
50.3x06 腹腔镜下半肝切除术
51.3601 胆总管空肠吻合术
52.5100x001 胰近端切除伴十二指肠切除术
52.5101 胰头切除术
52.5205 腹腔镜下胰尾伴部分胰体切除术
52.5206 腹腔镜下胰体胰尾病损切除术
52.5301 腹腔镜根治性胰体尾切除术
52.5904 胰体尾切除术
52.5905 腹腔镜胰腺部分切除术
52.6x03 腹腔镜下胰十二指肠切除术
52.7x00 根治性胰十二指肠切除术
52.7x01 腹腔镜下胰十二指肠根治术",4.97,47849.61,,,9
600,JD15,皮肤移植手术，不伴合并症或并发症,"C44.606 手皮肤恶性肿瘤
D18.000x018 肢端血管瘤
L02.402 下肢皮肤脓肿、疖和痈
L05.000 藏毛囊肿伴有脓肿
L05.900 藏毛囊肿不伴有脓肿
L89.201 骶尾区Ⅲ期压疮
L89.301 骶尾区Ⅳ期压疮
L90.502 瘢痕挛缩
L91.002 瘤样瘢痕
N64.900 乳房疾患
R22.202 胸壁肿物
R22.300x001 上肢肿物
R22.300x002 手肿物
R22.400x003 足肿物
S50.000 肘挫伤
S80.100x002 小腿血肿","86.6906 下肢植皮术
86.700x0014 皮瓣转移术
86.7300x003 手带蒂皮瓣移植术
86.7500x001 带蒂皮瓣修整术
86.7500x011 邻近皮瓣修复术
86.7503 皮瓣修整术",1.05,10135.85,,,7
601,QS25,溶血性贫血，不伴合并症或并发症,"D55.001 蚕豆病
D56.000 α型地中海贫血
D56.100x003 重型β型地中海贫血
D56.900 地中海贫血
D58.205 血红蛋白增高
D58.901 溶血性贫血
D59.101 自身免疫性溶血性贫血
D59.105 冷凝集素病
D59.500x001 阵发性睡眠性血红蛋白尿
D59.902 溶血性黄疸","/
33.2400x002 支气管镜下诊断性支气管肺泡灌洗[BAL]
41.3100 骨髓活组织检查
99.0401 红细胞输入
99.7400 治疗性血小板去除术",0.26,2540.13,,,1
602,VS15,过敏反应，不伴合并症或并发症,"T78.200 过敏性休克
T78.300 血管神经性水肿
T78.300x004 巨大荨麻疹
T78.301 急性特发性水肿
T78.400x002 过敏反应
T88.601 药物过敏性休克","/
38.9100 动脉导管插入术
45.1300x004 胃-十二指肠镜检查
89.6700 心脏排出量监测，用氧耗技术",0.34,3249.98,,,4
603,XR23,神经、骨骼及肌肉康复，伴一般合并症或并发症,"R25.200x002 痉挛
T91.104 陈旧性腰椎骨折
T91.202 陈旧性骨盆骨折
T92.100x009 陈旧性锁骨骨折
T92.103 陈旧性肱骨骨折
T92.203 陈旧性手指骨折
T92.400x003 正中神经损伤后遗症
T92.500x006 伸肌腱断裂后遗症
T92.500x016 肩袖损伤后遗症
T92.800x002 陈旧性肩关节SLAP损伤
T93.101 陈旧性股骨骨折
T93.102 陈旧性股骨颈骨折
T93.104 陈旧性股骨粗隆间骨折
T93.200x001 陈旧性距骨骨折
T93.200x010 陈旧性跟骨骨折
T93.206 陈旧性踝关节骨折
T93.207 陈旧性踝骨骨折
T93.400x002 坐骨神经损伤后遗症
Z54.800x009 脑膜炎恢复期","/
03.3101 腰椎穿刺术
93.5403 肢体夹板固定术",1.15,11083.88,,,17
604,CS13,眼外肌、眼的神经及血管疾病，伴合并症或并发症,"H34.100 视网膜中央动脉阻塞
H34.202 视网膜分支动脉阻塞
H34.801 视网膜分支静脉阻塞
H34.802 视网膜静脉阻塞
H34.803 视网膜中心性静脉阻塞
H35.002 视网膜静脉周围炎
H35.013 视网膜动脉炎
H46.x00 视神经炎
H46.x01 球后视神经炎
H47.004 缺血性视神经病变
H47.200 视神经萎缩
H47.300x005 视盘血管炎[视神经乳头静脉炎]
H49.001 动眼神经炎
H53.200 复视
H53.400 视野缺损
S04.000x001 视神经损伤","/
03.3101 腰椎穿刺术
95.1201 眼荧光素血管造影",0.75,7190.05,,,8
605,CU13,急性重大眼感染，伴合并症或并发症,"B00.501+H19.1* 疱疹病毒性角膜炎
B02.304+H13.1* 带状疱疹性结膜炎
B30.201+H13.1* 咽结膜热
B49.x03+H19.2* 真菌性角膜炎
B49.x04+H19.2* 真菌性角膜溃疡
H00.003 眼睑蜂窝织炎
H05.001 眶蜂窝织炎
H16.000 角膜溃疡
H16.003 蚕蚀性角膜溃疡
H16.205 暴露性角膜炎
H16.300x005 角膜基质炎
H16.900 角膜炎
H20.900 虹膜睫状体炎
H44.000x005 眼内炎
H44.102 眼炎性假瘤","/
08.0902 眼睑切开引流术
10.9100 结膜下注射",0.38,3702.3,,,6
606,DC39,口腔颌面头颈恶性肿瘤根治术,"C07.x00 腮腺恶性肿瘤
C49.002 颈部结缔组织和软组织恶性肿瘤
C76.002 颈部恶性肿瘤
C77.002 颈部淋巴结继发恶性肿瘤
D18.004 颈部血管瘤
D18.100x021 下颌下腺淋巴管瘤
D18.102 颈部淋巴管瘤
Q18.002 先天性鳃裂囊肿","40.4100 根治性颈淋巴结清扫，单侧
40.5900x011 舌骨上淋巴结清扫术",2.52,24280.17,,,10
607,FT35,瓣膜疾病，不伴合并症或并发症,"I07.100x001 风湿性三尖瓣关闭不全
I08.101 二尖瓣狭窄伴三尖瓣关闭不全
I08.102 二尖瓣狭窄关闭不全伴三尖瓣关闭不全
I08.201 主动脉瓣及三尖瓣关闭不全
I08.301 二尖瓣狭窄关闭不全伴主动脉瓣及三尖瓣关闭不全
I08.306 二尖瓣主动脉瓣狭窄关闭不全伴三尖瓣关闭不全
I08.901 风湿性联合瓣膜病
I33.009 主动脉瓣赘生物
I34.000 二尖瓣关闭不全
I34.001 二尖瓣反流
I34.102 二尖瓣后叶脱垂
I34.801 非风湿性二尖瓣狭窄伴关闭不全
I35.000 主动脉瓣狭窄
I35.100 主动脉瓣关闭不全
I35.200 主动脉瓣狭窄伴有关闭不全
I36.100 非风湿性三尖瓣关闭不全
I38.x00x002 老年性心脏瓣膜病
I38.x01 心脏瓣膜病","/
17.91330 悬灸治疗
17.95420 中药熏药治疗
34.0401 胸腔闭式引流术
38.9304 股静脉穿刺置管术
45.1600x001 胃十二指肠镜下活检",0.54,5240.94,,,6
608,GD15,腹膜后肿瘤手术，不伴合并症或并发症,"C48.000 腹膜后腔恶性肿瘤
C48.200 腹膜恶性肿瘤
C78.601 腹膜后继发恶性肿瘤
D20.000 腹膜后腔良性肿瘤
D48.301 腹膜后肿瘤
K66.805 腹膜后囊肿
K66.807 腹腔囊肿
K66.901 腹膜后肿物","54.2300x003 腹膜后活检术
54.4x02 腹膜后病损切除术
54.4x15 腹腔镜下腹膜后病损切除术",2.96,28512.16,,,9
609,JV13,皮肤、皮下组织的非恶性增生性病变，伴合并症或并发症,"D17.000x004 肩部脂肪瘤
D17.100x001 躯干脂肪瘤
D17.100x003 胸壁脂肪瘤
D17.200x002 上肢脂肪瘤
D17.200x004 下肢脂肪瘤
D18.000x018 肢端血管瘤
D18.006 肢体血管瘤
D22.503 乳房黑素细胞痣
M79.802 下肢肿胀
R22.003 鼻部肿物
R22.100x001 颈部肿物
R22.200x002 躯干肿物
R22.202 胸壁肿物
R22.203 腹壁肿物
R22.204 腹股沟肿物
R22.205 背部肿物
R22.206 骶尾部肿物
R22.207 臀部肿物
R22.300x001 上肢肿物
R22.302 肩部肿物
R22.400x002 下肢肿物
R22.902 皮下肿物
R22.903 皮肤肿物
R22.904 皮下结节","/
31.4200x003 纤维喉镜检查
54.2200x004 腹壁穿刺活检
83.9502 超声引导下颈部软组织病损抽吸术
99.2904 血管瘤硬化剂注射",0.52,5008.34,,,5
610,LT15,肾及尿路肿瘤，不伴合并症或并发症,"C64.x00x001 肾恶性肿瘤
C65.x00 肾盂恶性肿瘤
C66.x00 输尿管恶性肿瘤
C67.900 膀胱恶性肿瘤
D41.001 肾肿瘤
D41.101 肾盂肿瘤
D41.201 输尿管肿瘤
D41.401 膀胱肿瘤","/
00.6800x001 肢体动脉血管内压力测量
33.2600x002 经皮针吸肺活检
34.9101 胸腔穿刺抽液术
40.1101 颈淋巴结活组织检查
54.9101 腹腔穿刺引流术
55.2301 肾穿刺活组织检查
55.2302 内镜下肾盂活组织检查
56.3300x001 经尿道输尿管镜输尿管活检
57.3200x001 膀胱镜检查
60.1100x002 超声引导下前列腺穿刺活检
86.0701 静脉输液港植入术",0.68,6504.19,,,6
611,MC19,阴茎手术,"N47.x03 包皮粘连
N48.300 阴茎异常勃起
N48.802 包皮囊肿
N48.811 阴茎囊肿
N48.901 阴茎肿物
S39.904 阴茎损伤","64.2x00x002 包皮病损切除术
64.2x00x008 龟头病损切除术
64.2x01 阴茎病损切除术
64.4100 阴茎裂伤缝合术
64.4904 阴茎海绵体白膜修补术
64.9100x003 包皮粘连分离术
64.9802 阴茎海绵体冲洗术",0.75,7251.87,,,5
612,NA21,女性生殖器官恶性肿瘤除广泛切除术以外的手术，伴严重合并症或并发症,"C53.900 宫颈恶性肿瘤
C54.100 子宫内膜恶性肿瘤
C55.x00 子宫恶性肿瘤
C56.x00 卵巢恶性肿瘤
C57.000 输卵管恶性肿瘤
C57.801 输卵管卵巢恶性肿瘤
C79.600 卵巢继发性恶性肿瘤
D39.100x003 卵巢交界性肿瘤","65.2501 腹腔镜卵巢病损切除术
65.2901 卵巢病损切除术
65.4100 腹腔镜单侧输卵管-卵巢切除术
65.4900x001 单侧输卵管-卵巢切除术
65.5300 腹腔镜双侧卵巢切除术
65.6300 腹腔镜双侧卵巢和输卵管切除术
66.5102 腹腔镜双侧输卵管切除术
68.2500x001 子宫动脉栓塞术
68.2501 腹腔镜子宫动脉栓塞术
68.4100 腹腔镜经腹全子宫切除术
68.4102 腹腔镜经腹筋膜外子宫切除术
68.4901 经腹全子宫切除术",2.8,26925.42,,,11
613,NJ13,女性生殖系统其他手术，伴合并症或并发症,"C53.900 宫颈恶性肿瘤
C56.x00 卵巢恶性肿瘤
C57.400 子宫附件恶性肿瘤
D25.100x001 子宫肌壁间平滑肌瘤
D25.200x002 阔韧带平滑肌瘤
D27.x00 卵巢良性肿瘤
N70.900x007 输卵管脓肿
N70.905 输卵管卵巢脓肿
N71.901 子宫积脓
N73.602 女性盆腔粘连
N73.801 盆腔炎性肿物
N73.903 女性盆腔脓肿
N80.100 卵巢的子宫内膜异位症
N80.100x001 卵巢巧克力样囊肿
N80.302 盆腔子宫内膜异位症
N80.601 腹壁瘢痕子宫内膜异位症
N80.800x010 腹壁子宫内膜异位
N80.900 子宫内膜异位症
N83.601 输卵管出血
N84.001 子宫内膜息肉
N89.806 阴道囊肿
N91.400 继发性月经稀少
N94.806 盆腔积液
N94.807 盆腔囊肿
N95.000 绝经后出血
Q52.800x004 女性中肾管囊肿","40.5911 腹腔镜腹腔淋巴结清扫术
54.2100 腹腔镜检查
54.2300x005 腹腔镜下腹膜活组织检查
54.3x01 腹壁病损切除术
54.4x10 腹腔镜下盆腔腹膜病损切除术
54.4x11 腹腔镜下腹膜病损切除术
54.4x15 腹腔镜下腹膜后病损切除术
54.5100x009 腹腔镜下盆腔粘连松解术
54.5101 腹腔镜下肠粘连松解术
54.9900x010 腹腔镜下盆腔病损切除术
54.9900x011 腹腔镜下盆腔内膜病损电凝术
54.9904 腹腔镜下腹腔病损切除术
69.1900x022 腹腔镜下阔韧带病损切除术
70.1202 腹腔镜女性盆腔脓肿引流术
70.3305 腹腔镜阴道病损切除术",1.81,17392.18,,,7
614,OD29,与妊娠相关的外阴、阴道及宫颈手术,"O34.301 妊娠合并宫颈功能不全
O42.000x001 足月胎膜早破(在24小时之内产程开始)
O70.000 分娩时Ⅰ度会阴裂伤
O70.100 分娩时Ⅱ度会阴裂伤
O70.900 分娩时会阴裂伤","67.3904 子宫颈病损切除术
67.5900x003 子宫颈环扎术[McDonald手术]
67.5901 经阴道子宫颈环扎术
71.7102 会阴裂伤缝合术",0.88,8436.86,,,3
615,OZ11,妊娠期相关疾病，伴严重合并症或并发症,"O10.900x001 妊娠合并原有高血压
O11.x01 慢性高血压并发子痫前期
O13.x00 妊娠[妊娠引起的]高血压
O14.000x001 轻度先兆子痫
O14.900 子痫前期
O20.000 先兆流产
O21.100x006 妊娠剧吐伴酮症
O21.900 妊娠呕吐
O22.400 妊娠期痔
O23.300 妊娠期泌尿道其他部位感染
O23.400 妊娠期泌尿道感染
O23.500x007 妊娠期细菌性阴道病
O23.506 妊娠期阴道炎
O24.100 妊娠期伴原有的2型糖尿病
O24.300x001 妊娠合并原有糖尿病
O24.301 妊娠期伴原有糖尿病性酮症
O24.400 妊娠期发生的糖尿病
O24.900 妊娠糖尿病
O26.603 妊娠合并肝损害
O26.606 妊娠期肝内胆汁淤积症
O26.800x011 妊娠合并肾病
O26.803 妊娠合并肾积水
O28.300 孕产妇产前筛查的超声波异常所见
O32.101 臀先露
O34.005 妊娠合并子宫纵隔
O34.100x001 妊娠合并子宫肌瘤
O34.201 妊娠合并子宫瘢痕
O34.301 妊娠合并宫颈功能不全
O34.400x011 妊娠合并子宫颈环扎后
O34.802 妊娠合并卵巢囊肿
O35.004 胎儿脑发育异常
O36.300x007 胎动频繁
O36.301 慢性混合型胎儿宫内窘迫
O36.401 胎死宫内
O36.503 胎儿生长发育迟缓
O40.x00 羊水过多
O41.000 羊水过少
O41.800x004 绒毛膜下血肿
O42.900 胎膜早破
O43.101 帆状胎盘
O43.105 球拍状胎盘
O44.000x001 低置胎盘
O44.000x003 前置胎盘
O44.003 完全性前置胎盘
O44.100 前置胎盘伴有出血
O44.101 边缘性前置胎盘伴出血
O44.103 完全性前置胎盘伴出血
O45.900 胎盘早期剥离
O46.900 产前出血
O47.900x002 先兆临产
O60.001 先兆早产不伴分娩
O69.101 脐带绕颈
O69.804 脐带帆状附着
O72.101 产后即时出血
O88.201 产科肺栓塞
O98.300x014 妊娠合并泌尿生殖道支原体感染
O98.402 妊娠合并乙型肝炎
O98.500 其他病毒性疾病，并发于妊娠、分娩和产褥期
O98.800x035 妊娠合并急性胃肠炎
O98.800x036 妊娠合并肠炎
O98.800x037 妊娠合并腹泻
O98.811 妊娠合并传染性肠炎
O99.004 妊娠合并地中海贫血
O99.007 妊娠合并重度贫血
O99.008 妊娠合并贫血
O99.100x012 妊娠合并血液和造血器官疾病
O99.101 妊娠合并血小板减少
O99.205 妊娠合并低钾血症
O99.215 妊娠合并甲状腺功能减退
O99.300x012 妊娠合并神经系统疾病
O99.411 妊娠合并室性心动过速
O99.420 妊娠合并心脏病
O99.500x011 妊娠合并呼吸系统疾病
O99.503 妊娠合并支气管炎
O99.506 妊娠合并肺部感染
O99.510 妊娠合并上呼吸道感染
O99.600x001 妊娠合并急性阑尾炎
O99.601 妊娠合并上消化道出血
O99.602 妊娠合并牙周炎
O99.603 妊娠合并急性胃炎
O99.604 妊娠合并胃炎
O99.607 妊娠合并肠梗阻
O99.611 妊娠合并阑尾炎
O99.617 妊娠合并胆囊炎
O99.619 妊娠合并急性胰腺炎
O99.800x316 妊娠合并输尿管结石
O99.800x412 妊娠合并先天性心脏病
O99.806 妊娠合并泌尿生殖系统疾病
O99.811 妊娠合并系统性红斑狼疮
Z34.900x001 妊娠监督","/
03.9101 椎管内置管止痛术
38.9100 动脉导管插入术
38.9302 颈内静脉穿刺中心静脉置管术
68.1200x001 宫腔镜检查
75.3400x001 胎心监测",0.66,6360.26,,,5
616,QJ13,非特指部位、组织、器官的良性肿瘤手术，伴一般合并症或并发症,"D18.100x002 腹膜后淋巴管瘤
D61.101 化疗后骨髓抑制
D64.903 重度贫血
D69.009 腹型过敏性紫癜
D70.x03 科斯特曼病
D73.100 脾功能亢进
D89.001 高球蛋白血症性紫癜
I88.900x005 颈淋巴结炎
I88.901 反应性淋巴结炎
R59.000x009 局部淋巴结肿大
R59.005 颈淋巴结肿大
R59.008 腋下淋巴结肿大
R59.100 全身性淋巴结增大
R59.100x002 淋巴结病
S36.002 创伤性脾破裂","39.7904 经导管脾动脉栓塞术
40.2300 腋淋巴结切除术
40.2400 腹股沟淋巴结切除术
40.2900x002 单纯淋巴结切除术
40.2900x021 颈淋巴结切除术
40.2900x030 上肢淋巴结切除术
40.2901 锁骨上淋巴结切除术
45.4200x003 纤维结肠镜下结肠息肉切除术
54.4x15 腹腔镜下腹膜后病损切除术
86.3x03 皮下组织病损切除术
99.2800x006 分子靶向治疗
99.2801 抗肿瘤免疫治疗",1.28,12346.85,,,7
617,RA25,淋巴瘤、白血病等伴其他手术，不伴合并症或并发症,"C77.200 腹腔内淋巴结继发性的恶性肿瘤
C77.300x001 腋窝淋巴结继发恶性肿瘤
C81.900 霍奇金淋巴瘤，未特指
C83.100 曼特尔细胞淋巴瘤
C83.300 弥漫性大B细胞淋巴瘤
C84.400x001 成熟T细胞淋巴瘤
C84.401 血管免疫母细胞性T-细胞淋巴瘤
C85.100 B-细胞淋巴瘤
C85.100x017 ALK+大B细胞淋巴瘤
C85.900 非霍奇金淋巴瘤
C85.900x006 淋巴瘤
C88.400 MALT-淋巴瘤
C91.000x016 T淋巴母细胞白血病/淋巴瘤
C91.100 B细胞型慢性淋巴细胞白血病
D47.700x007 Castleman病
D47.900x001 淋巴细胞增殖性疾病
D48.716 盆腔肿瘤","32.2400x001 经皮肺病损射频消融术
40.2300 腋淋巴结切除术
40.2400 腹股沟淋巴结切除术
40.2900x021 颈淋巴结切除术
43.1900x003 永久性胃造口术
45.4307 内镜下结肠黏膜切除术(EMR)
48.3600x004 内镜下直肠黏膜切除术(EMR)
54.2300x003 腹膜后活检术",1.18,11334.57,,,8
618,XR35,功能障碍康复，不伴严重合并症或并发症,"R13.x00 吞咽困难
R47.801 言语不清
R47.802 言语障碍
R53.x00x001 肢体无力","/
42.2300x001 食管镜检查
42.2400x001 食管镜下活检
45.1300x004 胃-十二指肠镜检查",0.84,8052.95,,,16
619,YC11,HIV相关疾病的手术，伴严重合并症或并发症,"A41.900 脓毒症
B02.202+G53.0* 带状疱疹性神经痛
C18.400 横结肠恶性肿瘤
C34.900x004 左肺恶性肿瘤
C50.300 乳房下内象限恶性肿瘤
D01.000 结肠原位癌
D24.x00 乳房良性肿瘤
G93.100x002 脑缺氧症
I20.000 不稳定型心绞痛
I25.102 冠状动脉粥样硬化
I44.200 Ⅲ度房室传导阻滞
I61.004 基底节出血
I63.502 大脑动脉闭塞脑梗死
J18.903 重症肺炎
K35.300 急性阑尾炎伴局限性腹膜炎
K64.806 血栓性外痔
K64.811 混合痔
K74.617+I98.3* 肝硬化伴食管胃底静脉曲张破裂出血
K86.809 胰管结石
N13.602 输尿管结石伴有积水和感染
R91.x04 孤立性肺结节
S06.202 脑挫伤
S82.212 开放性胫腓骨干骨折
Z08.700 恶性肿瘤联合治疗后的随诊检查
Z51.003 恶性肿瘤放射治疗
Z51.102 手术后恶性肿瘤化学治疗
Z51.103 恶性肿瘤维持性化学治疗
Z51.800x092 恶性肿瘤介入治疗","04.2x05 脊髓神经根射频消融术
17.3300 腹腔镜右半结肠切除术
32.2400x001 经皮肺病损射频消融术
36.0700 药物洗脱冠状动脉支架置入
37.8301 双腔永久起搏器置入术
39.7401 经导管颅内血管血栓去除术
39.7903 经导管肝动脉栓塞术
42.3307 内镜食管静脉曲张结扎术
45.4307 内镜下结肠黏膜切除术(EMR)
47.0100 腹腔镜下阑尾切除术
49.4600 痔切除术
49.4701 血栓痔剥离术
51.8600x002 内镜下鼻胆管引流术
59.8x03 经尿道输尿管支架置入术
85.2100x003 乳房病损切除术
85.3400x002 单侧皮下乳房切除术
86.0500x008 皮下植入装置取出术
86.5902 头皮裂伤清创缝合术
86.7503 皮瓣修整术
88.4101 脑血管造影
88.5500 单根导管的冠状动脉造影术
92.2400x003 调强适形放射治疗[IMRT]
93.9000 无创机械性通气
93.9000x002 无创呼吸机辅助通气(双水平气道正压[BiPAP])
96.0400 气管内插管
99.2503 静脉注射化疗药物",2.19,21079.81,,,11
620,BS13,非创伤性意识障碍，伴一般合并症或并发症,"G93.500x001 枕骨大孔疝[小脑扁桃体疝]
G93.501 脑疝
G93.600 脑水肿
G93.600x005 脑积水性脑水肿[间质性脑水肿]
R40.200 昏迷
R40.200x002 一过性意识丧失
R40.200x005 意识模糊
R40.201 意识丧失","/
38.9100 动脉导管插入术",0.67,6480.19,,,7
621,BU35,中枢神经系统脱髓鞘病，不伴合并症或并发症,"G04.801 自体免疫性脑炎
G35.x00 多发性硬化
G35.x04 多发性硬化，进展复发型
G36.000 视神经脊髓炎［德维克］
G36.000x002 视神经脊髓炎谱系疾病
G37.100 胼胝体中枢性脱髓鞘
G37.200x001 脑桥中央髓鞘溶解症
G37.802 脱髓鞘性白质脑病
G37.803 脱髓鞘性脑病
G37.900 中枢神经系统脱髓鞘病","/
03.3101 腰椎穿刺术
38.9502 为肾透析的临时静脉插管术
45.1300x004 胃-十二指肠镜检查",0.69,6657.86,,,6
622,ED11,除肺、纵隔、气管、胸壁外的其他手术，伴严重合并症或并发症,"A16.200x015 继发性肺结核
B48.501+J17.2* 卡氏肺孢子虫病
C34.000x002 左主支气管恶性肿瘤
C34.000x003 右主支气管恶性肿瘤
C34.100x003 左肺上叶恶性肿瘤
C34.100x004 右肺上叶恶性肿瘤
C34.300x003 左肺下叶恶性肿瘤
C34.300x004 右肺下叶恶性肿瘤
C34.900x004 左肺恶性肿瘤
C34.900x005 右肺恶性肿瘤
D14.300x001 肺良性肿瘤
D38.104 支气管动态未定肿瘤
J15.600x002 革兰阴性细菌性肺炎
J15.903 社区获得性肺炎，重症
J93.100x001 自发性气胸
J96.900x002 I型呼吸衰竭
J98.005 支气管狭窄
J98.101 肺不张
J98.410 肺空洞
T17.400 气管内异物
T17.500 支气管内异物","32.0100x004 支气管镜下支气管病损冷冻术
32.0101 内镜下支气管病损切除术
34.9202 胸膜腔药物注射治疗
98.1503 气管镜支气管异物取出术
98.1504 气管镜气管异物取出术",1.6,15411.65,,,12
623,FF21,外周血管（除大隐静脉外）其他的手术，伴严重合并症或并发症,"D44.601 颈动脉体肿瘤
I10.x12 难治性高血压
I15.200x001 原发性醛固酮增多症性高血压
I74.200x004 肱动脉栓塞
I74.200x005 肱动脉血栓形成
I74.201 上肢动脉栓塞
I74.301 下肢动脉栓塞
I74.302 下肢动脉血栓形成
I74.501 髂总动脉栓塞
I74.800x005 腋动脉栓塞
I74.801 锁骨下动脉闭塞
I80.207 下肢深静脉血栓形成
I82.806 上肢静脉血栓形成
I83.000 下肢静脉曲张伴有溃疡
I83.901 下肢静脉瘤
S45.001 创伤性腋动脉破裂
S45.101 创伤性肱动脉损伤
S65.000x002 腕部尺动脉损伤
S65.100x001 腕部桡动脉损伤
S65.100x002 手部桡动脉损伤
S65.401 创伤性拇指动脉破裂
S65.501 创伤性指动脉破裂
S65.700x001 腕和手多处血管损伤
S85.100x002 胫前动脉损伤
S95.000 足背动脉损伤","38.0301 上肢静脉取栓术
38.0302 上肢动脉取栓术
38.0800x002 下肢动脉血栓切除术
38.0800x003 下肢动脉探查术
38.0801 股动脉取栓术
38.0900x001 下肢静脉血栓切除术
38.5000 静脉曲张的结扎术和剥脱术
38.6706 髂静脉病损切除术
38.9300x002 经皮肾上腺静脉取血术
39.2200x004 颈总动脉-锁骨下动脉搭桥术
39.2208 颈动脉-锁骨下动脉搭桥术
39.3100x007 桡动脉修补术
39.3100x010 尺动脉吻合术
39.3100x018 指动脉缝合术
39.3101 胫动脉缝合术
39.3103 腋动脉缝合术
39.3105 足背动脉缝合术
39.3112 肱动脉缝合术
39.3113 桡动脉缝合术
39.5900x001 动脉修补术
39.8901 颈动脉体瘤切除术",3.06,29506.19,,,12
624,JB19,乳房成形手术,"C50.200 乳房上内象限恶性肿瘤
N61.x04 乳腺炎
N62.x00 乳房肥大
T85.401 乳房假体障碍
Z41.100x002 乳房整形","85.3200 双侧缩小性乳房成形术
85.3300x001 单侧乳房腺体切除伴假体置入术
85.5400x001 双侧乳房假体置入术
85.9400 去除乳房植入物",2.92,28142,,,5
625,NA11,女性生殖器官恶性肿瘤的广泛切除手术，伴严重合并症或并发症,"C51.900 外阴恶性肿瘤
C52.x00 阴道恶性肿瘤
C53.900 宫颈恶性肿瘤
C54.100 子宫内膜恶性肿瘤
C55.x00 子宫恶性肿瘤
C56.x00 卵巢恶性肿瘤
C57.000 输卵管恶性肿瘤
D39.000x001 子宫交界性肿瘤
D39.100x003 卵巢交界性肿瘤","65.6300 腹腔镜双侧卵巢和输卵管切除术
67.4x00x002 子宫颈广泛性切除术
68.4100 腹腔镜经腹全子宫切除术
68.4102 腹腔镜经腹筋膜外子宫切除术
68.4901 经腹全子宫切除术
68.4903 经腹扩大性全子宫切除术
68.6100x001 腹腔镜下子宫广泛性切除术
68.6100x002 腹腔镜下子宫改良广泛性切除术
68.6101 腹腔镜改良根治性子宫切除术
68.6900x001 子宫广泛性切除术
68.6901 子宫根治性切除术
68.7100x001 腹腔镜辅助经阴道子宫广泛性切除术
71.5x00x001 外阴广泛性切除术
71.5x00x003 外阴根治性局部扩大切除术
71.5x00x004 外阴根治性局部切除术",4.34,41773.53,,,13
626,RR15,急性白血病，不伴合并症或并发症,"C91.000 急性淋巴细胞白血病
C91.004 慢性粒细胞性白血病，急淋变
C91.007 成人Ph+急性淋巴细胞白血病（ALL）
C92.000 急性髓细胞白血病
C92.000x017 急性髓系白血病，完全缓解
C92.001 急性髓细胞白血病，微分化型
C92.100x002 慢性粒细胞性白血病(急性变)
C92.100x017 慢性髓系白血病，急性发作
C92.400x011 急性早幼粒细胞白血病伴缓解(M3型)
C92.401 急性早幼粒细胞性白血病，完全缓解
C92.402 急性髓细胞白血病，M3型
C92.501 急性髓细胞白血病，M4型
C93.003 急性髓细胞白血病，M5型
C95.000 急性白血病
C95.005 急性混合型单系白血病
C95.700x001 高白细胞白血病","/
00.6800x001 肢体动脉血管内压力测量
03.3101 腰椎穿刺术
38.9100 动脉导管插入术
41.3100 骨髓活组织检查
41.3800x001 骨髓穿刺术
86.0701 静脉输液港植入术
86.1100 皮肤和皮下组织的活组织检查
99.0401 红细胞输入
99.0500 输入血小板
99.7200 治疗性白细胞去除术",0.61,5895.63,,,4
627,ST15,原因不明的发热，不伴合并症或并发症,R50.900 发热,"/
41.3100 骨髓活组织检查
45.2302 电子结肠镜检查",0.4,3832.83,,,4
628,TT13,进食及睡眠障碍，伴合并症或并发症,"F50.000 神经性厌食
F50.401 心因性暴食
F50.502 神经性呕吐
G47.900 睡眠障碍","/
45.1300x004 胃-十二指肠镜检查",0.68,6505.93,,,9
629,YR11,HIV相关疾病，伴严重合并症或并发症,"A41.501 大肠杆菌脓毒症
A41.900 脓毒症
A86.x00 病毒性脑炎
B23.200 人类免疫缺陷病毒[HIV]病造成的不可归类在他处的血液学和免疫学的异常
B24.x01 艾滋病
C22.900 肝恶性肿瘤
D50.900 缺铁性贫血
E11.401+G63.2* 2型糖尿病性周围神经病
G25.900 锥体束外和运动疾患
I48.900x004 心房颤动[心房纤颤]
I63.900 脑梗死
I63.905 多发性脑梗死
I77.102 锁骨下动脉狭窄
J03.901 急性化脓性扁桃体炎
J15.900 细菌性肺炎
J15.902 社区获得性肺炎，非重症
J44.000 慢性阻塞性肺病伴有急性下呼吸道感染
K26.401 十二指肠球部溃疡伴出血
K56.701 不完全性肠梗阻
K74.602 乙型肝炎后肝硬化失代偿期
K76.800x006 肝功能不全
K80.304 胆总管结石伴急性胆管炎
R55.x00x001 晕厥
S06.200x081 多发性大脑挫裂伤
S14.101 颈部脊髓损伤
S32.500x002 耻骨分支骨折
S61.000x001 手指开放性损伤","/
03.3101 腰椎穿刺术
08.2000x010 眼睑皮肤和皮下组织非切除性清创
29.1100x002 纤维鼻咽镜检查
38.9100 动脉导管插入术
45.1300x004 胃-十二指肠镜检查
54.9101 腹腔穿刺引流术",1.54,14798.87,,,11
630,CB19,角膜移植手术,"H16.000 角膜溃疡
H16.001 角膜溃疡性穿孔
H16.007 角膜穿孔
H18.808 角膜内皮失代偿
S05.201 角膜穿通伤伴虹膜嵌顿",11.6400x002 羊膜移植的角膜成形术,0.85,8226.12,,,5
631,CV13,各种类型青光眼，伴合并症或并发症,"H40.000x004 青光眼术后眼压失控
H40.100x001 开角型青光眼
H40.200 原发性闭角型青光眼
H40.200x012 急性闭角型青光眼绝对期
H40.202 慢性闭角型青光眼
H40.203 原发性急性闭角型青光眼
H40.403 青光眼睫状体炎综合征
H40.500x002 继发性青光眼
H40.501 新生血管性青光眼
H40.505 晶状体溶解性青光眼
H40.600x002 糖皮质激素性青光眼
H40.900 青光眼","/
16.2100x001 眼底检查
95.1201 眼荧光素血管造影",0.43,4136.3,,,5
632,DC41,口腔颌面头颈肿瘤切除术，伴严重合并症或并发症,"C04.000 口底前部恶性肿瘤
C05.100 软腭恶性肿瘤
C07.x00 腮腺恶性肿瘤
C08.000 下颌下腺恶性肿瘤
C11.001 鼻咽顶恶性肿瘤
C11.801 鼻咽多壁恶性肿瘤
C11.900 鼻咽恶性肿瘤
C13.100x001 杓状会厌褶恶性肿瘤
C13.900 下咽恶性肿瘤
C32.000 声门恶性肿瘤
C32.001 声带恶性肿瘤
C32.100 声门上恶性肿瘤
C32.101 会厌恶性肿瘤
C32.900 喉恶性肿瘤
C41.000x018 颅骨恶性肿瘤
C41.007 颞骨恶性肿瘤
C44.000 唇皮肤恶性肿瘤
C44.200x001 耳部皮肤恶性肿瘤
C44.201 外耳道皮肤恶性肿瘤
C44.300 面部皮肤恶性肿瘤
C44.300x005 颞部皮肤恶性肿瘤
C44.302 额部皮肤恶性肿瘤
C44.305 颌下皮肤恶性肿瘤
C44.400x004 头皮恶性肿瘤
C76.000x007 颌下恶性肿瘤
C79.502 颅骨继发恶性肿瘤
D02.002 声带原位癌
D02.302 鼻旁窦原位癌
D04.200x001 耳皮肤原位癌
D04.300x002 面皮肤原位癌
D10.300x005 悬雍垂良性肿瘤
D10.300x007 颌下良性肿瘤
D10.303 腭良性肿瘤
D10.400 扁桃体良性肿瘤
D10.500x001 口咽良性肿瘤
D10.700 咽下部良性肿瘤
D10.900 咽良性肿瘤
D11.000 腮腺良性肿瘤
D11.701 下颌下腺良性肿瘤
D14.000x007 上颌窦良性肿瘤
D14.000x009 蝶窦良性肿瘤
D14.001 鼻旁窦良性肿瘤
D14.100 喉良性肿瘤
D14.101 会厌良性肿瘤
D14.102 声带良性肿瘤
D16.400x018 颅骨良性肿瘤
D16.404 颞骨良性肿瘤
D16.406 额骨良性肿瘤
D17.000x003 头部脂肪瘤
D17.001 面部脂肪瘤
D18.000x505 唇部血管瘤
D18.000x506 外耳道血管瘤
D18.000x507 喉部血管瘤
D18.004 颈部血管瘤
D22.000 唇黑素细胞痣
D22.200x002 耳部黑色素痣
D22.201 外耳道黑素细胞痣
D23.200x002 耳廓良性肿瘤
D23.200x003 耳皮肤良性肿瘤
D23.201 外耳道良性肿瘤
D36.703 颈部良性肿瘤
D37.011 腮腺肿瘤
D38.001 喉肿瘤","01.6x00 颅骨病损的切除术
18.2900x003 耳廓病损切除术
18.2900x009 外耳道病损切除术
18.2901 外耳病损切除术
18.3100 外耳病损根治性切除术
18.3900x005 耳廓部分切除术
22.4202 内镜下额窦病损切除术
22.6001 鼻窦病损切除术
22.6002 内镜下鼻窦病损切除术
22.6403 内镜下蝶窦病损切除术
26.2901 腮腺病损切除术
26.2904 颌下腺病损切除术
26.3100x008 腮腺深叶切除术
26.3100x009 腮腺浅叶切除术
26.3101 腮腺部分切除术
26.3102 腮腺叶切除术
26.3201 腮腺切除术
26.3203 颌下腺切除术
27.4200 唇病损广泛切除术
27.4301 唇病损切除术
27.4900x007 口底病损切除术
27.4902 颌下区病损切除术
28.2x00x002 扁桃体切除术
28.2x04 内镜下扁桃体切除术
29.3900x007 支撑喉镜下鼻咽病损切除术
29.3901 咽部病损切除术
29.3902 咽旁病损切除术
29.3905 支撑喉镜下咽部病损切除术
29.3906 支撑喉镜下咽部病损激光切除术
29.3908 内镜下鼻咽病损切除术
30.0900x039 支撑喉镜下喉病损激光烧灼术
30.0903 内镜下会厌病损切除术
30.0904 内镜下会厌病损激光切除术
30.0905 内镜下声带病损切除术
30.0906 内镜下声带病损激光切除术
30.0911 支撑喉镜下喉病损切除术
30.1x00 半喉切除术
30.2100x002 支撑喉镜下会厌切除术
30.2900x003 喉部分切除术
30.2909 垂直喉部分切除术
30.3x01 全喉扩大切除术
38.6201 颈部血管瘤切除术
86.4x01 头.面.颈皮肤病损根治切除术",2.14,20614.05,,,11
633,GF13,特殊类型疝手术，伴一般合并症或并发症,"K43.500 造口旁疝，不伴梗阻和坏疽
K44.000x001 膈疝伴梗阻
K44.900x001 膈疝
K44.901 食管裂孔疝
K45.002 嵌顿性闭孔疝
K46.000x002 腹内疝伴肠梗阻","53.7100 腹腔镜腹入路横隔疝修补术
53.7100x001 腹腔镜下食管裂孔疝补片修补术
53.7101 腹腔镜经腹食管裂孔疝修补术
53.7201 经腹膈疝修补术
53.8001 经胸食管裂孔疝修补术
53.9x00x015 造口旁疝修补术
53.9x00x019 腹内疝松解还纳术
53.9x00x020 腹腔镜下闭孔疝修补术
53.9x00x021 腹腔镜下闭孔疝无张力修补术",3.03,29229.33,,,11
634,IE45,小关节手术，不伴合并症或并发症,"M10.900x093 痛风石
M21.600x072 后天性踝变形
M71.309 足滑膜囊肿
M86.914 足部骨髓炎
M86.915 趾骨骨髓炎
Q69.900x002 多趾
S92.300x003 跖骨基底骨折
S93.101 趾关节脱位
S93.300x031 跗跖关节骨折脱位[Lisfranc骨折脱位]","79.7801 跖关节脱位闭合复位术
79.7802 趾关节脱位闭合性复位术
79.8803 跖跗关节脱位切开复位术
80.8801 趾关节病损切除术
81.1700x003 趾关节融合术
84.1101 趾关节离断术
84.1102 多趾截除术",1.32,12691.89,,,7
635,IT33,感染性关节炎，伴合并症或并发症,"A23.902+M01.3* 布氏菌病关节炎
M00.002 葡萄球菌性肘关节炎
M00.005 葡萄球菌性膝关节炎
M00.200x001 链球菌性多关节炎
M00.900 化脓性关节炎
M00.900x031 感染性腕关节炎
M00.900x051 感染性髋关节炎
M00.900x061 感染性膝关节炎
M00.901 感染性关节炎","/
04.8101 周围神经阻滞术
54.9103 髂窝穿刺引流术
86.0400x011 皮肤和皮下组织切开引流术",0.79,7568.73,,,12
636,JA19,乳房恶性肿瘤根治性切除伴乳房重建术,"C50.200 乳房上内象限恶性肿瘤
C50.300 乳房下内象限恶性肿瘤
C50.400 乳房上外象限恶性肿瘤
C50.802 乳腺恶性肿瘤，下部
C50.900 乳房恶性肿瘤
D05.100 乳房导管原位癌","85.3300x001 单侧乳房腺体切除伴假体置入术
85.3400x002 单侧皮下乳房切除术
85.4100x001 单侧乳房切除术
85.4300x004 腔镜下单侧乳房改良根治术
85.4302 单侧保乳乳腺改良根治术",5.42,52178.78,,,7
637,KD23,甲状旁腺、甲状舌管及甲状腺其他手术，伴一般合并症或并发症,"C73.x00 甲状腺恶性肿瘤
C75.000 甲状旁腺恶性肿瘤
D35.100 甲状旁腺良性肿瘤
E04.101 甲状腺结节
E04.902 结节性甲状腺肿
E07.901 甲状腺肿物
E21.100x001 继发性甲状旁腺功能亢进","06.3100 甲状腺病损切除术
06.8100 甲状旁腺全部切除术
06.8902 甲状旁腺部分切除术
06.8903 甲状旁腺病损切除术
06.8904 腔镜下甲状旁腺病损切除术",1.98,19041.93,,,5
638,KR15,内分泌腺体肿瘤，不伴合并症或并发症,"C73.x00 甲状腺恶性肿瘤
C74.000 肾上腺皮质恶性肿瘤
C74.900 肾上腺恶性肿瘤
D35.000 肾上腺良性肿瘤
D35.001 肾上腺无功能腺瘤
D35.200x010 垂体瘤
D44.101 肾上腺肿瘤","/
06.1101 超声引导下经皮甲状腺活组织检查术
07.1100 闭合性[经皮][针吸]肾上腺活组织检查
29.1100x002 纤维鼻咽镜检查
33.2400x001 支气管镜下支气管活检
34.2500 闭合性纵隔[经皮][针吸]活组织检查
38.9100 动脉导管插入术
38.9304 股静脉穿刺置管术
40.1101 颈淋巴结活组织检查
40.1103 腋窝淋巴结活组织检查
45.1300x004 胃-十二指肠镜检查",1.12,10807.48,,,4
639,MA10,"男性生殖器官恶性肿瘤手术,年龄≤60岁","C60.100 阴茎头恶性肿瘤
C60.900 阴茎恶性肿瘤
C61.x00 前列腺恶性肿瘤
C62.900 睾丸恶性肿瘤","60.5x02 腹腔镜下前列腺根治性切除术
62.3x00 单侧睾丸切除术
62.3x01 单侧睾丸附睾切除术
64.3x01 阴茎部分切除术",3.72,35787.33,,,10
640,QJ15,非特指部位、组织、器官的良性肿瘤手术，不伴合并症或并发症,"D18.100x002 腹膜后淋巴管瘤
D61.101 化疗后骨髓抑制
D64.903 重度贫血
D69.009 腹型过敏性紫癜
D70.x03 科斯特曼病
D73.100 脾功能亢进
D89.001 高球蛋白血症性紫癜
I88.900x005 颈淋巴结炎
I88.901 反应性淋巴结炎
R59.000x009 局部淋巴结肿大
R59.005 颈淋巴结肿大
R59.008 腋下淋巴结肿大
R59.100 全身性淋巴结增大
R59.100x002 淋巴结病
S36.002 创伤性脾破裂","39.7904 经导管脾动脉栓塞术
40.2300 腋淋巴结切除术
40.2400 腹股沟淋巴结切除术
40.2900x002 单纯淋巴结切除术
40.2900x021 颈淋巴结切除术
40.2900x030 上肢淋巴结切除术
40.2901 锁骨上淋巴结切除术
45.4200x003 纤维结肠镜下结肠息肉切除术
54.4x15 腹腔镜下腹膜后病损切除术
86.3x03 皮下组织病损切除术
99.2800x006 分子靶向治疗
99.2801 抗肿瘤免疫治疗",0.85,8215.75,,,4
641,XR25,神经、骨骼及肌肉康复，不伴合并症或并发症,"R25.200x002 痉挛
T91.104 陈旧性腰椎骨折
T91.202 陈旧性骨盆骨折
T92.100x009 陈旧性锁骨骨折
T92.103 陈旧性肱骨骨折
T92.203 陈旧性手指骨折
T92.400x003 正中神经损伤后遗症
T92.500x006 伸肌腱断裂后遗症
T92.500x016 肩袖损伤后遗症
T92.800x002 陈旧性肩关节SLAP损伤
T93.101 陈旧性股骨骨折
T93.102 陈旧性股骨颈骨折
T93.104 陈旧性股骨粗隆间骨折
T93.200x001 陈旧性距骨骨折
T93.200x010 陈旧性跟骨骨折
T93.206 陈旧性踝关节骨折
T93.207 陈旧性踝骨骨折
T93.400x002 坐骨神经损伤后遗症
Z54.800x009 脑膜炎恢复期","/
03.3101 腰椎穿刺术
93.5403 肢体夹板固定术",0.51,4875.17,,,11
642,BE19,颈及脑血管手术,"G45.800x004 锁骨下盗血综合征伴锁骨下动脉狭窄
G45.801 锁骨下动脉盗血综合征
I63.502 大脑动脉闭塞脑梗死
I65.200x001 颈动脉狭窄
I65.200x010 颈动脉血栓形成
I67.202 颈内动脉粥样硬化
I72.000x013 颈总动脉夹层
I72.006 颈动脉动脉瘤","38.0201 颈动脉取栓术
38.1200x003 颈动脉内膜剥脱术
38.3201 颈动脉动脉瘤切除伴吻合术
39.2200x004 颈总动脉-锁骨下动脉搭桥术
39.5001 锁骨下动脉球囊血管成形术
39.5900x006 颈内动脉成形术",4.29,41336.43,,,12
643,FF23,外周血管（除大隐静脉外）其他的手术，伴一般合并症或并发症,"D44.601 颈动脉体肿瘤
I10.x12 难治性高血压
I15.200x001 原发性醛固酮增多症性高血压
I74.200x004 肱动脉栓塞
I74.200x005 肱动脉血栓形成
I74.201 上肢动脉栓塞
I74.301 下肢动脉栓塞
I74.302 下肢动脉血栓形成
I74.501 髂总动脉栓塞
I74.800x005 腋动脉栓塞
I74.801 锁骨下动脉闭塞
I80.207 下肢深静脉血栓形成
I82.806 上肢静脉血栓形成
I83.000 下肢静脉曲张伴有溃疡
I83.901 下肢静脉瘤
S45.001 创伤性腋动脉破裂
S45.101 创伤性肱动脉损伤
S65.000x002 腕部尺动脉损伤
S65.100x001 腕部桡动脉损伤
S65.100x002 手部桡动脉损伤
S65.401 创伤性拇指动脉破裂
S65.501 创伤性指动脉破裂
S65.700x001 腕和手多处血管损伤
S85.100x002 胫前动脉损伤
S95.000 足背动脉损伤","38.0301 上肢静脉取栓术
38.0302 上肢动脉取栓术
38.0800x002 下肢动脉血栓切除术
38.0800x003 下肢动脉探查术
38.0801 股动脉取栓术
38.0900x001 下肢静脉血栓切除术
38.5000 静脉曲张的结扎术和剥脱术
38.6706 髂静脉病损切除术
38.9300x002 经皮肾上腺静脉取血术
39.2200x004 颈总动脉-锁骨下动脉搭桥术
39.2208 颈动脉-锁骨下动脉搭桥术
39.3100x007 桡动脉修补术
39.3100x010 尺动脉吻合术
39.3100x018 指动脉缝合术
39.3101 胫动脉缝合术
39.3103 腋动脉缝合术
39.3105 足背动脉缝合术
39.3112 肱动脉缝合术
39.3113 桡动脉缝合术
39.5900x001 动脉修补术
39.8901 颈动脉体瘤切除术",1.71,16423.67,,,7
644,FK29,伴急性心肌梗死/心衰/休克的心脏除颤器及心室同步,"I50.101 急性左心衰竭
I50.907 急性心力衰竭","00.5001 心脏再同步起搏器置入术
00.5101 心脏再同步除颤器置入术
37.9400x001 单腔植入型心律转复除颤器置入术",15.06,145071.08,,,12
645,IC13,髋、肩、膝、肘和踝关节假体翻修/修正手术，伴一般合并症或并发症,"M00.900x051 感染性髋关节炎
M96.600x001 假体周围骨折
M96.600x002 股骨假体周围骨折
T84.000x005 人工髋关节置换术后髋臼松动
T84.000x008 人工膝关节置换术后假体松动
T84.002 髋关节假体松动
T84.004 膝关节假体障碍
T84.502 膝关节假体植入感染
T84.807 膝关节置换术后疼痛","00.7000x001 全髋关节假体翻修术
00.7100x001 髋关节髋臼假体翻修术
00.7200x001 髋关节股骨假体翻修术
00.7300x002 髋关节髋臼衬垫翻修术
00.8000x001 全膝关节假体翻修术
00.8100x001 膝关节胫骨假体翻修术
00.8201 膝关节置换修复术，股骨成分伴胫骨（衬垫）置入
00.8400x001 膝关节胫骨衬垫翻修术",7.38,71042.53,,,17
646,IR11,骨盆骨折，伴严重合并症或并发症,"S32.300 髂骨骨折
S32.400 髋臼骨折
S32.500x002 耻骨分支骨折
S32.500x003 耻骨联合骨折
S32.701 多发性骨盆骨折
S32.801 坐骨骨折
S32.802 骨盆骨折","/
38.9100 动脉导管插入术
93.4400x003 股骨牵引
93.5402 石膏托固定术",0.95,9118.78,,,11
647,LB15,肾脏结石手术，不伴严重合并症或并发症,"N13.601 肾结石伴有积水和感染
N13.603 肾输尿管结石伴有积水和感染
N20.000 肾结石","55.0402 经皮肾镜碎石术（PCNL）
55.0404 经皮肾镜激光碎石术
55.1109 腹腔镜下肾盂切开取石术",2.29,22016.42,,,10
648,QS21,溶血性贫血，伴严重合并症或并发症,"D55.001 蚕豆病
D56.000 α型地中海贫血
D56.100x003 重型β型地中海贫血
D56.900 地中海贫血
D58.205 血红蛋白增高
D58.901 溶血性贫血
D59.101 自身免疫性溶血性贫血
D59.105 冷凝集素病
D59.500x001 阵发性睡眠性血红蛋白尿
D59.902 溶血性黄疸","/
33.2400x002 支气管镜下诊断性支气管肺泡灌洗[BAL]
41.3100 骨髓活组织检查
99.0401 红细胞输入
99.7400 治疗性血小板去除术",1.01,9698.59,,,7
649,RT15,非特指恶性肿瘤，不伴合并症或并发症,"C76.300 盆腔恶性肿瘤
C76.306 臀部恶性肿瘤
C77.400x001 腹股沟淋巴结继发恶性肿瘤
C77.500 盆腔内淋巴结继发性的恶性肿瘤
C77.800 多个部位淋巴结继发性的恶性肿瘤
C78.604 恶性腹水
C79.800x804 躯干继发恶性肿瘤
C79.811 盆腔继发恶性肿瘤
C80.001 恶性恶病质
D48.708 躯干肿瘤
D48.716 盆腔肿瘤","/
29.1100x002 纤维鼻咽镜检查
38.9304 股静脉穿刺置管术
44.1300x001 胃镜检查
45.1300x004 胃-十二指肠镜检查
48.2400x002 直肠活检
54.2400x006 盆腔病损穿刺活检
54.9100x009 超声引导下盆腔穿刺术
54.9101 腹腔穿刺引流术
54.9102 盆腔穿刺引流术
60.1100x002 超声引导下前列腺穿刺活检
83.2100 软组织活组织检查",0.81,7766.6,,,7
650,TS21,神经症及相关障碍，伴严重合并症或并发症,"F44.802 心因性意识障碍
F44.900 分离［转换］性障碍
F45.304 心血管性神经官能症
F45.306 心脏神经官能症
F45.403 功能性腹痛综合征
F45.803 功能性吞咽困难
F45.900 躯体形式障碍
F48.901 神经官能症
F95.000 一过性抽动障碍","/
29.1100x002 纤维鼻咽镜检查
45.1300x004 胃-十二指肠镜检查
45.1301 十二指肠镜检查术
45.1600x001 胃十二指肠镜下活检
45.2302 电子结肠镜检查",0.86,8261.44,,,9
651,VZ11,其他损伤、中毒及毒性反应疾病，伴严重合并症或并发症,"T67.000x001 热射病
T67.200 中暑痉挛
T67.901 中暑
T70.201 高原性肺水肿
T71.x00 外因性窒息
T75.100x001 溺水
T75.400x001 电击伤","/
17.912A0 电针治疗
38.9100 动脉导管插入术
89.1900x001 视频脑电图监测
93.3500x004 热疗",0.96,9275.75,,,6
652,CB71,角膜、巩膜、结膜手术，伴严重合并症或并发症,"H05.901 眼眶肿物
H11.000 翼状胬肉
H11.201 睑球粘连
H11.401 结膜囊肿
H11.805 结膜松弛
H11.901 结膜肿物
H18.901 角膜肿物
S05.300x004 眼球破裂伤
S05.301 角膜裂伤
S05.306 结膜裂伤
S05.601 角膜穿通伤
T15.000 角膜异物","10.3101 结膜病损切除术
10.4900x001 结膜成形术
10.4903 结膜囊成形术
10.5x01 睑球粘连分离术
10.6x00x001 结膜缝合术
10.6x00x002 结膜撕裂修补术
10.9900x001 结膜瓣遮盖术
10.9901 结膜松弛矫正术
11.1x01 角膜切开异物去除术
11.3201 翼状胬肉切除伴自体干细胞移植术
11.3203 翼状胬肉切除伴羊膜植片移植术
11.3900x001 翼状胬肉切除术
11.3901 翼状胬肉切除伴结膜移植术
11.4903 角膜病损切除术
11.5100 角膜裂伤缝合术
11.5900x001 角膜修补术
11.9900x002 自体角膜缘干细胞取材术
98.2200x005 角膜嵌入异物去除",0.5,4798.66,,,3
653,FB23,心脏瓣膜手术，伴一般合并症或并发症,"I05.000x001 风湿性二尖瓣狭窄
I07.100 三尖瓣关闭不全
I08.000x001 风湿性二尖瓣主动脉瓣联合瓣膜病
I08.003 二尖瓣关闭不全伴主动脉瓣狭窄关闭不全
I08.101 二尖瓣狭窄伴三尖瓣关闭不全
I08.102 二尖瓣狭窄关闭不全伴三尖瓣关闭不全
I08.103 二尖瓣及三尖瓣关闭不全
I08.301 二尖瓣狭窄关闭不全伴主动脉瓣及三尖瓣关闭不全
I08.303 二尖瓣主动脉瓣及三尖瓣关闭不全
I33.000x004 感染性心内膜炎
I34.000 二尖瓣关闭不全
I34.001 二尖瓣反流
I34.100 二尖瓣脱垂
I34.102 二尖瓣后叶脱垂
I35.000 主动脉瓣狭窄
I35.100 主动脉瓣关闭不全
I35.200 主动脉瓣狭窄伴有关闭不全
I36.100 非风湿性三尖瓣关闭不全
I37.000 肺动脉瓣狭窄
I37.100 肺动脉瓣关闭不全
Q23.101 先天性主动脉瓣二叶瓣畸形","35.1201 二尖瓣成形术
35.1301 肺动脉瓣成形术
35.1401 三尖瓣成形术
35.1402 胸腔镜下三尖瓣成形术
35.2200x002 主动脉根部扩大伴主动脉瓣机械瓣膜置换术
35.2201 主动脉瓣机械瓣膜置换术
35.2301 二尖瓣生物瓣膜置换术
35.2401 二尖瓣机械瓣膜置换术",14.19,136689.75,,,17
654,GC11,食管其他手术，伴严重合并症或并发症,"C15.100x002 食管胸上段恶性肿瘤
C15.100x003 食管胸中段恶性肿瘤
C15.300 食管上三分之一的恶性肿瘤
C15.802 食管中下段恶性肿瘤
C15.900 食管恶性肿瘤
D13.000 食管良性肿瘤
K22.205 食管狭窄
K22.208 手术后食管狭窄
K22.805 食管囊肿","42.3200x006 胸腔镜食管病损切除术
42.8100 食管置入永久性管",4.71,45338.73,,,18
655,GF21,腹壁疝及脐疝手术，伴严重合并症或并发症,"K42.000x001 脐疝伴梗阻
K42.900 脐疝，不伴有梗阻或坏疽
K43.000 切口疝，伴有梗阻，不伴有坏疽
K43.002 嵌顿性切口疝伴梗阻
K43.200 切口疝，不伴有梗阻和坏疽
K43.500 造口旁疝，不伴梗阻和坏疽","53.4101 脐疝无张力修补术
53.4201 腹腔镜下脐疝无张力修补术
53.4901 脐疝修补术
53.5101 腹腔镜下切口疝修补术
53.5902 腹腔镜下腹壁疝修补术
53.6301 腹腔镜下切口疝无张力修补术
53.6302 腹腔镜下腹壁疝无张力修补术
53.6901 腹壁疝无张力修补术",2.69,25870.47,,,9
656,ID25,除脊柱、骨盆以外的骨与软组织肿瘤手术，不伴合并症或并发症,"C49.100x002 上肢软组织恶性肿瘤
C49.200x002 下肢软组织恶性肿瘤
C49.200x005 膝部结缔组织和软组织恶性肿瘤
C49.201 髋结缔组织和软组织恶性肿瘤
C79.500x001 骨继发恶性肿瘤
D16.201 股骨良性肿瘤
D16.202 胫骨良性肿瘤
D48.021 下肢骨肿瘤","77.6501 股骨病损切除术
77.6701 胫骨病损切除术
83.3900x017 软组织病损切除术
84.5501 骨空隙骨水泥填充术",1.54,14806.08,,,7
657,OR11,阴道分娩，伴严重合并症或并发症,"O10.900x001 妊娠合并原有高血压
O24.400 妊娠期发生的糖尿病
O26.606 妊娠期肝内胆汁淤积症
O41.104 羊膜炎
O42.000x001 足月胎膜早破(在24小时之内产程开始)
O42.000x002 早产胎膜早破(在24小时之内产程开始)
O42.100x012 早产胎膜早破(在1-7天内产程开始)
O45.001 胎盘早剥伴播散性血管内凝血
O45.900 胎盘早期剥离
O64.501 复合先露难产
O66.901 难产
O69.101 脐带绕颈
O69.206 脐带绕手
O70.000 分娩时Ⅰ度会阴裂伤
O70.100 分娩时Ⅱ度会阴裂伤
O72.100 即刻产后出血，其他的
O72.101 产后即时出血
O80.000 头位顺产
O98.806 妊娠合并霉菌性阴道炎
O98.808 妊娠合并阴道溶血性链球菌感染
O99.207 妊娠合并肥胖症
O99.215 妊娠合并甲状腺功能减退","/
03.9100x004 椎管内止痛剂注入术
03.9101 椎管内置管止痛术
73.0100 人工破膜引产
73.0900x001 分娩时人工破膜
73.5100 手法旋转胎头
73.5900x002 头位阴道助产
75.9900x001 产后子宫颈探查术",1.09,10474.43,,,5
658,QS33,重型再生障碍性贫血，伴一般合并症或并发症,D61.905 重度再生障碍性贫血,"/
41.3100 骨髓活组织检查
99.0401 红细胞输入",0.83,8007.75,,,6
659,QS35,重型再生障碍性贫血，不伴合并症或并发症,D61.905 重度再生障碍性贫血,"/
41.3100 骨髓活组织检查
99.0401 红细胞输入",0.58,5577.03,,,4
660,RA15,淋巴瘤、白血病等伴重大手术，不伴严重合并症或并发症,"C77.300x001 腋窝淋巴结继发恶性肿瘤
C77.301 腋下淋巴结继发恶性肿瘤
C79.811 盆腔继发恶性肿瘤
C83.300 弥漫性大B细胞淋巴瘤
C84.400x001 成熟T细胞淋巴瘤
C92.000 急性髓细胞白血病
C92.501 急性髓细胞白血病，M4型
D46.900 骨髓增生异常综合征","03.9202 脊髓鞘内注射
40.5100 腋下淋巴结根治性切除术
41.5x00 全脾切除术
45.6201 小肠部分切除术
45.6208 腹腔镜下小肠部分切除术
54.4x00x035 盆腔病损切除术",3.73,35923.15,,,12
661,VR13,损伤，伴合并症或并发症,"S30.201 创伤性会阴血肿
S31.005 开放性腰背部损伤
S31.805 创伤性肛门裂伤
S39.900x004 腹股沟损伤
S39.907 腹部损伤
S41.000 肩开放性伤口
S61.000x001 手指开放性损伤
S61.900x002 腕部开放性损伤
S67.001 手指挤压伤
S71.100 大腿开放性伤口
S81.000 膝开放性伤口
S81.700 小腿多处开放性伤口
S87.801 小腿挤压伤
S91.000 踝开放性伤口
S91.200 趾开放性伤口伴有趾甲损坏
T01.200x001 上肢多处开放性损伤
T01.300x001 下肢多处开放性损伤
T01.302 下肢多处裂伤
T01.902 多发性动物咬伤
T02.500x001 双下肢多发性骨折
T07.x00 多处损伤","/
49.3900x016 肛门皮肤和皮下组织非切除性清创
86.0401 创面封闭式负压引流术（VSD)
86.2701 甲床清创术",0.59,5706.75,,,7
662,BD29,立体定向与功能性神经外科手术,"B02.202+G53.0* 带状疱疹性神经痛
G40.805 难治性癫痫","01.2001 颅神经刺激脉冲发生器植入
86.9401 单列神经刺激脉冲发生器的置入
86.9600x002 迷走神经刺激器VNS植入术
86.9600x003 脊髓神经刺激器置入术",15.36,147974.52,,,12
663,DG21,扁桃体和/或腺样体切除手术，伴严重合并症或并发症,"D10.400 扁桃体良性肿瘤
J35.000 慢性扁桃体炎
J35.100 扁桃体肥大
J35.200 腺样体肥大
J35.803 扁桃体囊肿
J35.805 扁桃体息肉","28.2x00x002 扁桃体切除术
28.2x03 扁桃体等离子切除术
28.2x04 内镜下扁桃体切除术
28.3x01 扁桃体伴腺样体切除术
28.6x00x001 鼻内镜下经鼻腺样体切除术
28.6x00x002 腺样体切除术
28.6x00x005 鼻内镜下腺样体消融术
28.6x02 内镜下腺样体切除术
28.9201 扁桃体病损切除术",1.11,10668.32,,,7
664,EU11,重大胸部创伤，伴严重合并症或并发症,"S27.000 创伤性气胸
S27.100 创伤性血胸
S27.200 创伤性血气胸
S27.301 肺挫伤
S27.802 胸部食管损伤
S27.808 创伤性胸腔积液
S27.811 食管异物穿孔
S29.900 胸部损伤","/
34.0401 胸腔闭式引流术
38.9100 动脉导管插入术
42.2300x001 食管镜检查
98.0201 食管镜食管异物取出术",1.01,9712.43,,,9
665,FR15,"急性心肌梗死,不伴严重合并症或并发症","I21.001 急性前壁心肌梗死
I21.103 急性下壁心肌梗死
I21.300x004 急性ST段抬高型心肌梗死
I21.401 急性非ST段抬高型心肌梗死
I21.900 急性心肌梗死","/
00.6800x001 肢体动脉血管内压力测量
38.9100 动脉导管插入术
38.9301 经外周静脉穿刺中心静脉置管术
38.9302 颈内静脉穿刺中心静脉置管术
38.9303 锁骨下静脉穿刺中心静脉置管术
38.9304 股静脉穿刺置管术
57.9400 留置导尿管的置入术
86.2800x012 皮肤和皮下组织非切除性清创
89.6400x001 漂浮导管检查[Swan-Ganz导管插入]
89.6700 心脏排出量监测，用氧耗技术
96.6x01 肠内高营养
99.6000 心肺复苏",0.78,7531.33,,,4
666,FT29,感染性心内膜炎,"I33.000x004 感染性心内膜炎
I33.006 感染性心内膜炎性赘生物
T82.703 心脏起搏器植入感染","/
00.6800x001 肢体动脉血管内压力测量
17.91110 头针治疗
34.0401 胸腔闭式引流术",1.25,12025.26,,,14
667,GF15,特殊类型疝手术，不伴合并症或并发症,"K43.500 造口旁疝，不伴梗阻和坏疽
K44.000x001 膈疝伴梗阻
K44.900x001 膈疝
K44.901 食管裂孔疝
K45.002 嵌顿性闭孔疝
K46.000x002 腹内疝伴肠梗阻","53.7100 腹腔镜腹入路横隔疝修补术
53.7100x001 腹腔镜下食管裂孔疝补片修补术
53.7101 腹腔镜经腹食管裂孔疝修补术
53.7201 经腹膈疝修补术
53.8001 经胸食管裂孔疝修补术
53.9x00x015 造口旁疝修补术
53.9x00x019 腹内疝松解还纳术
53.9x00x020 腹腔镜下闭孔疝修补术
53.9x00x021 腹腔镜下闭孔疝无张力修补术",2.45,23568.32,,,8
668,GF23,腹壁疝及脐疝手术，伴一般合并症或并发症,"K42.000x001 脐疝伴梗阻
K42.900 脐疝，不伴有梗阻或坏疽
K43.000 切口疝，伴有梗阻，不伴有坏疽
K43.002 嵌顿性切口疝伴梗阻
K43.200 切口疝，不伴有梗阻和坏疽
K43.500 造口旁疝，不伴梗阻和坏疽","53.4101 脐疝无张力修补术
53.4201 腹腔镜下脐疝无张力修补术
53.4901 脐疝修补术
53.5101 腹腔镜下切口疝修补术
53.5902 腹腔镜下腹壁疝修补术
53.6301 腹腔镜下切口疝无张力修补术
53.6302 腹腔镜下腹壁疝无张力修补术
53.6901 腹壁疝无张力修补术",2.22,21367.48,,,7
669,HL23,肝胆胰系统的诊断性操作，伴一般合并症或并发症,"C24.000x007 肝门胆管恶性肿瘤
C24.002 胆管恶性肿瘤
C25.000 胰头恶性肿瘤
K80.302 胆总管结石伴胆管炎
K80.501 胆总管结石
K83.109 梗阻性黄疸
K86.901 胰腺肿物",51.1000 内镜逆行胰胆管造影[ERCP],2.54,24424.64,,,10
670,IV19,除脊柱外先天性骨骼肌肉系统疾病,"Q66.600 足的其他先天性外翻变形
Q66.803 先天性马蹄足
Q74.010 先天性狭窄性腱鞘炎
Q75.803 颅底凹陷症","/
03.9102 脊神经根阻滞术",0.6,5778.94,,,6
671,NF11,外阴、阴道、宫颈手术，伴严重合并症或并发症,"C53.900 宫颈恶性肿瘤
D06.900x002 子宫颈上皮内瘤变III级[CINIII级]
D07.100 外阴原位癌
D07.100x002 外阴上皮内瘤变III级[VINIII级]
D25.901 宫颈平滑肌瘤
D26.100x002 子宫腺肌瘤
D28.000 外阴良性肿瘤
N72.x00x003 慢性子宫颈炎
N75.000 前庭大腺囊肿
N75.100 前庭大腺脓肿
N81.101 阴道前壁脱垂
N81.202 Ⅱ度子宫脱垂
N81.301 Ⅲ度子宫脱垂
N81.801 陈旧性会阴裂伤
N81.802 阴道前后壁脱垂
N84.000 子宫体息肉
N84.001 子宫内膜息肉
N84.100 宫颈息肉
N87.001 宫颈上皮内肿瘤，Ⅰ级
N87.101 宫颈上皮内肿瘤，Ⅱ级
N88.300 宫颈功能不全
N88.807 宫颈赘生物
N89.805 阴道裂伤
N89.806 阴道囊肿
N89.809 阴道赘生物
N90.301 外阴鳞状上皮增生
N90.700 外阴囊肿
N90.800x011 会阴囊肿
N90.801 会阴瘢痕
N90.803 外阴陈旧性裂伤
N90.807 外阴血肿
N90.808 阴唇粘连
N90.902 外阴肿物
N93.901 异常子宫出血
N94.100 性交疼痛
N95.000 绝经后出血
N99.800x010 子宫切口憩室
R93.803 子宫内膜增厚
S30.200x010 创伤性外阴血肿
S31.401 创伤性外阴裂伤
T83.303 子宫内节育器嵌顿","67.2x00 子宫颈锥形切除术
67.3201 子宫颈环形电切术
67.3202 子宫颈锥形电切术
67.3203 宫腔镜子宫颈病损电切术
67.3302 子宫颈冷冻锥形切除术
67.3900x001 经阴道子宫颈病损切除术
67.3902 宫腔镜子宫颈病损切除术
67.3904 子宫颈病损切除术
67.5101 腹腔镜子宫颈环扎术
70.1100 处女膜切开术
70.3301 阴道病损切除术
70.4x03 阴道闭合术
70.7100 阴道裂伤缝合术
71.0100x003 大阴唇粘连松解术
71.0100x004 阴唇粘连松解术
71.0900x004 外阴血肿清除术
71.0900x006 外阴脓肿穿刺术
71.2200x001 前庭大腺囊肿切开术
71.2400x001 前庭大腺病损切除术
71.2400x003 前庭大腺切除术
71.2900x002 前庭大腺造口术
71.3x00x001 大阴唇病损切除术
71.3x00x007 女性会阴部瘢痕切除术
71.3x01 会阴病损切除术
71.3x04 外阴病损切除术
71.7101 外阴裂伤缝合术
71.7102 会阴裂伤缝合术",0.69,6638.32,,,5
672,PR15,"新生儿呼吸窘迫综合征,不伴合并症或并发症",P22.101 新生儿湿肺,"/
16.2100x001 眼底检查
89.1301 脑干听觉诱发电位
99.8301 新生儿蓝光治疗",0.48,4583.96,,,3
673,QS23,溶血性贫血，伴一般合并症或并发症,"D55.001 蚕豆病
D56.000 α型地中海贫血
D56.100x003 重型β型地中海贫血
D56.900 地中海贫血
D58.205 血红蛋白增高
D58.901 溶血性贫血
D59.101 自身免疫性溶血性贫血
D59.105 冷凝集素病
D59.500x001 阵发性睡眠性血红蛋白尿
D59.902 溶血性黄疸","/
33.2400x002 支气管镜下诊断性支气管肺泡灌洗[BAL]
41.3100 骨髓活组织检查
99.0401 红细胞输入
99.7400 治疗性血小板去除术",0.53,5135.93,,,4
674,RA21,淋巴瘤、白血病等伴其他手术，伴严重合并症或并发症,"C77.200 腹腔内淋巴结继发性的恶性肿瘤
C77.300x001 腋窝淋巴结继发恶性肿瘤
C81.900 霍奇金淋巴瘤，未特指
C83.100 曼特尔细胞淋巴瘤
C83.300 弥漫性大B细胞淋巴瘤
C84.400x001 成熟T细胞淋巴瘤
C84.401 血管免疫母细胞性T-细胞淋巴瘤
C85.100 B-细胞淋巴瘤
C85.100x017 ALK+大B细胞淋巴瘤
C85.900 非霍奇金淋巴瘤
C85.900x006 淋巴瘤
C88.400 MALT-淋巴瘤
C91.000x016 T淋巴母细胞白血病/淋巴瘤
C91.100 B细胞型慢性淋巴细胞白血病
D47.700x007 Castleman病
D47.900x001 淋巴细胞增殖性疾病
D48.716 盆腔肿瘤","32.2400x001 经皮肺病损射频消融术
40.2300 腋淋巴结切除术
40.2400 腹股沟淋巴结切除术
40.2900x021 颈淋巴结切除术
43.1900x003 永久性胃造口术
45.4307 内镜下结肠黏膜切除术(EMR)
48.3600x004 内镜下直肠黏膜切除术(EMR)
54.2300x003 腹膜后活检术",2.3,22178.14,,,12
675,UR15,酒精中毒及戒除，不伴严重合并症或并发症,"F10.001 急性酒精中毒
F10.700x091 慢性酒精性脑综合征
F10.701 酒精中毒性痴呆
T51.001 酒精中毒","/
38.9800x001 动脉穿刺术",1.46,14048.71,,,37
676,ZB19,多发性严重创伤开颅术,"S06.202 脑挫伤
S06.300x031 局灶性大脑挫伤伴血肿
S06.401 创伤性闭合性硬膜外血肿
S06.500x004 急性创伤性硬脑膜下血肿
S06.502 创伤性慢性硬膜下血肿
S06.801 创伤性小脑出血","01.3108 硬脑膜下钻孔引流术
01.3900x009 脑内血肿清除术",7.03,67718.14,,,22
677,BS15,非创伤性意识障碍，不伴合并症或并发症,"G93.500x001 枕骨大孔疝[小脑扁桃体疝]
G93.501 脑疝
G93.600 脑水肿
G93.600x005 脑积水性脑水肿[间质性脑水肿]
R40.200 昏迷
R40.200x002 一过性意识丧失
R40.200x005 意识模糊
R40.201 意识丧失","/
38.9100 动脉导管插入术",0.39,3724.38,,,3
678,BT21,细菌性脑、脊髓和脑膜炎，伴严重合并症或并发症,"A17.803+G05.0* 结核性脑膜脑炎
G00.800 细菌性脑膜炎，其他的
G00.901 化脓性脑膜炎
G00.902 新生儿化脓性脑膜炎
G04.807 化脓性脑膜脑炎
G06.001 脑脓肿
G06.002 脑肉芽肿","/
03.3101 腰椎穿刺术",1.86,17937.02,,,15
679,BT23,细菌性脑、脊髓和脑膜炎，伴一般合并症或并发症,"A17.803+G05.0* 结核性脑膜脑炎
G00.800 细菌性脑膜炎，其他的
G00.901 化脓性脑膜炎
G00.902 新生儿化脓性脑膜炎
G04.807 化脓性脑膜脑炎
G06.001 脑脓肿
G06.002 脑肉芽肿","/
03.3101 腰椎穿刺术",1.57,15114.09,,,13
680,BW13,神经系统先天性疾病，伴合并症或并发症,"Q04.604 先天性蛛网膜囊肿
Q06.801 先天性脊髓栓系综合征
Q28.100 入脑前血管的其他畸形
Q28.300x001 脑血管畸形
Q28.300x005 基底动脉畸形",/,0.89,8572.43,,,10
681,CT11,前房出血及眼创伤的非手术治疗，伴严重合并症或并发症,"H20.802 创伤性虹膜睫状体炎
H31.400 脉络膜脱离
H33.304 视网膜裂孔
H33.500x008 局限性视网膜脱离
H35.600 视网膜出血
H35.601 黄斑出血
H35.602 眼底出血
H43.100 玻璃体积血
S00.101 眼周区挫伤
S01.101 眼睑裂伤
S02.801 眶骨骨折
S05.100x004 眼球挫伤
S05.102 创伤性前房积血
S05.300x004 眼球破裂伤
S05.306 结膜裂伤
S05.600x002 眼球穿通伤
S05.601 角膜穿通伤
S05.802 眼挫伤
S05.808 视网膜震荡","/
08.0902 眼睑切开引流术
38.9100 动脉导管插入术
93.5402 石膏托固定术
95.1201 眼荧光素血管造影",0.41,3947.94,,,5
682,DC29,口腔颌面头颈缺损其他组织瓣修复术,"D17.002 颈部脂肪瘤
K09.804 颏部皮样囊肿
S08.000 头皮撕脱","86.7500x011 邻近皮瓣修复术
86.7501 皮瓣清创术
86.7503 皮瓣修整术",0.78,7475.31,,,4
683,DU11,头、颈、外耳、口鼻的创伤及变形，伴严重合并症或并发症,"J34.200 鼻中隔偏曲
S00.000x053 头皮血肿机化
S00.001 头皮挫伤
S00.004 头皮血肿
S00.700 头部多处浅表损伤
S00.801 面部软组织挫伤
S00.802 面部擦伤
S00.803 面部挫伤
S01.001 头皮裂伤
S01.300x012 耳廓开放性损伤
S01.301 开放性外耳道损伤
S01.506 唇裂伤
S01.802 面部裂伤
S02.200 鼻骨骨折
S02.400x003 上颌骨骨折
S02.400x005 上颌窦骨折
S02.401 颧骨骨折
S08.000 头皮撕脱
S09.900 头部的损伤
S10.901 颈部挫伤
S13.403 寰枢关节扭伤
S13.601 颈部扭伤
S19.900 颈部损伤","/
18.2900x017 耳廓皮肤和皮下组织非切除性清创
29.1100x002 纤维鼻咽镜检查
31.4200x003 纤维喉镜检查
38.9100 动脉导管插入术
93.4201 颈椎牵引术",0.5,4803.66,,,5
684,FB25,心脏瓣膜手术，不伴合并症或并发症,"I05.000x001 风湿性二尖瓣狭窄
I07.100 三尖瓣关闭不全
I08.000x001 风湿性二尖瓣主动脉瓣联合瓣膜病
I08.003 二尖瓣关闭不全伴主动脉瓣狭窄关闭不全
I08.101 二尖瓣狭窄伴三尖瓣关闭不全
I08.102 二尖瓣狭窄关闭不全伴三尖瓣关闭不全
I08.103 二尖瓣及三尖瓣关闭不全
I08.301 二尖瓣狭窄关闭不全伴主动脉瓣及三尖瓣关闭不全
I08.303 二尖瓣主动脉瓣及三尖瓣关闭不全
I33.000x004 感染性心内膜炎
I34.000 二尖瓣关闭不全
I34.001 二尖瓣反流
I34.100 二尖瓣脱垂
I34.102 二尖瓣后叶脱垂
I35.000 主动脉瓣狭窄
I35.100 主动脉瓣关闭不全
I35.200 主动脉瓣狭窄伴有关闭不全
I36.100 非风湿性三尖瓣关闭不全
I37.000 肺动脉瓣狭窄
I37.100 肺动脉瓣关闭不全
Q23.101 先天性主动脉瓣二叶瓣畸形","35.1201 二尖瓣成形术
35.1301 肺动脉瓣成形术
35.1401 三尖瓣成形术
35.1402 胸腔镜下三尖瓣成形术
35.2200x002 主动脉根部扩大伴主动脉瓣机械瓣膜置换术
35.2201 主动脉瓣机械瓣膜置换术
35.2301 二尖瓣生物瓣膜置换术
35.2401 二尖瓣机械瓣膜置换术",12.15,117047.92,,,14
685,FE11,大血管复杂手术，伴严重合并症或并发症,"I35.100 主动脉瓣关闭不全
I35.808 主动脉瓣脱垂
I71.000x011 主动脉夹层A型
I71.201 升主动脉瘤","38.4500x010 全主动脉弓人工血管置换术
38.4503 主动脉瓣和升主动脉置换和冠脉移植术（Bentall手术）
38.4504 全主动脉弓人工血管置换并支架象鼻手术（Sun's手术）",19.72,189980.94,,,18
686,FL11,经皮瓣膜植入或修复术，伴严重合并症或并发症,"I34.001 二尖瓣反流
I35.000 主动脉瓣狭窄
I35.100 主动脉瓣关闭不全
I35.200 主动脉瓣狭窄伴有关闭不全
I37.100 肺动脉瓣关闭不全
Q22.100 先天性肺动脉瓣狭窄","35.0501 经导管主动脉瓣植入术
35.0502 经导管主动脉瓣置换术
35.0701 经导管肺动脉瓣植入术
35.9601 经导管肺动脉瓣球囊扩张成形术
35.9700x003 经皮二尖瓣钳夹术(Mitra Clip)",29.72,286209.2,,,13
687,JA21,乳房恶性肿瘤根治性切除术，伴严重合并症或并发症,"C50.000x001 乳头恶性肿瘤
C50.100 乳房中央部恶性肿瘤
C50.200 乳房上内象限恶性肿瘤
C50.300 乳房下内象限恶性肿瘤
C50.400 乳房上外象限恶性肿瘤
C50.500 乳房下外象限恶性肿瘤
C50.800 乳房交搭跨越恶性肿瘤的损害
C50.801 乳腺恶性肿瘤，上部
C50.802 乳腺恶性肿瘤，下部
C50.803 乳腺恶性肿瘤，内侧
C50.804 乳腺恶性肿瘤，外侧
C50.900 乳房恶性肿瘤
D05.100 乳房导管原位癌
D05.900 乳房的原位癌","85.2100x003 乳房病损切除术
85.2100x019 乳房腺体区段切除术
85.2100x020 腔镜下乳房病损切除术
85.2100x023 腔镜下乳房腺体区段切除术
85.2300x001 乳腺局部扩大切除术
85.2301 乳腺部分切除术
85.3400x002 单侧皮下乳房切除术
85.3401 保留乳头的单侧皮下乳房切除术
85.4100x001 单侧乳房切除术
85.4300x003 单侧乳房切除伴同侧腋窝淋巴结活检术
85.4300x004 腔镜下单侧乳房改良根治术
85.4301 单侧乳腺改良根治术
85.4302 单侧保乳乳腺改良根治术
85.4500 单侧根治性乳房切除术
85.4500x001 单侧乳房根治性切除伴同侧腋窝前哨淋巴结活检术",2.2,21201.2,,,12
688,LB11,肾脏结石手术，伴严重合并症或并发症,"N13.601 肾结石伴有积水和感染
N13.603 肾输尿管结石伴有积水和感染
N20.000 肾结石","55.0402 经皮肾镜碎石术（PCNL）
55.0404 经皮肾镜激光碎石术
55.1109 腹腔镜下肾盂切开取石术",2.56,24702.26,,,13
689,NG19,辅助生殖技术,"N97.100x001 输卵管阻塞性不孕
N97.900 女性不孕症
N97.901 女性原发性不育
N97.902 女性继发性不育","54.2100 腹腔镜检查
68.1200x001 宫腔镜检查
69.0902 宫腔镜诊断性刮宫术",1.19,11424.92,,,3
690,PS19,极度发育不全（出生体重＜1500g）,"J15.902 社区获得性肺炎，非重症
J15.903 社区获得性肺炎，重症
P07.300x001 早产儿
P23.900 先天性肺炎
S06.202 脑挫伤","89.1400 脑电图
89.1900x001 视频脑电图监测
99.0301 输血",0.87,8348.13,,,10
691,RL21,恶性及增生性疾病放射治疗（近距离照射），伴严重合并症或并发症,"Z51.002 恶性肿瘤术后放射治疗
Z51.003 恶性肿瘤放射治疗
Z51.806 肿瘤术后同位素治疗
Z51.811 肿瘤同位素治疗","92.2800 放射性核素注射或滴入
92.2900x001 放射治疗",2.64,25385.95,,,15
692,SV11,细菌性疾病，伴严重合并症或并发症,"A23.800 布氏菌病，其他的
A49.001 葡萄球菌感染性菌血症
A49.002 耐甲氧西林金黄色葡萄球菌感染
A49.300 支原体感染
A49.801 大肠杆菌感染
A49.815 肺炎克雷伯杆菌感染
A49.900 细菌性感染
A49.901 菌血症","/
03.3101 腰椎穿刺术
33.2400x002 支气管镜下诊断性支气管肺泡灌洗[BAL]
33.2600x002 经皮针吸肺活检
97.6205 膀胱镜输尿管支架取出术",1.36,13117.27,,,13
693,TR29,偏执及急性精神病,"F22.000 妄想性障碍
F23.900 急性而短暂的精神病性障碍","/
03.3101 腰椎穿刺术",1.46,14067.5,,,22
694,TU19,儿童期精神发育障碍,F98.900 通常在童年和青少年期发病的行为和情绪障碍,/,1.4,13459.66,,,34
695,CJ19,其他眼部手术,"H02.502 睑缘粘连
H04.401 慢性泪囊炎
S05.500x001 眼内异物
T15.000 角膜异物","08.5200 睑缝合术
09.8100 泪囊鼻腔吻合术[DCR]
16.1x00x001 眼内异物取出术",0.74,7087.62,,,3
696,FD19,先天性心脏病复杂手术,"D15.101 心房良性肿瘤
I48.900x004 心房颤动[心房纤颤]","37.3300x014 心房肿瘤切除术
37.3600x007 左心耳结扎术",7.91,76223.65,,,14
697,FD21,先天性心脏病常规手术，伴严重合并症或并发症,"I34.102 二尖瓣后叶脱垂
I48.900x004 心房颤动[心房纤颤]
Q21.000 室间隔缺损
Q21.100 房间隔缺损
Q21.102 房间隔缺损(继发孔型)","35.4200x008 房间隔穿刺术
35.5100x001 房间隔缺损人造补片修补术
35.6201 室间隔缺损组织补片修补术
35.7100x009 房间隔缺损修补术
35.7200x001 室间隔缺损修补术
37.3600x008 胸腔镜下左心耳结扎术",6.78,65297.99,,,13
698,GC15,食管其他手术，不伴严重合并症或并发症,"C15.100x002 食管胸上段恶性肿瘤
C15.100x003 食管胸中段恶性肿瘤
C15.300 食管上三分之一的恶性肿瘤
C15.802 食管中下段恶性肿瘤
C15.900 食管恶性肿瘤
D13.000 食管良性肿瘤
K22.205 食管狭窄
K22.208 手术后食管狭窄
K22.805 食管囊肿","42.3200x006 胸腔镜食管病损切除术
42.8100 食管置入永久性管",2.86,27525.3,,,12
699,IE43,小关节手术，伴一般合并症或并发症,"M10.900x093 痛风石
M21.600x072 后天性踝变形
M71.309 足滑膜囊肿
M86.914 足部骨髓炎
M86.915 趾骨骨髓炎
Q69.900x002 多趾
S92.300x003 跖骨基底骨折
S93.101 趾关节脱位
S93.300x031 跗跖关节骨折脱位[Lisfranc骨折脱位]","79.7801 跖关节脱位闭合复位术
79.7802 趾关节脱位闭合性复位术
79.8803 跖跗关节脱位切开复位术
80.8801 趾关节病损切除术
81.1700x003 趾关节融合术
84.1101 趾关节离断术
84.1102 多趾截除术",1.89,18231.71,,,10
700,IE61,手外科手术，伴严重合并症或并发症,"D16.102 掌骨良性肿瘤
D21.102 手结缔组织良性肿瘤
D48.018 上肢骨动态未定肿瘤
M18.900x002 双侧腕关节骨性关节病
M19.900x093 指骨关节病
M71.303 腕关节滑膜囊肿
M72.604 手坏死性筋膜炎
M86.900 骨髓炎
M86.907 手指骨髓炎
M86.908 掌骨骨髓炎
Q69.100 副拇指
Q78.400 内生软骨瘤病
S62.000x001 腕舟骨骨折
S62.200 第一掌骨骨折
S62.200x011 第一掌骨基底骨折
S62.300x011 掌骨基底骨折
S62.300x021 掌骨干骨折
S62.300x031 掌骨颈骨折
S62.301 掌骨骨折
S62.311 开放性掌骨骨折
S62.500 拇指骨折
S62.500x011 拇指近节骨折
S62.500x021 拇指远节骨折
S62.510 开放性拇指骨折
S62.600x011 指骨近节骨折
S62.600x021 指骨中节骨折
S62.600x031 指骨远节骨折
S62.611 开放性指骨骨折
S62.700 手指多处骨折
S62.710 开放性多发性指骨骨折
S63.000x083 腕舟骨月骨周围脱位
S63.100x001 指间关节脱位
S63.500x101 腕关节三角纤维软骨损伤
S68.000x002 拇指不全切断
S68.100x001 单指不全切断
Z47.001 取除骨折内固定装置","77.1902 指骨切开引流术
77.2400x002 掌骨截骨术
77.6402 掌骨病损切除术
77.6902 指骨病损切除术
78.5400x012 腕关节镜下舟骨骨折固定术
78.5402 掌骨内固定术
78.5900x031 指骨钢针内固定术
79.0302 掌骨骨折闭合性复位术
79.1300x004 掌骨骨折闭合复位钢针内固定术
79.1400x002 指骨骨折闭合复位钢针内固定术
79.1400x004 指骨骨折闭合复位髓内针内固定术
79.3300x005 掌骨骨折切开复位钢板内固定术
79.3300x008 掌骨骨折切开复位钢针内固定术
79.3301 腕骨骨折切开复位内固定术
79.3302 掌骨骨折切开复位内固定术
79.3400x002 指骨骨折切开复位螺钉内固定术
79.3400x003 指骨骨折切开复位髓内针内固定术
79.3400x004 指骨骨折切开复位钢针内固定术
79.3400x005 指骨骨折切开复位钢板内固定术
79.3400x006 指关节骨折切开复位内固定术(腕掌关节、掌指关节、指间关节)
79.3401 指骨骨折切开复位内固定术
79.6400 手指开放性骨折部位的清创术
79.7402 指关节脱位闭合复位术
79.8300x001 腕关节脱位切开复位内固定术
79.8401 指关节脱位切开复位术
80.7301 关节镜腕关节滑膜切除术
80.8301 腕关节病损切除术
80.8302 关节镜腕关节病损切除术
80.8402 关节镜指关节病损切除术
81.2801 指间关节固定术
81.7200x006 指关节软骨重建术
81.7500x003 腕关节镜下TFCC成形术
81.7500x004 腕关节镜下TFCC修补术
82.0901 手部软组织切开术
84.0100x001 多指截指术
84.0102 手指截断术，拇指除外
84.2201 手指断指再植术",1.41,13535.47,,,9
701,KC11,垂体手术，伴严重合并症或并发症,"D35.200 垂体良性肿瘤
D35.200x004 垂体无功能良性肿瘤
D35.200x010 垂体瘤
E23.607 垂体囊肿
E23.608 拉特克囊肿",07.6200x007 神经内镜下经鼻腔-蝶窦垂体病损切除术,5.64,54358.31,,,19
702,OC15,阴道助产手术，不伴严重合并症或并发症,"O36.301 慢性混合型胎儿宫内窘迫
O42.100x011 足月胎膜早破(在1-7天内产程开始)
O63.100 第二期(产程)延长
O64.501 复合先露难产
O66.901 难产
O68.003 急性胎心型胎儿宫内窘迫
O72.100 即刻产后出血，其他的
O80.000 头位顺产
O99.215 妊娠合并甲状腺功能减退","72.0x00 低位产钳手术
72.1x00 低位产钳手术伴外阴切开术
72.6x00 头后出产钳助产
73.5900x001 臀助产术
73.9900 其他助产手术",0.69,6645.53,,,4
703,OD11,与妊娠相关的子宫及附件手术，伴严重合并症或并发症,"O00.807 子宫瘢痕处妊娠
O00.809 子宫角妊娠
O01.901 妊娠滋养细胞病
O03.400x001 不完全自然流产
O04.101 不完全性医疗性流产并发过度出血
O04.400 不完全性医疗性流产，无并发症
O04.401 不完全性药物流产
O04.901 中期人工流产
O08.004 流产后盆腔感染
O08.100x002 流产后出血
O08.600x005 异位妊娠后子宫破裂
O34.100x001 妊娠合并子宫肌瘤
O72.101 产后即时出血
O72.201 胎膜滞留伴出血
O72.202 延迟性产后出血
O73.000 胎盘滞留不伴有出血
O73.101 胎膜滞留不伴出血
O73.102 胎盘部分滞留不伴出血
O90.801 产后子宫复旧不良","68.2500x001 子宫动脉栓塞术
68.2901 子宫肌瘤切除术
68.2912 腹腔镜子宫病损切除术
68.2913 宫腔镜子宫病损电切术
68.2915 宫腔镜子宫内膜病损切除术
68.2917 宫腔镜子宫病损切除术
68.4901 经腹全子宫切除术
69.4903 腹腔镜子宫修补术
74.9100 子宫切开终止妊娠",1.73,16634.7,,,6
704,OF21,早期流产手术操作，伴严重合并症或并发症,"O02.000x001 胎停育
O02.100 稽留流产
O03.101 不完全性自然流产并发过度出血
O03.400x001 不完全自然流产
O03.900x002 自然流产
O03.901 难免性流产
O04.101 不完全性医疗性流产并发过度出血
O04.400 不完全性医疗性流产，无并发症
O04.401 不完全性药物流产
O04.402 早期不完全性医疗性流产
O04.905 早期人工流产","69.0101 终止妊娠刮宫术
69.0200x003 流产后刮宫术
69.0201 人工流产后刮宫术
69.5101 负压吸引人工流产术
69.5102 超声引导下负压吸引人工流产术
69.5103 宫腔镜电吸人流术
69.5202 流产后电吸刮宫术
69.5901 电吸刮宫术",0.38,3696.63,,,3
705,OS21,流产相关疾病，伴严重合并症或并发症,"O01.001 完全性葡萄胎
O01.101 部分性葡萄胎
O02.100 稽留流产
O03.400x001 不完全自然流产
O03.900x002 自然流产
O03.901 难免性流产
O04.101 不完全性医疗性流产并发过度出血
O04.400 不完全性医疗性流产，无并发症
O04.401 不完全性药物流产
O04.402 早期不完全性医疗性流产
O04.901 中期人工流产
O04.905 早期人工流产
O07.402 药物流产失败
O08.000x006 流产后脓毒症
O08.004 流产后盆腔感染
O08.100x002 流产后出血
O08.602 人工流产后子宫穿孔
O08.803 流产后宫腔粘连","/
03.9101 椎管内置管止痛术
68.1200x001 宫腔镜检查
69.0901 诊断性刮宫术
69.0902 宫腔镜诊断性刮宫术",0.46,4383.43,,,4
706,QJ11,非特指部位、组织、器官的良性肿瘤手术，伴严重合并症或并发症,"D18.100x002 腹膜后淋巴管瘤
D61.101 化疗后骨髓抑制
D64.903 重度贫血
D69.009 腹型过敏性紫癜
D70.x03 科斯特曼病
D73.100 脾功能亢进
D89.001 高球蛋白血症性紫癜
I88.900x005 颈淋巴结炎
I88.901 反应性淋巴结炎
R59.000x009 局部淋巴结肿大
R59.005 颈淋巴结肿大
R59.008 腋下淋巴结肿大
R59.100 全身性淋巴结增大
R59.100x002 淋巴结病
S36.002 创伤性脾破裂","39.7904 经导管脾动脉栓塞术
40.2300 腋淋巴结切除术
40.2400 腹股沟淋巴结切除术
40.2900x002 单纯淋巴结切除术
40.2900x021 颈淋巴结切除术
40.2900x030 上肢淋巴结切除术
40.2901 锁骨上淋巴结切除术
45.4200x003 纤维结肠镜下结肠息肉切除术
54.4x15 腹腔镜下腹膜后病损切除术
86.3x03 皮下组织病损切除术
99.2800x006 分子靶向治疗
99.2801 抗肿瘤免疫治疗",2.03,19504.73,,,13
707,SV13,细菌性疾病，伴一般合并症或并发症,"A23.800 布氏菌病，其他的
A49.001 葡萄球菌感染性菌血症
A49.002 耐甲氧西林金黄色葡萄球菌感染
A49.300 支原体感染
A49.801 大肠杆菌感染
A49.815 肺炎克雷伯杆菌感染
A49.900 细菌性感染
A49.901 菌血症","/
03.3101 腰椎穿刺术
33.2400x002 支气管镜下诊断性支气管肺泡灌洗[BAL]
33.2600x002 经皮针吸肺活检
97.6205 膀胱镜输尿管支架取出术",0.8,7719.85,,,9
708,VZ13,其他损伤、中毒及毒性反应疾病，伴一般合并症或并发症,"T67.000x001 热射病
T67.200 中暑痉挛
T67.901 中暑
T70.201 高原性肺水肿
T71.x00 外因性窒息
T75.100x001 溺水
T75.400x001 电击伤","/
17.912A0 电针治疗
38.9100 动脉导管插入术
89.1900x001 视频脑电图监测
93.3500x004 热疗",0.53,5152.19,,,5
709,VZ15,其他损伤、中毒及毒性反应疾病，不伴合并症或并发症,"T67.000x001 热射病
T67.200 中暑痉挛
T67.901 中暑
T70.201 高原性肺水肿
T71.x00 外因性窒息
T75.100x001 溺水
T75.400x001 电击伤","/
17.912A0 电针治疗
38.9100 动脉导管插入术
89.1900x001 视频脑电图监测
93.3500x004 热疗",0.31,2955.29,,,3
710,XR21,神经、骨骼及肌肉康复，伴严重合并症或并发症,"R25.200x002 痉挛
T91.104 陈旧性腰椎骨折
T91.202 陈旧性骨盆骨折
T92.100x009 陈旧性锁骨骨折
T92.103 陈旧性肱骨骨折
T92.203 陈旧性手指骨折
T92.400x003 正中神经损伤后遗症
T92.500x006 伸肌腱断裂后遗症
T92.500x016 肩袖损伤后遗症
T92.800x002 陈旧性肩关节SLAP损伤
T93.101 陈旧性股骨骨折
T93.102 陈旧性股骨颈骨折
T93.104 陈旧性股骨粗隆间骨折
T93.200x001 陈旧性距骨骨折
T93.200x010 陈旧性跟骨骨折
T93.206 陈旧性踝关节骨折
T93.207 陈旧性踝骨骨折
T93.400x002 坐骨神经损伤后遗症
Z54.800x009 脑膜炎恢复期","/
03.3101 腰椎穿刺术
93.5403 肢体夹板固定术",1.49,14373.95,,,21
711,BB15,神经系统复合手术，不伴严重合并症或并发症,"I60.101 大脑中动脉瘤破裂伴蛛网膜下腔出血
I60.800x004 脑海绵状血管畸形伴蛛网膜下腔出血
I60.801 脑动静脉畸形破裂伴蛛网膜下腔出血
I65.201 颈内动脉狭窄
I67.103 后交通动脉瘤
I67.107 前交通动脉瘤","38.1200x003 颈动脉内膜剥脱术
38.6101 颅内血管畸形切除术
39.5104 后交通动脉瘤夹闭术
39.5107 前交通动脉瘤夹闭术
39.7503 经导管颅内动脉瘤裸弹簧圈栓塞术",8.68,83635.02,,,14
712,BS11,非创伤性意识障碍，伴严重合并症或并发症,"G93.500x001 枕骨大孔疝[小脑扁桃体疝]
G93.501 脑疝
G93.600 脑水肿
G93.600x005 脑积水性脑水肿[间质性脑水肿]
R40.200 昏迷
R40.200x002 一过性意识丧失
R40.200x005 意识模糊
R40.201 意识丧失","/
38.9100 动脉导管插入术",1,9636.5,,,9
713,BW15,神经系统先天性疾病，不伴合并症或并发症,"Q04.604 先天性蛛网膜囊肿
Q06.801 先天性脊髓栓系综合征
Q28.100 入脑前血管的其他畸形
Q28.300x001 脑血管畸形
Q28.300x005 基底动脉畸形",/,0.48,4615.44,,,5
714,DH45,颅面骨其他手术，不伴合并症或并发症,K09.204 上颌骨囊肿,76.2x02 上颌骨病损切除术,1.14,10980.44,,,4
715,DW15,口腔、牙齿有关疾病，不伴合并症或并发症,"B37.001 口腔念珠菌感染
K04.401 急性根尖周炎
K04.500 慢性根尖牙周炎
K05.101 化脓性牙龈炎
K05.204 急性冠周炎
K06.804 牙龈出血
K07.602 颞颌关节综合征
K12.002 口腔阿弗他溃疡
K12.107 溃疡性口炎
K12.112 口腔炎
K12.201 口腔脓肿
K12.202 颌下间隙感染
K12.303 放射性黏膜炎（口腔）（口咽）","/
29.1100x002 纤维鼻咽镜检查
31.4200x003 纤维喉镜检查",0.23,2192.98,,,5
716,FE29,大血管常规手术,"I74.001 腹主动脉栓塞
I74.002 腹主动脉血栓形成","38.0400x001 腹主动脉血栓切除术
38.0401 主动脉取栓术",7.02,67591,,,14
717,GB15,食管大手术，不伴合并症或并发症,"C15.100x004 食管胸下段恶性肿瘤
C15.400 食管中三分之一的恶性肿瘤
C15.500 食管下三分之一的恶性肿瘤
C15.801 食管中上段恶性肿瘤
C15.802 食管中下段恶性肿瘤
C16.000 贲门恶性肿瘤
C16.001 食管贲门连接处恶性肿瘤
C16.002 食管胃连接处恶性肿瘤
C16.100 胃底恶性肿瘤
C16.200 胃体恶性肿瘤
C16.301 胃窦恶性肿瘤
C16.500 胃小弯恶性肿瘤
C16.600 胃大弯恶性肿瘤
C16.801 贲门胃底恶性肿瘤
C16.802 贲门胃体恶性肿瘤
C16.803 胃窦胃体恶性肿瘤
C16.804 胃底胃体恶性肿瘤
D37.702 食管肿瘤","42.4100 部分食管切除术
42.4101 胸腹联合切口食管部分切除术
42.4102 颈胸腹三切口食管部分切除术
42.4104 胸腔镜颈腹切口食管部分切除术
43.5x03 腹腔镜下胃大部切除伴食管-胃吻合术
43.9905 腹腔镜辅助全胃切除伴食管-空肠吻合术",7.23,69608.41,,,17
718,HL21,肝胆胰系统的诊断性操作，伴严重合并症或并发症,"C24.000x007 肝门胆管恶性肿瘤
C24.002 胆管恶性肿瘤
C25.000 胰头恶性肿瘤
K80.302 胆总管结石伴胆管炎
K80.501 胆总管结石
K83.109 梗阻性黄疸
K86.901 胰腺肿物",51.1000 内镜逆行胰胆管造影[ERCP],3.1,29853.9,,,14
719,IG13,周围神经手术，伴合并症或并发症,"D36.715 下肢良性肿瘤
M47.802 混合型颈椎病
M54.300 坐骨神经痛
M79.209 神经病理性疼痛
S61.901 开放性手部损伤
S86.200x002 小腿前部肌群肌腱损伤","04.0421 指神经探查术
04.0425 腓总神经探查术
04.0721 腓总神经病损切除术
04.2x05 脊髓神经根射频消融术
04.4900x042 周围神经松解术",1.14,11016.68,,,11
720,JC15,颜面及其他皮肤、皮下组织成形术，不伴合并症或并发症,"L72.000 表皮囊肿
L72.902 面部囊肿
L82.x00 脂溢性角化病
R22.005 面部肿物","08.2001 眉部病损切除术
27.9900x005 面部病损切除术",0.37,3607.82,,,2
721,JJ11,皮肤、皮下组织的其他手术，伴严重合并症或并发症,"C43.600x002 手指恶性黑色素瘤
C43.702 大腿恶性黑色素瘤
C43.707 足部恶性黑色素瘤
C44.500 躯干皮肤恶性肿瘤
C44.504 背部皮肤恶性肿瘤
C44.506 臀部皮肤恶性肿瘤
C44.606 手皮肤恶性肿瘤
C44.700 下肢(包括髋)皮肤恶性肿瘤
C50.900 乳房恶性肿瘤
D04.600x001 上肢皮肤原位癌
D17.000x004 肩部脂肪瘤
D17.100x001 躯干脂肪瘤
D17.100x003 胸壁脂肪瘤
D17.200x001 肢体脂肪瘤
D17.200x002 上肢脂肪瘤
D17.200x003 手脂肪瘤
D17.200x004 下肢脂肪瘤
D17.200x005 足脂肪瘤
D17.300x005 皮下脂肪瘤
D17.500x011 腹壁脂肪瘤
D17.900x001 多发性脂肪瘤
D18.000x018 肢端血管瘤
D18.000x847 臀血管瘤
D18.000x849 腋下血管瘤
D18.000x850 背血管瘤
D18.005 躯干部血管瘤
D18.006 肢体血管瘤
D22.500 躯干黑素细胞痣
D22.502 背黑素细胞痣
D22.508 肛周黑素细胞痣
D22.511 臀黑素细胞痣
D22.600 上肢(包括肩)黑素细胞痣
D22.700 下肢(包括髋)黑素细胞痣
D22.701 足黑素细胞痣
D23.500 躯干皮肤良性肿瘤
D23.500x003 肛门皮肤良性肿瘤
D23.500x006 胸部皮肤良性肿瘤
D23.501 背部皮肤良性肿瘤
D23.503 肛周皮肤良性肿瘤
D23.504 腹壁良性肿瘤
D23.600x001 上肢皮肤良性肿瘤
D23.700x001 下肢皮肤良性肿瘤
D23.700x002 下肢端皮肤良性肿瘤
D36.700x009 腋窝良性肿瘤
D48.503 头颈部皮肤肿瘤
D48.505 躯干皮肤肿瘤
D48.515 上肢皮肤肿瘤
D48.517 下肢皮肤肿瘤
L02.200x010 胸壁脓肿
L02.300 臀部皮肤脓肿、疖和痈
L02.402 下肢皮肤脓肿、疖和痈
L02.902 皮肤脓肿
L05.000 藏毛囊肿伴有脓肿
L05.900 藏毛囊肿不伴有脓肿
L08.801 皮肤感染性窦道
L08.805 腹壁感染性窦道
L27.005 药物性皮炎
L30.901 泛发性湿疹
L57.000 光线性角化病
L72.000 表皮囊肿
L72.100 毛根鞘囊肿
L72.101 面部皮脂腺囊肿
L72.102 头颈皮脂腺囊肿
L72.103 躯干皮脂腺囊肿
L72.104 四肢皮脂腺囊肿
L72.105 皮脂腺囊肿
L72.106 会阴皮脂腺囊肿
L72.900x001 耳后囊肿
L72.900x002 皮下囊肿
L72.901 头颈部囊肿
L72.903 躯干囊肿
L72.904 腹股沟区皮肤囊肿
L72.905 四肢囊肿
L73.200 化脓性汗腺炎
L75.000 臭汗症
L81.405 雀斑痣
L82.x00 脂溢性角化病
L85.801 角化棘皮瘤
L85.803 皮角
L85.900x001 皮脂腺痣
L90.500x006 头皮瘢痕
L90.500x029 耳部瘢痕
L90.500x030 耳垂瘢痕
L90.500x031 上肢瘢痕
L90.500x048 手部瘢痕
L90.900 皮肤萎缩性疾患
L91.002 瘤样瘢痕
L91.801 皮肤赘生物
L92.200 面部肉芽肿[皮肤嗜酸细胞肉芽肿]
L94.200 皮肤钙质沉着症
L98.000 生脓性肉芽肿
L98.800x015 粟丘疹
L98.802 皮肤窦道
Q82.507 疣状表皮痣
R22.002 头皮肿物
R22.003 鼻部肿物
R22.005 面部肿物
R22.006 耳部肿物
R22.100x001 颈部肿物
R22.200x002 躯干肿物
R22.202 胸壁肿物
R22.203 腹壁肿物
R22.204 腹股沟肿物
R22.205 背部肿物
R22.206 骶尾部肿物
R22.207 臀部肿物
R22.300x002 手肿物
R22.302 肩部肿物
R22.400x002 下肢肿物
R22.400x003 足肿物
R22.902 皮下肿物
R22.903 皮肤肿物
S30.101 创伤性髂部血肿
S30.102 创伤性髂腰肌血肿
S30.700 腹部、下背和骨盆多处浅表损伤
S30.801 腹壁浅表异物
S31.001 创伤性会阴裂伤
S70.800x042 股部浅表异物
S80.800x042 膝部浅表异物
S80.901 膝部血肿
S90.800x043 足部浅表异物
T14.003 皮下血肿","18.2900x003 耳廓病损切除术
18.2900x009 外耳道病损切除术
18.2901 外耳病损切除术
20.5100x002 耳后病损切除术
21.3201 鼻部皮肤病损切除术
27.4301 唇病损切除术
34.4x01 胸壁病损切除术
38.6000x011 躯干部血管瘤切除术
38.6302 上肢血管病损切除术
49.0400x009 肛周病损切除术
54.0x00x021 腹膜外血肿清除术
54.0x03 腹壁异物取出术
54.3x00x004 腹壁窦道扩创术
54.3x00x027 脐病损切除术
54.3x01 腹壁病损切除术
54.3x03 腹股沟病损切除术
54.4x00x012 骶尾部病损切除术
54.4x00x047 腰骶病损切除术
71.0900x004 外阴血肿清除术
71.3x01 会阴病损切除术
71.7102 会阴裂伤缝合术
82.2900x001 手部软组织病损切除术
83.3900x017 软组织病损切除术
86.0100x002 皮肤和皮下组织脓肿抽吸术
86.0100x003 皮肤和皮下组织血肿抽吸术
86.0302 藏毛囊肿切开术
86.0502 皮肤和皮下组织异物切开取出术
86.0900x010 皮肤和皮下组织切开减压术
86.0902 皮肤窦道切开术
86.2102 藏毛窦切除术
86.3x02 皮肤病损切除术
86.3x03 皮下组织病损切除术
86.3x04 男性会阴病损切除术
86.3x05 腋嗅切除术
86.3x08 汗腺病损切除术
86.3x10x038 腋下汗腺切除术
86.3x13 颈部皮下组织病损切除术
86.3x14 皮肤色素痣切除术
86.3x15 皮肤及皮下血管瘤切除术
86.4x01 头.面.颈皮肤病损根治切除术
86.4x02 躯干皮肤病损根治性切除术
86.4x03 肢体皮肤病损根治切除术
86.8401 皮肤瘢痕松解术
86.9900 皮肤和皮下组织的其他手术",0.84,8067.14,,,8
722,JR21,皮肤、皮下组织的恶性肿瘤，伴严重合并症或并发症,"C43.504 腹股沟恶性黑色素瘤
C43.702 大腿恶性黑色素瘤
C43.707 足部恶性黑色素瘤
C44.502 胸部皮肤恶性肿瘤
C44.707 足皮肤恶性肿瘤
C44.900 皮肤恶性肿瘤","/
34.2300 胸壁活组织检查
40.1104 腹股沟淋巴结活组织检查
86.1100 皮肤和皮下组织的活组织检查",1.23,11873.04,,,10
723,JR25,皮肤、皮下组织的恶性肿瘤，不伴严重合并症或并发症,"C43.504 腹股沟恶性黑色素瘤
C43.702 大腿恶性黑色素瘤
C43.707 足部恶性黑色素瘤
C44.502 胸部皮肤恶性肿瘤
C44.707 足皮肤恶性肿瘤
C44.900 皮肤恶性肿瘤","/
34.2300 胸壁活组织检查
40.1104 腹股沟淋巴结活组织检查
86.1100 皮肤和皮下组织的活组织检查",0.7,6789.73,,,7
724,TT25,人格障碍，不伴严重合并症或并发症,"R46.200x002 行为异常
Z03.200 可疑精神和行为障碍的观察","/
03.3101 腰椎穿刺术",0.62,5993,,,5
725,AG39,自体骨髓／造血干细胞移植,"C84.700 间变性大细胞淋巴瘤，ALK阴性
Z51.400x001 自体外周血干细胞动员",41.0401 自体外周血干细胞移植术,11.01,106023.92,,,31
726,BV21,神经肌肉接头及肌肉病，伴严重合并症或并发症,"G70.000 重症肌无力
G70.002 重症肌无力，眼肌型
G70.005 重症肌无力，急性重症型
G70.901 肌无力综合征
G71.001 进行性肌营养不良
G71.301 线粒体脑肌病
G72.300 周期性瘫痪
G72.301 低钾型周期性麻痹
G72.404 症状性炎性肌病","/
03.3101 腰椎穿刺术
83.2100 软组织活组织检查",0.86,8328.08,,,9
727,CB40,"玻璃体、视网膜、脉络膜手术,年龄≤19岁","E10.300x053+H36.0* 1型糖尿病性牵拉性视网膜脱离
E11.300x024+H36.0* 2型糖尿病性增殖性前期出血性视网膜病
E11.300x031+H36.0* 2型糖尿病性增殖性视网膜病
E11.300x032+H36.0* 2型糖尿病性增殖性出血性视网膜病
E11.300x034+H36.0* 2型糖尿病性增殖性玻璃体出血性视网膜病
E11.300x036+H36.0* 2型糖尿病性增殖性视网膜牵引性视网膜病
E11.300x045+H36.0* 2型糖尿病性环状的黄斑病性视网膜病
E11.300x053+H36.0* 2型糖尿病性牵拉性视网膜脱离
E11.301+H36.0* 2型糖尿病性视网膜病变
E14.300x034+H36.0* 糖尿病性增殖性玻璃体出血性视网膜病
H20.900x004 葡萄膜炎[色素膜炎]
H21.500x003 虹膜根部离断
H27.100 晶状体脱位
H31.802 脉络膜新生血管
H33.000x005 巨大裂孔性视网膜脱离
H33.000x007 黄斑裂孔性视网膜脱离
H33.001 孔源性视网膜脱离
H33.200x004 渗出性视网膜脱离
H33.304 视网膜裂孔
H33.400 牵引性视网膜脱离
H33.500 视网膜脱离,其他的
H33.500x008 局限性视网膜脱离
H33.503 创伤性视网膜脱离
H34.801 视网膜分支静脉阻塞
H34.802 视网膜静脉阻塞
H34.803 视网膜中心性静脉阻塞
H35.002 视网膜静脉周围炎
H35.200 增生性视网膜病变，其他的
H35.300x011 湿性年龄相关性黄斑变性
H35.303 黄斑裂孔
H35.305 年龄相关性黄斑变性
H35.306 黄斑前膜
H35.800x005 急性视网膜坏死综合征
H35.804 黄斑囊样水肿
H40.500x002 继发性青光眼
H40.501 新生血管性青光眼
H43.100 玻璃体积血
H43.900 玻璃体疾患
H44.000x005 眼内炎
H59.800x009 玻璃体切除术后视网膜脱离
S05.102 创伤性前房积血
S05.200x003 外伤性玻璃体嵌顿
S05.204 角膜穿通伤伴玻璃体嵌顿
S05.500x001 眼内异物
Z48.801 取出眼内硅油","14.2402 视网膜病损激光凝固术
14.4100 巩膜环扎术伴有植入物
14.4900x001 巩膜环扎术
14.7100x001 前入路玻璃体切除术
14.7300x001 前入路玻璃体切割术
14.7401 后入路玻璃体切割术
14.7903 玻璃体药物注射术",1.16,11142.48,,,2
728,DJ11,头、颈、耳、鼻、咽、口其他手术，伴严重合并症或并发症,"A18.205 颈淋巴结结核
A18.805+K93.8* 颌下腺结核
C08.900 大涎腺恶性肿瘤
C44.300x005 颞部皮肤恶性肿瘤
C44.302 额部皮肤恶性肿瘤
C44.400x004 头皮恶性肿瘤
C77.002 颈部淋巴结继发恶性肿瘤
D04.300x002 面皮肤原位癌
D10.100 舌良性肿瘤
D10.200 口底良性肿瘤
D17.000x003 头部脂肪瘤
D17.001 面部脂肪瘤
D17.002 颈部脂肪瘤
D18.003 面部血管瘤
D18.102 颈部淋巴管瘤
D21.001 面部结缔组织良性肿瘤
D22.301 面部黑素细胞痣
D22.400x002 头皮黑色素痣
D23.301 面部皮肤良性肿瘤
D23.400x003 头皮良性肿瘤
D36.701 头部良性肿瘤
D36.703 颈部良性肿瘤
D48.702 头颈部肿瘤
K09.204 上颌骨囊肿
K09.801 腮腺淋巴上皮囊肿
K09.804 颏部皮样囊肿
K11.205 慢性颌下腺炎
K11.302 颌下腺脓肿
K11.605 颌下腺囊肿
K14.805 舌囊肿
K14.901 舌肿物
Q18.002 先天性鳃裂囊肿
Q38.500x005 悬雍垂过长
Q89.202 甲状舌管囊肿
R04.000 鼻出血
S00.003 头皮异物
S02.600 下颌骨骨折","06.7x01 甲状舌管病损切除术
21.0400 控制鼻出血，用筛动脉结扎术
24.4x01 颌骨上牙囊肿切除术
25.1x01 舌病损切除术
25.1x04 支撑喉镜下舌根部病损切除术
26.2904 颌下腺病损切除术
26.3100x009 腮腺浅叶切除术
26.3201 腮腺切除术
26.3203 颌下腺切除术
27.4900x007 口底病损切除术
27.4902 颌下区病损切除术
27.7901 悬雍垂病损切除术
27.9900x005 面部病损切除术
27.9902 颏下病损切除术
40.2900x021 颈淋巴结切除术
40.2910 淋巴管瘤切除术
86.2201 皮肤伤口切除性清创术
86.3x02 皮肤病损切除术
86.3x03 皮下组织病损切除术",1.01,9723.63,,,7
729,HC35,除胆囊切除术以外的胆道手术，不伴合并症或并发症,"C22.900 肝恶性肿瘤
C23.x00 胆囊恶性肿瘤
C24.000 肝外胆管恶性肿瘤
C24.000x007 肝门胆管恶性肿瘤
C24.002 胆管恶性肿瘤
C24.101 法特壶腹周围恶性肿瘤
C25.900 胰恶性肿瘤
C78.700 肝部和肝内胆管继发性恶性肿瘤
D37.605 胆管肿瘤
K76.901 肝肿物
K80.300x005 胆总管结石伴急性化脓性梗阻性胆管炎
K80.302 胆总管结石伴胆管炎
K80.303 肝胆管结石伴胆管炎
K80.304 胆总管结石伴急性胆管炎
K80.305 肝内胆管结石伴胆管炎
K82.303 胆囊十二指肠瘘
K83.001 急性胆管炎
K83.109 梗阻性黄疸
K83.501 胆管囊肿
K83.502 胆总管囊肿
K83.901 胆管肿物
K83.902 胆总管肿物
K86.901 胰腺肿物","51.0400x008 胆道镜下碎石取石术
51.3901 胆管空肠吻合术
51.3907 腹腔镜下胆管空肠吻合术
51.5900x001 超声引导下胆管穿刺引流术
51.6900x007 肝胆管病损切除术
51.6900x013 腹腔镜下胆管病损切除术
51.6901 胆管病损切除术
51.6902 胆管部分切除术
51.6904 肝管病损切除术
51.7910 腹腔镜下胆管修补术
51.9303 胆囊十二指肠瘘修补术",2.05,19718.05,,,7
730,ID23,除脊柱、骨盆以外的骨与软组织肿瘤手术，伴合并症或并发症,"C49.100x002 上肢软组织恶性肿瘤
C49.200x002 下肢软组织恶性肿瘤
C49.200x005 膝部结缔组织和软组织恶性肿瘤
C49.201 髋结缔组织和软组织恶性肿瘤
C79.500x001 骨继发恶性肿瘤
D16.201 股骨良性肿瘤
D16.202 胫骨良性肿瘤
D48.021 下肢骨肿瘤","77.6501 股骨病损切除术
77.6701 胫骨病损切除术
83.3900x017 软组织病损切除术
84.5501 骨空隙骨水泥填充术",2.25,21716.33,,,12
731,IE11,骨盆髋臼手术，伴严重合并症或并发症,"M85.600x052 坐骨结节囊肿
M85.600x053 髂骨骨囊肿
M85.602 躯干骨囊肿
S32.300 髂骨骨折
S32.400 髋臼骨折
S32.500x002 耻骨分支骨折
S32.701 多发性骨盆骨折","77.6900x025 髂骨病损切除术
77.6900x058 坐骨病损切除术
77.6901 骨盆病损切除术
78.1901 盆骨外固定术
78.4900x007 骨盆重建术
78.4901 骨盆成形术
79.1903 骨盆骨折闭合复位内固定术
79.3900x025 骨盆骨折切开复位螺钉内固定术
79.3900x037 髂骨骨折切开复位螺钉内固定术
79.3900x056 髂骨骨折切开复位内固定术
79.3900x057 耻骨骨折切开复位内固定术",3.98,38345.72,,,17
732,JD25,皮肤清创手术，不伴合并症或并发症,"L02.200x010 胸壁脓肿
L02.402 下肢皮肤脓肿、疖和痈
L08.904 下肢皮肤感染
R22.002 头皮肿物
S80.100x002 小腿血肿",86.2200x011 皮肤和皮下坏死组织切除清创术,0.76,7307.83,,,9
733,KU15,营养失调，不伴合并症或并发症,"E41.x01 重度营养不良伴消瘦
E43.x00x001 严重营养不良
E44.000 中度蛋白质-能量营养不良
E46.x00x003 营养不良
E61.100 铁缺乏","/
17.912A0 电针治疗
17.91330 悬灸治疗
38.9304 股静脉穿刺置管术
41.3100 骨髓活组织检查
45.1300x004 胃-十二指肠镜检查
57.9500 留置导尿管的置换术",0.5,4782.81,,,7
734,MJ13,其他男性生殖系统手术，伴合并症或并发症,"N49.001 精囊炎
N50.800x027 精囊结石",60.7200x002 经尿道精囊镜精囊碎石取石术,0.83,8009.33,,,7
735,OT13,异位妊娠，伴一般合并症或并发症,"O00.100 输卵管妊娠
O00.101 输卵管妊娠流产
O00.107 输卵管间质部妊娠
O00.803 宫颈妊娠
O00.807 子宫瘢痕处妊娠
O00.809 子宫角妊娠
O00.900 异位妊娠
O00.901 持续性异位妊娠","/
68.1200x001 宫腔镜检查
69.0901 诊断性刮宫术
69.0902 宫腔镜诊断性刮宫术
70.0x00x002 后穹窿穿刺引流术",0.54,5244.32,,,7
736,PR13,"新生儿呼吸窘迫综合征,伴合并症或并发症",P22.101 新生儿湿肺,"/
16.2100x001 眼底检查
89.1301 脑干听觉诱发电位
99.8301 新生儿蓝光治疗",0.89,8591.1,,,6
737,PS25,早产儿（出生体重1500-1999g），不伴严重合并症或并发症,"P07.101 低出生体重儿（1500-2499克）
P36.800x003 新生儿阴沟肠杆菌脓毒症","38.9200 脐静脉导管插入术
38.9301 经外周静脉穿刺中心静脉置管术
99.8301 新生儿蓝光治疗",1.33,12785.83,,,10
738,QB15,脾切除术，不伴合并症或并发症,"D18.000x044 脾血管瘤
D69.403 原发性血小板减少症
D73.100 脾功能亢进
D73.300 脾脓肿
D73.400 脾囊肿
D73.501 非创伤性脾破裂
D73.901 脾肿物
R16.100x001 脾大
S36.000 脾损伤
S36.002 创伤性脾破裂","41.4301 腹腔镜脾部分切除术
41.5x00 全脾切除术
41.5x01 腹腔镜全脾切除术",3.65,35167.62,,,9
739,QS31,重型再生障碍性贫血，伴严重合并症或并发症,D61.905 重度再生障碍性贫血,"/
41.3100 骨髓活组织检查
99.0401 红细胞输入",1.25,12022.71,,,8
740,RA39,骨髓增生性疾病或恶性增生性疾病等伴重大手术,"C76.300 盆腔恶性肿瘤
C76.305 骶尾部恶性肿瘤
C90.302 浆细胞瘤","45.6208 腹腔镜下小肠部分切除术
48.6901 经骶经肛门括约肌直肠病损切除术
54.9900x010 腹腔镜下盆腔病损切除术",4.36,41985.64,,,16
741,RT29,非特指良性肿瘤,D36.710 盆腔良性肿瘤,"54.2400x006 盆腔病损穿刺活检
54.9100x009 超声引导下盆腔穿刺术",0.68,6580.07,,,7
742,UQY,歧义组(MDCU),"F10.001 急性酒精中毒
F10.201 慢性酒精中毒","45.4302 内镜下结肠病损切除术
96.0400 气管内插管
96.7101 呼吸机治疗[小于96小时]",0,0,,,0
743,BB11,神经系统复合手术，伴严重合并症或并发症,"I60.101 大脑中动脉瘤破裂伴蛛网膜下腔出血
I60.800x004 脑海绵状血管畸形伴蛛网膜下腔出血
I60.801 脑动静脉畸形破裂伴蛛网膜下腔出血
I65.201 颈内动脉狭窄
I67.103 后交通动脉瘤
I67.107 前交通动脉瘤","38.1200x003 颈动脉内膜剥脱术
38.6101 颅内血管畸形切除术
39.5104 后交通动脉瘤夹闭术
39.5107 前交通动脉瘤夹闭术
39.7503 经导管颅内动脉瘤裸弹簧圈栓塞术",11.4,109796.47,,,21
744,BT25,细菌性脑、脊髓和脑膜炎，不伴合并症或并发症,"A17.803+G05.0* 结核性脑膜脑炎
G00.800 细菌性脑膜炎，其他的
G00.901 化脓性脑膜炎
G00.902 新生儿化脓性脑膜炎
G04.807 化脓性脑膜脑炎
G06.001 脑脓肿
G06.002 脑肉芽肿","/
03.3101 腰椎穿刺术",0.94,9091.67,,,9
745,CB20,"玻璃体、视网膜、脉络膜联合晶状体手术,年龄≤19岁","E11.300x031+H36.0* 2型糖尿病性增殖性视网膜病
E11.300x034+H36.0* 2型糖尿病性增殖性玻璃体出血性视网膜病
E11.300x047+H36.0* 2型糖尿病性视网膜增厚性视网膜病
E11.300x053+H36.0* 2型糖尿病性牵拉性视网膜脱离
E11.301+H36.0* 2型糖尿病性视网膜病变
H25.900 老年性白内障
H26.100 外伤性白内障
H26.200 并发性白内障
H27.000 无晶状体
H27.100 晶状体脱位
H33.000x006 脉络膜脱离型视网膜脱离
H33.000x007 黄斑裂孔性视网膜脱离
H33.001 孔源性视网膜脱离
H33.200x004 渗出性视网膜脱离
H33.500 视网膜脱离,其他的
H34.100 视网膜中央动脉阻塞
H34.801 视网膜分支静脉阻塞
H34.802 视网膜静脉阻塞
H35.300x011 湿性年龄相关性黄斑变性
H35.303 黄斑裂孔
H35.306 黄斑前膜
H40.501 新生血管性青光眼
H43.001 玻璃体疝
H43.100 玻璃体积血
H43.900 玻璃体疾患
H44.000x005 眼内炎
H59.800x009 玻璃体切除术后视网膜脱离
H59.800x013 玻璃体内晶状体皮质残留
S05.200x003 外伤性玻璃体嵌顿
S05.204 角膜穿通伤伴玻璃体嵌顿
S05.500x001 眼内异物
S05.806 创伤性晶状体脱位
T15.800x001 眼球异物
T85.202 人工晶体移位
Z48.801 取出眼内硅油","12.6400x003 滤帘切除术[小梁切除术]
13.4100x001 白内障超声乳化抽吸术
14.2402 视网膜病损激光凝固术
14.7100x001 前入路玻璃体切除术
14.7300x001 前入路玻璃体切割术
14.7401 后入路玻璃体切割术
14.7903 玻璃体药物注射术",1.43,13776.09,,,1
746,DB19,鼻颅底或鼻眼复杂手术,"C11.900 鼻咽恶性肿瘤
J39.224 鼻咽部病变",29.3900x001 鼻咽病损切除术,1.14,10987.46,,,5
747,EC29,纵隔、气管、胸壁其他手术,"J98.507 纵隔肿物
S27.200 创伤性血气胸","34.3x01 经皮纵隔病损射频消融术
34.7101 胸壁清创缝合术",2.98,28698.31,,,13
748,EK15,有创呼吸机治疗小于96小时，不伴严重合并症或并发症,"J15.600x005 鲍曼不动杆菌性肺炎
J15.903 社区获得性肺炎，重症
J44.000 慢性阻塞性肺病伴有急性下呼吸道感染
J96.900x001 呼吸衰竭
J96.900x003 Ⅱ型呼吸衰竭
T17.400 气管内异物
T17.900 呼吸道内异物
T17.901 异物吸入性窒息",96.7101 呼吸机治疗[小于96小时],1.62,15558.84,,,8
749,FC15,冠状动脉手术，不伴合并症或并发症,"I20.000 不稳定型心绞痛
I21.401 急性非ST段抬高型心肌梗死
I25.103 冠状动脉粥样硬化性心脏病
Q24.507 先天性冠状动脉肺动脉瘘","36.1200 二根冠状动脉的(主动脉)冠状动脉旁路移植
36.1300 三根冠状动脉的(主动脉)冠状动脉旁路移植
36.1400 四根或以上冠状动脉的(主动脉)冠状动脉旁路移植
36.9901 冠状动脉肺动脉瘘封堵术",7.63,73467.34,,,12
750,FP11,心力衰竭、休克伴操作性治疗，伴严重合并症或并发症,I50.907 急性心力衰竭,"39.9500x007 连续性肾脏替代治疗[CRRT]
96.7101 呼吸机治疗[小于96小时]",2.35,22639.31,,,7
751,FP15,心力衰竭、休克伴操作性治疗，不伴严重合并症或并发症,I50.907 急性心力衰竭,"39.9500x007 连续性肾脏替代治疗[CRRT]
96.7101 呼吸机治疗[小于96小时]",2.1,20267.36,,,5
752,IC15,髋、肩、膝、肘和踝关节假体翻修/修正手术，不伴合并症或并发症,"M00.900x051 感染性髋关节炎
M96.600x001 假体周围骨折
M96.600x002 股骨假体周围骨折
T84.000x005 人工髋关节置换术后髋臼松动
T84.000x008 人工膝关节置换术后假体松动
T84.002 髋关节假体松动
T84.004 膝关节假体障碍
T84.502 膝关节假体植入感染
T84.807 膝关节置换术后疼痛","00.7000x001 全髋关节假体翻修术
00.7100x001 髋关节髋臼假体翻修术
00.7200x001 髋关节股骨假体翻修术
00.7300x002 髋关节髋臼衬垫翻修术
00.8000x001 全膝关节假体翻修术
00.8100x001 膝关节胫骨假体翻修术
00.8201 膝关节置换修复术，股骨成分伴胫骨（衬垫）置入
00.8400x001 膝关节胫骨衬垫翻修术",6,57768.6,,,14
753,ID19,脊柱、骨盆的骨与软组织肿瘤手术,C79.500x006 椎体继发恶性肿瘤,84.5501 骨空隙骨水泥填充术,3.85,37092.85,,,12
754,IG15,周围神经手术，不伴合并症或并发症,"D36.715 下肢良性肿瘤
M47.802 混合型颈椎病
M54.300 坐骨神经痛
M79.209 神经病理性疼痛
S61.901 开放性手部损伤
S86.200x002 小腿前部肌群肌腱损伤","04.0421 指神经探查术
04.0425 腓总神经探查术
04.0721 腓总神经病损切除术
04.2x05 脊髓神经根射频消融术
04.4900x042 周围神经松解术",0.95,9154.48,,,11
755,IT35,感染性关节炎，不伴合并症或并发症,"A23.902+M01.3* 布氏菌病关节炎
M00.002 葡萄球菌性肘关节炎
M00.005 葡萄球菌性膝关节炎
M00.200x001 链球菌性多关节炎
M00.900 化脓性关节炎
M00.900x031 感染性腕关节炎
M00.900x051 感染性髋关节炎
M00.900x061 感染性膝关节炎
M00.901 感染性关节炎","/
04.8101 周围神经阻滞术
54.9103 髂窝穿刺引流术
86.0400x011 皮肤和皮下组织切开引流术",0.48,4637.73,,,9
756,JD11,皮肤移植手术，伴严重合并症或并发症,"C44.606 手皮肤恶性肿瘤
D18.000x018 肢端血管瘤
L02.402 下肢皮肤脓肿、疖和痈
L05.000 藏毛囊肿伴有脓肿
L05.900 藏毛囊肿不伴有脓肿
L89.201 骶尾区Ⅲ期压疮
L89.301 骶尾区Ⅳ期压疮
L90.502 瘢痕挛缩
L91.002 瘤样瘢痕
N64.900 乳房疾患
R22.202 胸壁肿物
R22.300x001 上肢肿物
R22.300x002 手肿物
R22.400x003 足肿物
S50.000 肘挫伤
S80.100x002 小腿血肿","86.6906 下肢植皮术
86.700x0014 皮瓣转移术
86.7300x003 手带蒂皮瓣移植术
86.7500x001 带蒂皮瓣修整术
86.7500x011 邻近皮瓣修复术
86.7503 皮瓣修整术",2.59,24900.56,,,24
757,JD13,皮肤移植手术，伴一般合并症或并发症,"C44.606 手皮肤恶性肿瘤
D18.000x018 肢端血管瘤
L02.402 下肢皮肤脓肿、疖和痈
L05.000 藏毛囊肿伴有脓肿
L05.900 藏毛囊肿不伴有脓肿
L89.201 骶尾区Ⅲ期压疮
L89.301 骶尾区Ⅳ期压疮
L90.502 瘢痕挛缩
L91.002 瘤样瘢痕
N64.900 乳房疾患
R22.202 胸壁肿物
R22.300x001 上肢肿物
R22.300x002 手肿物
R22.400x003 足肿物
S50.000 肘挫伤
S80.100x002 小腿血肿","86.6906 下肢植皮术
86.700x0014 皮瓣转移术
86.7300x003 手带蒂皮瓣移植术
86.7500x001 带蒂皮瓣修整术
86.7500x011 邻近皮瓣修复术
86.7503 皮瓣修整术",1.81,17461.69,,,17
758,JD23,皮肤清创手术，伴一般合并症或并发症,"L02.200x010 胸壁脓肿
L02.402 下肢皮肤脓肿、疖和痈
L08.904 下肢皮肤感染
R22.002 头皮肿物
S80.100x002 小腿血肿",86.2200x011 皮肤和皮下坏死组织切除清创术,1.25,12018.89,,,14
759,KD21,甲状旁腺、甲状舌管及甲状腺其他手术，伴严重合并症或并发症,"C73.x00 甲状腺恶性肿瘤
C75.000 甲状旁腺恶性肿瘤
D35.100 甲状旁腺良性肿瘤
E04.101 甲状腺结节
E04.902 结节性甲状腺肿
E07.901 甲状腺肿物
E21.100x001 继发性甲状旁腺功能亢进","06.3100 甲状腺病损切除术
06.8100 甲状旁腺全部切除术
06.8902 甲状旁腺部分切除术
06.8903 甲状旁腺病损切除术
06.8904 腔镜下甲状旁腺病损切除术",2.55,24581.95,,,12
760,PS21,早产儿（出生体重1500-1999g），伴严重合并症或并发症,"P07.101 低出生体重儿（1500-2499克）
P36.800x003 新生儿阴沟肠杆菌脓毒症","38.9200 脐静脉导管插入术
38.9301 经外周静脉穿刺中心静脉置管术
99.8301 新生儿蓝光治疗",1.68,16148.6,,,12
761,RA11,淋巴瘤、白血病等伴重大手术，伴严重合并症或并发症,"C77.300x001 腋窝淋巴结继发恶性肿瘤
C77.301 腋下淋巴结继发恶性肿瘤
C79.811 盆腔继发恶性肿瘤
C83.300 弥漫性大B细胞淋巴瘤
C84.400x001 成熟T细胞淋巴瘤
C92.000 急性髓细胞白血病
C92.501 急性髓细胞白血病，M4型
D46.900 骨髓增生异常综合征","03.9202 脊髓鞘内注射
40.5100 腋下淋巴结根治性切除术
41.5x00 全脾切除术
45.6201 小肠部分切除术
45.6208 腹腔镜下小肠部分切除术
54.4x00x035 盆腔病损切除术",6.28,60502.35,,,23
762,SS11,手术后及创伤后感染，伴严重合并症或并发症,"T79.300x001 创伤后伤口感染
T81.400x001 操作后伤口感染
T81.400x004 手术后切口脂肪液化
T81.405 手术后膝关节感染
T81.406 手术后切口感染
T82.700x002 起搏器周围组织感染","/
86.0400x011 皮肤和皮下组织切开引流术",0.89,8549.65,,,12
763,SV15,细菌性疾病，不伴合并症或并发症,"A23.800 布氏菌病，其他的
A49.001 葡萄球菌感染性菌血症
A49.002 耐甲氧西林金黄色葡萄球菌感染
A49.300 支原体感染
A49.801 大肠杆菌感染
A49.815 肺炎克雷伯杆菌感染
A49.900 细菌性感染
A49.901 菌血症","/
03.3101 腰椎穿刺术
33.2400x002 支气管镜下诊断性支气管肺泡灌洗[BAL]
33.2600x002 经皮针吸肺活检
97.6205 膀胱镜输尿管支架取出术",0.34,3303.12,,,6
764,TT15,进食及睡眠障碍，不伴合并症或并发症,"F50.000 神经性厌食
F50.401 心因性暴食
F50.502 神经性呕吐
G47.900 睡眠障碍","/
45.1300x004 胃-十二指肠镜检查",0.44,4279.56,,,9
765,VT11,医疗后遗症，伴严重合并症或并发症,"T81.000x001 操作后出血
T81.000x021 操作后宫颈出血
T81.000x039 肠造口出血
T81.005 手术后扁桃体出血
T81.022 手术后伤口出血
T81.024 手术后切口血肿
T81.407 手术后腹壁脓肿
T81.408 手术后腹内脓肿
T81.412 手术后发热
T81.800x017 手术后切口愈合不良
T81.811 手术后伤口愈合不良
T81.813 手术后皮肤坏死","/
54.0x00x004 腹壁脓肿切开引流术",0.78,7479.72,,,11
766,XR31,功能障碍康复，伴严重合并症或并发症,"R13.x00 吞咽困难
R47.801 言语不清
R47.802 言语障碍
R53.x00x001 肢体无力","/
42.2300x001 食管镜检查
42.2400x001 食管镜下活检
45.1300x004 胃-十二指肠镜检查",1.15,11063.01,,,16
767,XS21,随访（不含恶性肿瘤诊断)，伴严重合并症或并发症,"Z09.000x001 手术后随诊检查
Z09.001 肠镜下息肉切除术后,随诊检查
Z09.700 随诊检查,其他情况的联合治疗后的
Z09.900x001 治疗后的随诊检查
Z51.901 对症治疗","/
45.1300x004 胃-十二指肠镜检查
45.2302 电子结肠镜检查
95.0400 麻醉下眼检查",0.72,6979.86,,,5
768,AB19,肝移植,B67.500x001+K77.0* 肝泡型棘球蚴病,50.5901 原位肝移植,15.27,147094.58,,,17
769,CB50,"晶状体手术,年龄≤19岁","E11.302+H28.0* 2型糖尿病性白内障
E14.300x061+H28.0* 糖尿病性白内障
E88.906+H28.1* 代谢性白内障
H25.900 老年性白内障
H26.100 外伤性白内障
H26.200 并发性白内障
H27.000 无晶状体
H43.900 玻璃体疾患
T85.202 人工晶体移位","13.1901 白内障囊内冷凝摘出术
13.4100x001 白内障超声乳化抽吸术
13.7100x001 白内障摘除伴人工晶体一期置入术
13.7200x001 人工晶体二期置入术
13.8x00x003 人工晶体取出术
13.9000x007 人工晶体缝合术
13.9003 晶状体囊袋张力环植入术",0.99,9532.16,,,2
770,DD23,唇、腭裂修补术，伴合并症或并发症,G47.301 阻塞性睡眠呼吸暂停综合征,27.6902 腭咽成形术,1.23,11830.66,,,5
771,DH39,颞下颌关节手术,K07.604 颞颌关节炎,76.9601 颞下颌关节腔的灌洗治疗,2.8,27006.55,,,5
772,FB19,瓣膜手术伴冠脉手术,I25.103 冠状动脉粥样硬化性心脏病,36.1100 一根冠状动脉的(主动脉)冠状动脉旁路移植,19.91,191735.13,,,21
773,FD23,先天性心脏病常规手术，伴一般合并症或并发症,"I34.102 二尖瓣后叶脱垂
I48.900x004 心房颤动[心房纤颤]
Q21.000 室间隔缺损
Q21.100 房间隔缺损
Q21.102 房间隔缺损(继发孔型)","35.4200x008 房间隔穿刺术
35.5100x001 房间隔缺损人造补片修补术
35.6201 室间隔缺损组织补片修补术
35.7100x009 房间隔缺损修补术
35.7200x001 室间隔缺损修补术
37.3600x008 胸腔镜下左心耳结扎术",7.29,70202.2,,,15
774,FD25,先天性心脏病常规手术，不伴合并症或并发症,"I34.102 二尖瓣后叶脱垂
I48.900x004 心房颤动[心房纤颤]
Q21.000 室间隔缺损
Q21.100 房间隔缺损
Q21.102 房间隔缺损(继发孔型)","35.4200x008 房间隔穿刺术
35.5100x001 房间隔缺损人造补片修补术
35.6201 室间隔缺损组织补片修补术
35.7100x009 房间隔缺损修补术
35.7200x001 室间隔缺损修补术
37.3600x008 胸腔镜下左心耳结扎术",5.1,49087.3,,,9
775,FE15,大血管复杂手术，不伴严重合并症或并发症,"I35.100 主动脉瓣关闭不全
I35.808 主动脉瓣脱垂
I71.000x011 主动脉夹层A型
I71.201 升主动脉瘤","38.4500x010 全主动脉弓人工血管置换术
38.4503 主动脉瓣和升主动脉置换和冠脉移植术（Bentall手术）
38.4504 全主动脉弓人工血管置换并支架象鼻手术（Sun's手术）",18.7,180113.64,,,14
776,FK19,心脏循环辅助系统植入,I21.401 急性非ST段抬高型心肌梗死,37.6101 主动脉球囊反搏置入术,7.12,68555.54,,,9
777,FV10,"先天性心脏病,年龄≤12岁","I27.801 艾森门格综合征
Q21.000 室间隔缺损
Q21.101 中央型房间隔缺损(卵圆孔型)
Q21.102 房间隔缺损(继发孔型)
Q21.800 心间隔的其他先天性畸形
Q23.101 先天性主动脉瓣二叶瓣畸形
Q24.501 冠状动脉肌桥
Q24.806 心室肌致密化不全
Q25.000 动脉导管未闭
Q25.300 主动脉狭窄","/
03.3101 腰椎穿刺术
29.1100x002 纤维鼻咽镜检查
31.4200x003 纤维喉镜检查
38.9900x901 股静脉穿刺术
44.1300x001 胃镜检查
45.1300x004 胃-十二指肠镜检查
89.1301 脑干听觉诱发电位
93.5401 石膏夹板固定",1.62,15577.18,,,5
778,HL25,肝胆胰系统的诊断性操作，不伴合并症或并发症,"C24.000x007 肝门胆管恶性肿瘤
C24.002 胆管恶性肿瘤
C25.000 胰头恶性肿瘤
K80.302 胆总管结石伴胆管炎
K80.501 胆总管结石
K83.109 梗阻性黄疸
K86.901 胰腺肿物",51.1000 内镜逆行胰胆管造影[ERCP],2.21,21270.44,,,8
779,MJ15,其他男性生殖系统手术，不伴合并症或并发症,"N49.001 精囊炎
N50.800x027 精囊结石",60.7200x002 经尿道精囊镜精囊碎石取石术,0.52,5006.33,,,3
780,OJ11,与妊娠、分娩相关的其他手术操作，伴严重合并症或并发症,"O00.101 输卵管妊娠流产
O00.201 卵巢妊娠破裂
O00.807 子宫瘢痕处妊娠
O00.809 子宫角妊娠
O01.001 完全性葡萄胎
O01.101 部分性葡萄胎
O01.901 妊娠滋养细胞病
O02.100 稽留流产
O03.300 不完全性自然流产，伴有其他和未特指的并发症
O03.400x001 不完全自然流产
O04.401 不完全性药物流产
O04.901 中期人工流产
O04.905 早期人工流产
O08.803 流产后宫腔粘连
O13.x00 妊娠[妊娠引起的]高血压
O21.900 妊娠呕吐
O24.300x001 妊娠合并原有糖尿病
O24.400 妊娠期发生的糖尿病
O26.606 妊娠期肝内胆汁淤积症
O34.201 妊娠合并子宫瘢痕
O34.400x011 妊娠合并子宫颈环扎后
O34.800x014 妊娠合并卵巢囊肿蒂扭转
O34.800x018 妊娠合并卵巢黄体囊肿破裂
O42.000x001 足月胎膜早破(在24小时之内产程开始)
O69.101 脐带绕颈
O72.002 胎盘滞留伴出血
O72.100 即刻产后出血，其他的
O72.201 胎膜滞留伴出血
O72.202 延迟性产后出血
O73.000 胎盘滞留不伴有出血
O73.101 胎膜滞留不伴出血
O73.102 胎盘部分滞留不伴出血
O86.002 剖宫产后伤口感染","54.6101 腹壁切口裂开缝合术
65.2501 腹腔镜卵巢病损切除术
65.2503 腹腔镜卵巢黄体切除术
65.7900x009 腹腔镜下卵巢破裂止血术
68.2101 宫腔镜子宫内膜粘连松解术
68.3103 腹腔镜子宫楔形切除术
68.4100 腹腔镜经腹全子宫切除术
69.0100x002 人工流产钳刮术
69.0101 终止妊娠刮宫术
69.0200x003 流产后刮宫术
69.0201 人工流产后刮宫术
69.0202 分娩后刮宫术
69.5101 负压吸引人工流产术
69.5102 超声引导下负压吸引人工流产术
69.5103 宫腔镜电吸人流术
69.5201 分娩后电吸刮宫术
69.5901 电吸刮宫术
69.9600 去除子宫颈环扎材料
70.3301 阴道病损切除术",0.88,8514.03,,,4
781,RA49,骨髓增生性疾病或恶性增生性疾病等伴其他手术,C90.302 浆细胞瘤,34.2000 胸腔镜胸膜活组织检查,2.38,22917.72,,,15
782,RK15,急性白血病化学治疗和/或其他治疗，不伴合并症或并发症,"C91.000 急性淋巴细胞白血病
C91.007 成人Ph+急性淋巴细胞白血病（ALL）
C92.000 急性髓细胞白血病
C92.006 急性髓细胞白血病，M2型
C92.100x002 慢性粒细胞性白血病(急性变)
C92.400x011 急性早幼粒细胞白血病伴缓解(M3型)
C92.402 急性髓细胞白血病，M3型
C95.005 急性混合型单系白血病","99.2500x036 椎管内注射化疗药物
99.2503 静脉注射化疗药物",0.21,1996.79,,,1
783,TY19,强迫及相关障碍,F42.003 强迫状态,/,1.28,12363.84,,,19
784,VC11,与损伤有关的清创术，伴严重合并症或并发症,"S31.004 开放性臀部损伤
S31.005 开放性腰背部损伤
S41.700 肩和上臂多处开放性伤口
S51.000 肘开放性伤口
S51.700 前臂多处开放性伤口
S51.800x011 前臂开放性损伤伴骨折
S67.001 手指挤压伤
S71.100 大腿开放性伤口
S81.000 膝开放性伤口
S81.800x082 腘窝开放性损伤
S81.800x083 胫部开放性损伤
S81.900 小腿开放性伤口
S91.000 踝开放性伤口
S91.100 趾开放性伤口不伴有趾甲损坏
S91.200 趾开放性伤口伴有趾甲损坏
S97.100 足趾挤压伤
S98.200x002 多趾切断
T01.200x001 上肢多处开放性损伤
T01.300x001 下肢多处开放性损伤
T01.302 下肢多处裂伤
T81.800x017 手术后切口愈合不良
T81.810 手术后伤口持续性瘘","79.6400 手指开放性骨折部位的清创术
79.6800 趾开放性骨折部位的清创术
83.4501 肌肉清创术
86.2200x011 皮肤和皮下坏死组织切除清创术
86.2201 皮肤伤口切除性清创术",1.6,15458.85,,,14
785,XR19,精神心理康复,R41.001 意识错乱,38.9100 动脉导管插入术,0.1,985.5,,,4
786,BC15,脑室分流及翻修手术，不伴合并症或并发症,"G91.000 交通性脑积水
G91.100 梗阻性脑积水
G91.300 创伤后脑积水
G91.900 脑积水
I61.004 基底节出血
I61.400x001 小脑出血
I61.500x005 多个脑室出血
I61.500x008 脑室出血
I61.802 丘脑出血
I61.902 高血压脑出血","02.2101 脑室外引流[EVD]装置置入术
02.2205 侧脑室脑池造口引流术
02.3400x002 脑室-腹腔分流术
02.3401 侧脑室腹腔内分流术",,,,,
787,DD25,唇、腭裂修补术，不伴合并症或并发症,G47.301 阻塞性睡眠呼吸暂停综合征,27.6902 腭咽成形术,,,,,
788,DH43,颅面骨其他手术，伴合并症或并发症,K09.204 上颌骨囊肿,76.2x02 上颌骨病损切除术,,,,,
789,IC11,髋、肩、膝、肘和踝关节假体翻修/修正手术，伴严重合并症或并发症,"M00.900x051 感染性髋关节炎
M96.600x001 假体周围骨折
M96.600x002 股骨假体周围骨折
T84.000x005 人工髋关节置换术后髋臼松动
T84.000x008 人工膝关节置换术后假体松动
T84.002 髋关节假体松动
T84.004 膝关节假体障碍
T84.502 膝关节假体植入感染
T84.807 膝关节置换术后疼痛","00.7000x001 全髋关节假体翻修术
00.7100x001 髋关节髋臼假体翻修术
00.7200x001 髋关节股骨假体翻修术
00.7300x002 髋关节髋臼衬垫翻修术
00.8000x001 全膝关节假体翻修术
00.8100x001 膝关节胫骨假体翻修术
00.8201 膝关节置换修复术，股骨成分伴胫骨（衬垫）置入
00.8400x001 膝关节胫骨衬垫翻修术",,,,,
790,IE41,小关节手术，伴严重合并症或并发症,"M10.900x093 痛风石
M21.600x072 后天性踝变形
M71.309 足滑膜囊肿
M86.914 足部骨髓炎
M86.915 趾骨骨髓炎
Q69.900x002 多趾
S92.300x003 跖骨基底骨折
S93.101 趾关节脱位
S93.300x031 跗跖关节骨折脱位[Lisfranc骨折脱位]","79.7801 跖关节脱位闭合复位术
79.7802 趾关节脱位闭合性复位术
79.8803 跖跗关节脱位切开复位术
80.8801 趾关节病损切除术
81.1700x003 趾关节融合术
84.1101 趾关节离断术
84.1102 多趾截除术",,,,,
791,JC13,颜面及其他皮肤、皮下组织成形术，伴合并症或并发症,"L72.000 表皮囊肿
L72.902 面部囊肿
L82.x00 脂溢性角化病
R22.005 面部肿物","08.2001 眉部病损切除术
27.9900x005 面部病损切除术",,,,,
792,JD21,皮肤清创手术，伴严重合并症或并发症,"L02.200x010 胸壁脓肿
L02.402 下肢皮肤脓肿、疖和痈
L08.904 下肢皮肤感染
R22.002 头皮肿物
S80.100x002 小腿血肿",86.2200x011 皮肤和皮下坏死组织切除清创术,,,,,
793,MC10,"阴茎手术,年龄≤12岁","N47.x03 包皮粘连
N48.300 阴茎异常勃起
N48.802 包皮囊肿
N48.811 阴茎囊肿
N48.901 阴茎肿物
S39.904 阴茎损伤","64.2x00x002 包皮病损切除术
64.2x00x008 龟头病损切除术
64.2x01 阴茎病损切除术
64.4100 阴茎裂伤缝合术
64.4904 阴茎海绵体白膜修补术
64.9100x003 包皮粘连分离术
64.9802 阴茎海绵体冲洗术",,,,,
794,OT11,异位妊娠，伴严重合并症或并发症,"O00.100 输卵管妊娠
O00.101 输卵管妊娠流产
O00.107 输卵管间质部妊娠
O00.803 宫颈妊娠
O00.807 子宫瘢痕处妊娠
O00.809 子宫角妊娠
O00.900 异位妊娠
O00.901 持续性异位妊娠","/
68.1200x001 宫腔镜检查
69.0901 诊断性刮宫术
69.0902 宫腔镜诊断性刮宫术
70.0x00x002 后穹窿穿刺引流术",,,,,
795,TT21,人格障碍，伴严重合并症或并发症,"R46.200x002 行为异常
Z03.200 可疑精神和行为障碍的观察","/
03.3101 腰椎穿刺术",,,,,
796,UR11,酒精中毒及戒除，伴严重合并症或并发症,"F10.001 急性酒精中毒
F10.700x091 慢性酒精性脑综合征
F10.701 酒精中毒性痴呆
T51.001 酒精中毒","/
38.9800x001 动脉穿刺术",,,,,
797,ZC15,多发性严重创伤的脊柱、髋、股或肢体手术，不伴合并症或并发症,"S12.100 第二颈椎骨折
S12.200x041 颈椎骨折C6
S12.200x051 颈椎骨折C7
S14.101 颈部脊髓损伤
S22.000x051 胸椎骨折T9/T10
S22.000x061 胸椎骨折T11/T12
S22.100 胸椎多处骨折
S32.000x011 腰椎骨折L1
S32.000x021 腰椎骨折L2
S32.000x031 腰椎骨折L3
S32.000x041 腰椎骨折L4
S32.702 多发性腰椎骨折
S42.200x001 肱骨近端骨折
S52.110 开放性桡骨上端骨折
S72.000 股骨颈骨折
S72.101 股骨粗隆间骨折
S72.410 开放性股骨下端骨折","03.5302 颈椎骨折切开复位内固定术
03.5304 胸椎骨折切开复位内固定术
03.5305 腰椎骨折切开复位内固定术
79.6201 桡骨开放性骨折清创术
79.6500 股骨开放性骨折部位的清创术
80.9903 椎体次全切除伴椎间盘切除术
81.0200x001 前入路颈椎融合术
81.0502 胸腰椎融合术，后入路
81.5100 全髋关节置换
81.5200x004 人工双动股骨头置换术
81.5201 人工股骨头置换术
81.6600x002 腰椎骨折球囊扩张成形术
81.6600x003 胸椎骨折球囊扩张成形术
81.8101 人工肱骨头置换术",,,,,
